number,prob,support_paths_count,evidence_weight,prior_strength
0,0.009997015229064888,0,0.0,15.73633870002052
1,0.009997015229064888,0,0.0,15.73633870002052
2,0.009997015229064888,0,0.0,15.73633870002052
3,0.009997015229064888,0,0.0,15.73633870002052
4,0.009997015229064888,0,0.0,15.73633870002052
5,0.009997015229064888,0,0.0,15.73633870002052
6,0.009997015229064888,0,0.0,15.73633870002052
7,0.009997015229064888,0,0.0,15.73633870002052
8,0.009997015229064888,0,0.0,15.73633870002052
9,0.009997015229064888,0,0.0,15.73633870002052
10,0.009997015229064888,0,0.0,15.73633870002052
11,0.009997015229064888,0,0.0,15.73633870002052
12,0.009997015229064888,0,0.0,15.73633870002052
13,0.009997015229064888,0,0.0,15.73633870002052
14,0.009997015229064888,0,0.0,15.73633870002052
15,0.009997015229064888,0,0.0,15.73633870002052
16,0.009997015229064888,0,0.0,15.73633870002052
17,0.009997015229064888,0,0.0,15.73633870002052
18,0.009997015229064888,0,0.0,15.73633870002052
19,0.009997015229064888,0,0.0,15.73633870002052
20,0.009997015229064888,0,0.0,15.73633870002052
21,0.009997015229064888,0,0.0,15.73633870002052
22,0.009997015229064888,0,0.0,15.73633870002052
23,0.009997015229064888,0,0.0,15.73633870002052
24,0.009997015229064888,0,0.0,15.73633870002052
25,0.009997015229064888,0,0.0,15.73633870002052
26,0.009997015229064888,0,0.0,15.73633870002052
27,0.009997015229064888,0,0.0,15.73633870002052
28,0.009997015229064888,0,0.0,15.73633870002052
29,0.009997015229064888,0,0.0,15.73633870002052
30,0.009997015229064888,0,0.0,15.73633870002052
31,0.009997015229064888,0,0.0,15.73633870002052
32,0.009997015229064888,0,0.0,15.73633870002052
33,0.009997015229064888,0,0.0,15.73633870002052
34,0.009997015229064888,0,0.0,15.73633870002052
35,0.009997015229064888,0,0.0,15.73633870002052
36,0.009997015229064888,0,0.0,15.73633870002052
37,0.009997015229064888,0,0.0,15.73633870002052
38,0.009997015229064888,0,0.0,15.73633870002052
39,0.009997015229064888,0,0.0,15.73633870002052
40,0.009997015229064888,0,0.0,15.73633870002052
41,0.009997015229064888,0,0.0,15.73633870002052
42,0.009997015229064888,0,0.0,15.73633870002052
43,0.009997015229064888,0,0.0,15.73633870002052
44,0.009997015229064888,0,0.0,15.73633870002052
45,0.009997015229064888,0,0.0,15.73633870002052
46,0.009997015229064888,0,0.0,15.73633870002052
47,0.009997015229064888,0,0.0,15.73633870002052
48,0.01029549232257627,1,1.084285714285714,15.73633870002052
49,0.009997015229064888,0,0.0,15.73633870002052
50,0.009997015229064888,0,0.0,15.73633870002052
51,0.009997015229064888,0,0.0,15.73633870002052
52,0.009997015229064888,0,0.0,15.73633870002052
53,0.009997015229064888,0,0.0,15.73633870002052
54,0.009997015229064888,0,0.0,15.73633870002052
55,0.009997015229064888,0,0.0,15.73633870002052
56,0.009997015229064888,0,0.0,15.73633870002052
57,0.009997015229064888,0,0.0,15.73633870002052
58,0.009997015229064888,0,0.0,15.73633870002052
59,0.009997015229064888,0,0.0,15.73633870002052
60,0.009997015229064888,0,0.0,15.73633870002052
61,0.009997015229064888,0,0.0,15.73633870002052
62,0.009997015229064888,0,0.0,15.73633870002052
63,0.009997015229064888,0,0.0,15.73633870002052
64,0.009997015229064888,0,0.0,15.73633870002052
65,0.009997015229064888,0,0.0,15.73633870002052
66,0.009997015229064888,0,0.0,15.73633870002052
67,0.009997015229064888,0,0.0,15.73633870002052
68,0.009997015229064888,0,0.0,15.73633870002052
69,0.009997015229064888,0,0.0,15.73633870002052
70,0.009997015229064888,0,0.0,15.73633870002052
71,0.009997015229064888,0,0.0,15.73633870002052
72,0.009997015229064888,0,0.0,15.73633870002052
73,0.009997015229064888,0,0.0,15.73633870002052
74,0.009997015229064888,0,0.0,15.73633870002052
75,0.009997015229064888,0,0.0,15.73633870002052
76,0.009997015229064888,0,0.0,15.73633870002052
77,0.009997015229064888,0,0.0,15.73633870002052
78,0.009997015229064888,0,0.0,15.73633870002052
79,0.009997015229064888,0,0.0,15.73633870002052
80,0.009997015229064888,0,0.0,15.73633870002052
81,0.009997015229064888,0,0.0,15.73633870002052
82,0.009997015229064888,0,0.0,15.73633870002052
83,0.009997015229064888,0,0.0,15.73633870002052
84,0.009997015229064888,0,0.0,15.73633870002052
85,0.009997015229064888,0,0.0,15.73633870002052
86,0.009997015229064888,0,0.0,15.73633870002052
87,0.009997015229064888,0,0.0,15.73633870002052
88,0.009997015229064888,0,0.0,15.73633870002052
89,0.009997015229064888,0,0.0,15.73633870002052
90,0.009997015229064888,0,0.0,15.73633870002052
91,0.009997015229064888,0,0.0,15.73633870002052
92,0.009997015229064888,0,0.0,15.73633870002052
93,0.009997015229064888,0,0.0,15.73633870002052
94,0.009997015229064888,0,0.0,15.73633870002052
95,0.009997015229064888,0,0.0,15.73633870002052
96,0.009997015229064888,0,0.0,15.73633870002052
97,0.009997015229064888,0,0.0,15.73633870002052
98,0.009997015229064888,0,0.0,15.73633870002052
99,0.009997015229064888,0,0.0,15.73633870002052
