"period_kind","period_key","group_type","group_value","freq","rank_in_period_group"
"week","2025-W33","head",7,29,1
"week","2025-W33","head",8,29,1
"week","2025-W33","head",1,20,2
"week","2025-W33","head",5,20,2
"week","2025-W33","head",3,19,3
"week","2025-W33","head",9,19,3
"week","2025-W33","head",6,16,4
"week","2025-W33","head",4,14,5
"week","2025-W33","head",2,12,6
"week","2025-W33","head",0,11,7
"week","2025-W33","tail",1,24,1
"week","2025-W33","tail",5,22,2
"week","2025-W33","tail",4,21,3
"week","2025-W33","tail",7,21,3
"week","2025-W33","tail",0,18,4
"week","2025-W33","tail",2,17,5
"week","2025-W33","tail",3,17,5
"week","2025-W33","tail",8,17,5
"week","2025-W33","tail",6,16,6
"week","2025-W33","tail",9,16,6
"week","2025-W33","total",8,24,1
"week","2025-W33","total",1,22,2
"week","2025-W33","total",0,20,3
"week","2025-W33","total",4,20,3
"week","2025-W33","total",2,19,4
"week","2025-W33","total",3,19,4
"week","2025-W33","total",5,19,4
"week","2025-W33","total",7,17,5
"week","2025-W33","total",9,16,6
"week","2025-W33","total",6,13,7
"week","2025-W34","head",3,25,1
"week","2025-W34","head",6,23,2
"week","2025-W34","head",0,21,3
"week","2025-W34","head",8,21,3
"week","2025-W34","head",1,19,4
"week","2025-W34","head",5,19,4
"week","2025-W34","head",9,19,4
"week","2025-W34","head",2,15,5
"week","2025-W34","head",4,15,5
"week","2025-W34","head",7,12,6
"week","2025-W34","tail",3,29,1
"week","2025-W34","tail",1,25,2
"week","2025-W34","tail",2,22,3
"week","2025-W34","tail",4,22,3
"week","2025-W34","tail",7,18,4
"week","2025-W34","tail",5,15,5
"week","2025-W34","tail",6,15,5
"week","2025-W34","tail",8,15,5
"week","2025-W34","tail",0,14,6
"week","2025-W34","tail",9,14,6
"week","2025-W34","total",5,25,1
"week","2025-W34","total",0,24,2
"week","2025-W34","total",1,20,3
"week","2025-W34","total",3,20,3
"week","2025-W34","total",8,20,3
"week","2025-W34","total",9,18,4
"week","2025-W34","total",2,17,5
"week","2025-W34","total",4,17,5
"week","2025-W34","total",6,14,6
"week","2025-W34","total",7,14,6
"week","2025-W35","head",0,25,1
"week","2025-W35","head",2,25,1
"week","2025-W35","head",6,25,1
"week","2025-W35","head",4,22,2
"week","2025-W35","head",9,21,3
"week","2025-W35","head",8,18,4
"week","2025-W35","head",5,17,5
"week","2025-W35","head",3,13,6
"week","2025-W35","head",1,12,7
"week","2025-W35","head",7,11,8
"week","2025-W35","tail",2,28,1
"week","2025-W35","tail",6,26,2
"week","2025-W35","tail",7,22,3
"week","2025-W35","tail",3,19,4
"week","2025-W35","tail",9,18,5
"week","2025-W35","tail",0,16,6
"week","2025-W35","tail",1,16,6
"week","2025-W35","tail",5,15,7
"week","2025-W35","tail",8,15,7
"week","2025-W35","tail",4,14,8
"week","2025-W35","total",3,24,1
"week","2025-W35","total",7,24,1
"week","2025-W35","total",9,23,2
"week","2025-W35","total",2,22,3
"week","2025-W35","total",6,19,4
"week","2025-W35","total",0,17,5
"week","2025-W35","total",5,17,5
"week","2025-W35","total",4,16,6
"week","2025-W35","total",8,15,7
"week","2025-W35","total",1,12,8
"week","2025-W36","head",6,24,1
"week","2025-W36","head",0,22,2
"week","2025-W36","head",5,22,2
"week","2025-W36","head",9,20,3
"week","2025-W36","head",4,19,4
"week","2025-W36","head",8,18,5
"week","2025-W36","head",1,17,6
"week","2025-W36","head",3,17,6
"week","2025-W36","head",2,16,7
"week","2025-W36","head",7,14,8
"week","2025-W36","tail",5,26,1
"week","2025-W36","tail",8,22,2
"week","2025-W36","tail",3,21,3
"week","2025-W36","tail",9,20,4
"week","2025-W36","tail",0,18,5
"week","2025-W36","tail",4,18,5
"week","2025-W36","tail",1,17,6
"week","2025-W36","tail",7,17,6
"week","2025-W36","tail",6,16,7
"week","2025-W36","tail",2,14,8
"week","2025-W36","total",5,24,1
"week","2025-W36","total",9,24,1
"week","2025-W36","total",8,23,2
"week","2025-W36","total",6,22,3
"week","2025-W36","total",0,20,4
"week","2025-W36","total",7,17,5
"week","2025-W36","total",2,16,6
"week","2025-W36","total",3,16,6
"week","2025-W36","total",4,15,7
"week","2025-W36","total",1,12,8
"week","2025-W37","head",8,27,1
"week","2025-W37","head",2,26,2
"week","2025-W37","head",6,23,3
"week","2025-W37","head",1,20,4
"week","2025-W37","head",0,19,5
"week","2025-W37","head",3,19,5
"week","2025-W37","head",5,17,6
"week","2025-W37","head",4,14,7
"week","2025-W37","head",7,12,8
"week","2025-W37","head",9,12,8
"week","2025-W37","tail",2,26,1
"week","2025-W37","tail",3,25,2
"week","2025-W37","tail",4,24,3
"week","2025-W37","tail",8,20,4
"week","2025-W37","tail",9,19,5
"week","2025-W37","tail",0,17,6
"week","2025-W37","tail",1,17,6
"week","2025-W37","tail",5,14,7
"week","2025-W37","tail",6,14,7
"week","2025-W37","tail",7,13,8
"week","2025-W37","total",1,29,1
"week","2025-W37","total",5,25,2
"week","2025-W37","total",2,22,3
"week","2025-W37","total",6,19,4
"week","2025-W37","total",7,19,4
"week","2025-W37","total",8,18,5
"week","2025-W37","total",4,17,6
"week","2025-W37","total",9,14,7
"week","2025-W37","total",0,13,8
"week","2025-W37","total",3,13,8
"week","2025-W38","head",2,23,1
"week","2025-W38","head",7,22,2
"week","2025-W38","head",8,22,2
"week","2025-W38","head",4,20,3
"week","2025-W38","head",6,20,3
"week","2025-W38","head",9,19,4
"week","2025-W38","head",3,18,5
"week","2025-W38","head",1,17,6
"week","2025-W38","head",0,15,7
"week","2025-W38","head",5,13,8
"week","2025-W38","tail",3,24,1
"week","2025-W38","tail",4,23,2
"week","2025-W38","tail",2,21,3
"week","2025-W38","tail",0,19,4
"week","2025-W38","tail",6,19,4
"week","2025-W38","tail",9,18,5
"week","2025-W38","tail",1,17,6
"week","2025-W38","tail",5,17,6
"week","2025-W38","tail",8,17,6
"week","2025-W38","tail",7,14,7
"week","2025-W38","total",0,28,1
"week","2025-W38","total",5,22,2
"week","2025-W38","total",1,20,3
"week","2025-W38","total",6,20,3
"week","2025-W38","total",7,19,4
"week","2025-W38","total",4,18,5
"week","2025-W38","total",8,18,5
"week","2025-W38","total",3,16,6
"week","2025-W38","total",2,14,7
"week","2025-W38","total",9,14,7
"week","2025-W39","head",3,30,1
"week","2025-W39","head",8,20,2
"week","2025-W39","head",9,20,2
"week","2025-W39","head",0,19,3
"week","2025-W39","head",6,19,3
"week","2025-W39","head",1,18,4
"week","2025-W39","head",5,18,4
"week","2025-W39","head",7,18,4
"week","2025-W39","head",2,16,5
"week","2025-W39","head",4,11,6
"week","2025-W39","tail",9,25,1
"week","2025-W39","tail",1,20,2
"week","2025-W39","tail",4,20,2
"week","2025-W39","tail",5,20,2
"week","2025-W39","tail",7,19,3
"week","2025-W39","tail",3,18,4
"week","2025-W39","tail",8,18,4
"week","2025-W39","tail",0,17,5
"week","2025-W39","tail",2,16,6
"week","2025-W39","tail",6,16,6
"week","2025-W39","total",2,29,1
"week","2025-W39","total",4,24,2
"week","2025-W39","total",7,22,3
"week","2025-W39","total",3,19,4
"week","2025-W39","total",5,18,5
"week","2025-W39","total",1,17,6
"week","2025-W39","total",8,16,7
"week","2025-W39","total",9,16,7
"week","2025-W39","total",0,14,8
"week","2025-W39","total",6,14,8
"week","2025-W40","head",6,25,1
"week","2025-W40","head",0,22,2
"week","2025-W40","head",7,21,3
"week","2025-W40","head",8,21,3
"week","2025-W40","head",4,20,4
"week","2025-W40","head",5,20,4
"week","2025-W40","head",1,18,5
"week","2025-W40","head",3,15,6
"week","2025-W40","head",2,14,7
"week","2025-W40","head",9,13,8
"week","2025-W40","tail",7,25,1
"week","2025-W40","tail",4,23,2
"week","2025-W40","tail",5,23,2
"week","2025-W40","tail",6,22,3
"week","2025-W40","tail",9,22,3
"week","2025-W40","tail",2,17,4
"week","2025-W40","tail",8,17,4
"week","2025-W40","tail",0,16,5
"week","2025-W40","tail",3,14,6
"week","2025-W40","tail",1,10,7
"week","2025-W40","total",8,28,1
"week","2025-W40","total",5,25,2
"week","2025-W40","total",9,24,3
"week","2025-W40","total",4,23,4
"week","2025-W40","total",7,19,5
"week","2025-W40","total",1,17,6
"week","2025-W40","total",2,17,6
"week","2025-W40","total",3,14,7
"week","2025-W40","total",6,14,7
"week","2025-W40","total",0,8,8
"week","2025-W41","head",0,33,1
"week","2025-W41","head",4,26,2
"week","2025-W41","head",2,25,3
"week","2025-W41","head",6,23,4
"week","2025-W41","head",3,17,5
"week","2025-W41","head",9,16,6
"week","2025-W41","head",5,14,7
"week","2025-W41","head",7,13,8
"week","2025-W41","head",1,12,9
"week","2025-W41","head",8,10,10
"week","2025-W41","tail",2,26,1
"week","2025-W41","tail",1,22,2
"week","2025-W41","tail",3,21,3
"week","2025-W41","tail",4,20,4
"week","2025-W41","tail",8,20,4
"week","2025-W41","tail",0,18,5
"week","2025-W41","tail",5,18,5
"week","2025-W41","tail",7,15,6
"week","2025-W41","tail",9,15,6
"week","2025-W41","tail",6,14,7
"week","2025-W41","total",2,24,1
"week","2025-W41","total",0,22,2
"week","2025-W41","total",4,21,3
"week","2025-W41","total",9,21,3
"week","2025-W41","total",7,20,4
"week","2025-W41","total",1,19,5
"week","2025-W41","total",3,17,6
"week","2025-W41","total",6,17,6
"week","2025-W41","total",8,16,7
"week","2025-W41","total",5,12,8
"week","2025-W42","head",6,29,1
"week","2025-W42","head",0,25,2
"week","2025-W42","head",2,22,3
"week","2025-W42","head",7,21,4
"week","2025-W42","head",4,19,5
"week","2025-W42","head",3,18,6
"week","2025-W42","head",8,15,7
"week","2025-W42","head",1,14,8
"week","2025-W42","head",5,14,8
"week","2025-W42","head",9,12,9
"week","2025-W42","tail",2,23,1
"week","2025-W42","tail",8,23,1
"week","2025-W42","tail",5,22,2
"week","2025-W42","tail",0,20,3
"week","2025-W42","tail",3,20,3
"week","2025-W42","tail",7,20,3
"week","2025-W42","tail",6,19,4
"week","2025-W42","tail",9,18,5
"week","2025-W42","tail",1,14,6
"week","2025-W42","tail",4,10,7
"week","2025-W42","total",0,25,1
"week","2025-W42","total",2,24,2
"week","2025-W42","total",4,19,3
"week","2025-W42","total",6,19,3
"week","2025-W42","total",9,18,4
"week","2025-W42","total",3,17,5
"week","2025-W42","total",5,17,5
"week","2025-W42","total",7,17,5
"week","2025-W42","total",8,17,5
"week","2025-W42","total",1,16,6
"week","2025-W43","head",8,23,1
"week","2025-W43","head",7,22,2
"week","2025-W43","head",0,21,3
"week","2025-W43","head",6,21,3
"week","2025-W43","head",9,21,3
"week","2025-W43","head",4,20,4
"week","2025-W43","head",5,19,5
"week","2025-W43","head",2,17,6
"week","2025-W43","head",1,16,7
"week","2025-W43","head",3,9,8
"week","2025-W43","tail",9,22,1
"week","2025-W43","tail",5,21,2
"week","2025-W43","tail",2,20,3
"week","2025-W43","tail",8,20,3
"week","2025-W43","tail",7,19,4
"week","2025-W43","tail",0,18,5
"week","2025-W43","tail",1,18,5
"week","2025-W43","tail",4,18,5
"week","2025-W43","tail",6,18,5
"week","2025-W43","tail",3,15,6
"week","2025-W43","total",6,26,1
"week","2025-W43","total",1,25,2
"week","2025-W43","total",5,22,3
"week","2025-W43","total",0,18,4
"week","2025-W43","total",7,18,4
"week","2025-W43","total",8,17,5
"week","2025-W43","total",9,17,5
"week","2025-W43","total",2,16,6
"week","2025-W43","total",4,16,6
"week","2025-W43","total",3,14,7
"week","2025-W44","head",7,24,1
"week","2025-W44","head",1,22,2
"week","2025-W44","head",2,22,2
"week","2025-W44","head",6,22,2
"week","2025-W44","head",3,21,3
"week","2025-W44","head",4,17,4
"week","2025-W44","head",9,17,4
"week","2025-W44","head",5,16,5
"week","2025-W44","head",0,14,6
"week","2025-W44","head",8,14,6
"week","2025-W44","tail",2,25,1
"week","2025-W44","tail",6,24,2
"week","2025-W44","tail",4,22,3
"week","2025-W44","tail",1,21,4
"week","2025-W44","tail",9,21,4
"week","2025-W44","tail",3,20,5
"week","2025-W44","tail",7,17,6
"week","2025-W44","tail",8,17,6
"week","2025-W44","tail",5,13,7
"week","2025-W44","tail",0,9,8
"week","2025-W44","total",3,25,1
"week","2025-W44","total",1,22,2
"week","2025-W44","total",2,21,3
"week","2025-W44","total",8,21,3
"week","2025-W44","total",0,20,4
"week","2025-W44","total",5,17,5
"week","2025-W44","total",6,16,6
"week","2025-W44","total",7,16,6
"week","2025-W44","total",9,16,6
"week","2025-W44","total",4,15,7
"week","2025-W45","head",2,25,1
"week","2025-W45","head",8,25,1
"week","2025-W45","head",3,21,2
"week","2025-W45","head",9,21,2
"week","2025-W45","head",7,20,3
"week","2025-W45","head",1,17,4
"week","2025-W45","head",6,17,4
"week","2025-W45","head",5,15,5
"week","2025-W45","head",0,14,6
"week","2025-W45","head",4,14,6
"week","2025-W45","tail",3,25,1
"week","2025-W45","tail",2,22,2
"week","2025-W45","tail",9,20,3
"week","2025-W45","tail",1,19,4
"week","2025-W45","tail",4,19,4
"week","2025-W45","tail",6,19,4
"week","2025-W45","tail",8,19,4
"week","2025-W45","tail",0,18,5
"week","2025-W45","tail",7,16,6
"week","2025-W45","tail",5,12,7
"week","2025-W45","total",4,27,1
"week","2025-W45","total",8,25,2
"week","2025-W45","total",6,22,3
"week","2025-W45","total",9,21,4
"week","2025-W45","total",5,19,5
"week","2025-W45","total",2,16,6
"week","2025-W45","total",0,15,7
"week","2025-W45","total",1,15,7
"week","2025-W45","total",3,15,7
"week","2025-W45","total",7,14,8
"week","2025-W46","head",0,27,1
"week","2025-W46","head",7,24,2
"week","2025-W46","head",8,24,2
"week","2025-W46","head",4,23,3
"week","2025-W46","head",1,21,4
"week","2025-W46","head",6,21,4
"week","2025-W46","head",9,21,4
"week","2025-W46","head",5,11,5
"week","2025-W46","head",2,10,6
"week","2025-W46","head",3,7,7
"week","2025-W46","tail",5,27,1
"week","2025-W46","tail",4,25,2
"week","2025-W46","tail",3,21,3
"week","2025-W46","tail",7,20,4
"week","2025-W46","tail",1,18,5
"week","2025-W46","tail",8,18,5
"week","2025-W46","tail",0,17,6
"week","2025-W46","tail",6,16,7
"week","2025-W46","tail",2,14,8
"week","2025-W46","tail",9,13,9
"week","2025-W46","total",2,27,1
"week","2025-W46","total",1,24,2
"week","2025-W46","total",6,23,3
"week","2025-W46","total",8,23,3
"week","2025-W46","total",4,20,4
"week","2025-W46","total",9,20,4
"week","2025-W46","total",5,15,5
"week","2025-W46","total",0,13,6
"week","2025-W46","total",3,12,7
"week","2025-W46","total",7,12,7
"week","2025-W47","head",2,26,1
"week","2025-W47","head",3,25,2
"week","2025-W47","head",7,25,2
"week","2025-W47","head",4,22,3
"week","2025-W47","head",8,19,4
"week","2025-W47","head",5,17,5
"week","2025-W47","head",9,17,5
"week","2025-W47","head",0,13,6
"week","2025-W47","head",1,13,6
"week","2025-W47","head",6,12,7
"week","2025-W47","tail",3,28,1
"week","2025-W47","tail",4,23,2
"week","2025-W47","tail",5,21,3
"week","2025-W47","tail",9,20,4
"week","2025-W47","tail",1,19,5
"week","2025-W47","tail",6,19,5
"week","2025-W47","tail",0,16,6
"week","2025-W47","tail",7,16,6
"week","2025-W47","tail",2,14,7
"week","2025-W47","tail",8,13,8
"week","2025-W47","total",5,25,1
"week","2025-W47","total",1,22,2
"week","2025-W47","total",3,22,2
"week","2025-W47","total",7,21,3
"week","2025-W47","total",9,21,3
"week","2025-W47","total",6,18,4
"week","2025-W47","total",2,16,5
"week","2025-W47","total",8,16,5
"week","2025-W47","total",0,14,6
"week","2025-W47","total",4,14,6
"week","2025-W48","head",6,25,1
"week","2025-W48","head",9,25,1
"week","2025-W48","head",4,21,2
"week","2025-W48","head",7,21,2
"week","2025-W48","head",8,19,3
"week","2025-W48","head",3,18,4
"week","2025-W48","head",1,17,5
"week","2025-W48","head",2,15,6
"week","2025-W48","head",5,15,6
"week","2025-W48","head",0,13,7
"week","2025-W48","tail",8,27,1
"week","2025-W48","tail",4,23,2
"week","2025-W48","tail",0,22,3
"week","2025-W48","tail",2,22,3
"week","2025-W48","tail",6,20,4
"week","2025-W48","tail",1,17,5
"week","2025-W48","tail",3,17,5
"week","2025-W48","tail",7,16,6
"week","2025-W48","tail",9,14,7
"week","2025-W48","tail",5,11,8
"week","2025-W48","total",7,28,1
"week","2025-W48","total",6,26,2
"week","2025-W48","total",1,22,3
"week","2025-W48","total",3,20,4
"week","2025-W48","total",9,20,4
"week","2025-W48","total",0,19,5
"week","2025-W48","total",8,15,6
"week","2025-W48","total",2,13,7
"week","2025-W48","total",4,13,7
"week","2025-W48","total",5,13,7
"week","2025-W49","head",2,25,1
"week","2025-W49","head",3,24,2
"week","2025-W49","head",6,24,2
"week","2025-W49","head",1,23,3
"week","2025-W49","head",9,21,4
"week","2025-W49","head",7,18,5
"week","2025-W49","head",4,17,6
"week","2025-W49","head",8,15,7
"week","2025-W49","head",0,13,8
"week","2025-W49","head",5,9,9
"week","2025-W49","tail",1,28,1
"week","2025-W49","tail",5,24,2
"week","2025-W49","tail",2,23,3
"week","2025-W49","tail",6,21,4
"week","2025-W49","tail",4,19,5
"week","2025-W49","tail",7,16,6
"week","2025-W49","tail",8,16,6
"week","2025-W49","tail",9,16,6
"week","2025-W49","tail",0,15,7
"week","2025-W49","tail",3,11,8
"week","2025-W49","total",5,24,1
"week","2025-W49","total",0,23,2
"week","2025-W49","total",1,22,3
"week","2025-W49","total",8,22,3
"week","2025-W49","total",2,19,4
"week","2025-W49","total",7,19,4
"week","2025-W49","total",3,16,5
"week","2025-W49","total",6,16,5
"week","2025-W49","total",9,15,6
"week","2025-W49","total",4,13,7
"week","2025-W50","head",1,30,1
"week","2025-W50","head",3,25,2
"week","2025-W50","head",6,24,3
"week","2025-W50","head",0,23,4
"week","2025-W50","head",5,18,5
"week","2025-W50","head",7,17,6
"week","2025-W50","head",4,14,7
"week","2025-W50","head",8,13,8
"week","2025-W50","head",9,13,8
"week","2025-W50","head",2,12,9
"week","2025-W50","tail",2,23,1
"week","2025-W50","tail",8,23,1
"week","2025-W50","tail",3,19,2
"week","2025-W50","tail",4,19,2
"week","2025-W50","tail",6,19,2
"week","2025-W50","tail",0,18,3
"week","2025-W50","tail",5,18,3
"week","2025-W50","tail",9,18,3
"week","2025-W50","tail",1,16,4
"week","2025-W50","tail",7,16,4
"week","2025-W50","total",4,24,1
"week","2025-W50","total",6,23,2
"week","2025-W50","total",3,22,3
"week","2025-W50","total",5,22,3
"week","2025-W50","total",9,19,4
"week","2025-W50","total",7,18,5
"week","2025-W50","total",1,17,6
"week","2025-W50","total",0,16,7
"week","2025-W50","total",8,16,7
"week","2025-W50","total",2,12,8
"week","2025-W51","head",9,25,1
"week","2025-W51","head",7,23,2
"week","2025-W51","head",8,23,2
"week","2025-W51","head",5,21,3
"week","2025-W51","head",1,18,4
"week","2025-W51","head",3,18,4
"week","2025-W51","head",4,17,5
"week","2025-W51","head",0,16,6
"week","2025-W51","head",6,15,7
"week","2025-W51","head",2,13,8
"week","2025-W51","tail",5,24,1
"week","2025-W51","tail",6,22,2
"week","2025-W51","tail",8,22,2
"week","2025-W51","tail",2,20,3
"week","2025-W51","tail",3,19,4
"week","2025-W51","tail",4,18,5
"week","2025-W51","tail",9,17,6
"week","2025-W51","tail",1,16,7
"week","2025-W51","tail",7,16,7
"week","2025-W51","tail",0,15,8
"week","2025-W51","total",1,26,1
"week","2025-W51","total",3,21,2
"week","2025-W51","total",4,21,2
"week","2025-W51","total",9,20,3
"week","2025-W51","total",5,19,4
"week","2025-W51","total",8,19,4
"week","2025-W51","total",7,17,5
"week","2025-W51","total",0,16,6
"week","2025-W51","total",2,15,7
"week","2025-W51","total",6,15,7
"week","2025-W52","head",1,23,1
"week","2025-W52","head",9,23,1
"week","2025-W52","head",8,22,2
"week","2025-W52","head",7,21,3
"week","2025-W52","head",2,20,4
"week","2025-W52","head",5,18,5
"week","2025-W52","head",4,17,6
"week","2025-W52","head",6,16,7
"week","2025-W52","head",3,15,8
"week","2025-W52","head",0,14,9
"week","2025-W52","tail",7,26,1
"week","2025-W52","tail",8,23,2
"week","2025-W52","tail",0,21,3
"week","2025-W52","tail",3,19,4
"week","2025-W52","tail",1,18,5
"week","2025-W52","tail",2,18,5
"week","2025-W52","tail",5,17,6
"week","2025-W52","tail",9,17,6
"week","2025-W52","tail",4,15,7
"week","2025-W52","tail",6,15,7
"week","2025-W52","total",0,24,1
"week","2025-W52","total",3,22,2
"week","2025-W52","total",1,21,3
"week","2025-W52","total",8,20,4
"week","2025-W52","total",4,19,5
"week","2025-W52","total",6,19,5
"week","2025-W52","total",7,19,5
"week","2025-W52","total",9,17,6
"week","2025-W52","total",5,16,7
"week","2025-W52","total",2,12,8
"week","2026-W01","head",2,26,1
"week","2026-W01","head",5,26,1
"week","2026-W01","head",3,23,2
"week","2026-W01","head",6,19,3
"week","2026-W01","head",8,19,3
"week","2026-W01","head",4,17,4
"week","2026-W01","head",0,15,5
"week","2026-W01","head",1,15,5
"week","2026-W01","head",9,15,5
"week","2026-W01","head",7,14,6
"week","2026-W01","tail",2,27,1
"week","2026-W01","tail",1,24,2
"week","2026-W01","tail",8,23,3
"week","2026-W01","tail",9,20,4
"week","2026-W01","tail",4,19,5
"week","2026-W01","tail",7,17,6
"week","2026-W01","tail",5,16,7
"week","2026-W01","tail",6,16,7
"week","2026-W01","tail",3,15,8
"week","2026-W01","tail",0,12,9
"week","2026-W01","total",3,25,1
"week","2026-W01","total",4,21,2
"week","2026-W01","total",5,21,2
"week","2026-W01","total",7,21,2
"week","2026-W01","total",1,19,3
"week","2026-W01","total",6,17,4
"week","2026-W01","total",8,17,4
"week","2026-W01","total",9,17,4
"week","2026-W01","total",0,16,5
"week","2026-W01","total",2,15,6
"week","2026-W02","head",6,27,1
"week","2026-W02","head",4,24,2
"week","2026-W02","head",1,23,3
"week","2026-W02","head",2,21,4
"week","2026-W02","head",0,20,5
"week","2026-W02","head",3,16,6
"week","2026-W02","head",5,16,6
"week","2026-W02","head",7,16,6
"week","2026-W02","head",8,15,7
"week","2026-W02","head",9,11,8
"week","2026-W02","tail",8,26,1
"week","2026-W02","tail",7,24,2
"week","2026-W02","tail",3,22,3
"week","2026-W02","tail",5,22,3
"week","2026-W02","tail",2,20,4
"week","2026-W02","tail",6,19,5
"week","2026-W02","tail",4,17,6
"week","2026-W02","tail",0,15,7
"week","2026-W02","tail",9,13,8
"week","2026-W02","tail",1,11,9
"week","2026-W02","total",9,26,1
"week","2026-W02","total",1,21,2
"week","2026-W02","total",5,21,2
"week","2026-W02","total",7,21,2
"week","2026-W02","total",2,20,3
"week","2026-W02","total",3,19,4
"week","2026-W02","total",8,18,5
"week","2026-W02","total",4,17,6
"week","2026-W02","total",0,13,7
"week","2026-W02","total",6,13,7
"week","2026-W03","head",8,25,1
"week","2026-W03","head",9,21,2
"week","2026-W03","head",4,20,3
"week","2026-W03","head",5,20,3
"week","2026-W03","head",2,19,4
"week","2026-W03","head",3,19,4
"week","2026-W03","head",1,18,5
"week","2026-W03","head",7,17,6
"week","2026-W03","head",6,16,7
"week","2026-W03","head",0,14,8
"week","2026-W03","tail",4,28,1
"week","2026-W03","tail",7,22,2
"week","2026-W03","tail",1,19,3
"week","2026-W03","tail",9,19,3
"week","2026-W03","tail",2,17,4
"week","2026-W03","tail",3,17,4
"week","2026-W03","tail",5,17,4
"week","2026-W03","tail",6,17,4
"week","2026-W03","tail",8,17,4
"week","2026-W03","tail",0,16,5
"week","2026-W03","total",6,24,1
"week","2026-W03","total",8,24,1
"week","2026-W03","total",0,23,2
"week","2026-W03","total",3,21,3
"week","2026-W03","total",7,21,3
"week","2026-W03","total",1,20,4
"week","2026-W03","total",2,17,5
"week","2026-W03","total",5,15,6
"week","2026-W03","total",4,14,7
"week","2026-W03","total",9,10,8
"week","2026-W04","head",4,22,1
"week","2026-W04","head",5,21,2
"week","2026-W04","head",7,21,2
"week","2026-W04","head",9,21,2
"week","2026-W04","head",1,20,3
"week","2026-W04","head",6,20,3
"week","2026-W04","head",8,20,3
"week","2026-W04","head",2,18,4
"week","2026-W04","head",3,14,5
"week","2026-W04","head",0,12,6
"week","2026-W04","tail",9,30,1
"week","2026-W04","tail",6,22,2
"week","2026-W04","tail",0,21,3
"week","2026-W04","tail",2,21,3
"week","2026-W04","tail",3,19,4
"week","2026-W04","tail",4,19,4
"week","2026-W04","tail",1,16,5
"week","2026-W04","tail",7,14,6
"week","2026-W04","tail",8,14,6
"week","2026-W04","tail",5,13,7
"week","2026-W04","total",1,24,1
"week","2026-W04","total",8,24,1
"week","2026-W04","total",6,23,2
"week","2026-W04","total",3,19,3
"week","2026-W04","total",0,18,4
"week","2026-W04","total",4,18,4
"week","2026-W04","total",9,18,4
"week","2026-W04","total",2,15,5
"week","2026-W04","total",5,15,5
"week","2026-W04","total",7,15,5
"week","2026-W05","head",0,22,1
"week","2026-W05","head",8,22,1
"week","2026-W05","head",2,20,2
"week","2026-W05","head",6,20,2
"week","2026-W05","head",7,20,2
"week","2026-W05","head",5,19,3
"week","2026-W05","head",9,18,4
"week","2026-W05","head",3,17,5
"week","2026-W05","head",4,17,5
"week","2026-W05","head",1,14,6
"week","2026-W05","tail",1,24,1
"week","2026-W05","tail",5,22,2
"week","2026-W05","tail",7,22,2
"week","2026-W05","tail",9,22,2
"week","2026-W05","tail",0,21,3
"week","2026-W05","tail",4,21,3
"week","2026-W05","tail",2,19,4
"week","2026-W05","tail",3,19,4
"week","2026-W05","tail",6,10,5
"week","2026-W05","tail",8,9,6
"week","2026-W05","total",3,28,1
"week","2026-W05","total",5,24,2
"week","2026-W05","total",2,20,3
"week","2026-W05","total",1,19,4
"week","2026-W05","total",4,19,4
"week","2026-W05","total",6,19,4
"week","2026-W05","total",9,18,5
"week","2026-W05","total",8,15,6
"week","2026-W05","total",7,14,7
"week","2026-W05","total",0,13,8
"week","2026-W06","head",4,25,1
"week","2026-W06","head",1,22,2
"week","2026-W06","head",5,22,2
"week","2026-W06","head",6,20,3
"week","2026-W06","head",9,19,4
"week","2026-W06","head",2,17,5
"week","2026-W06","head",8,17,5
"week","2026-W06","head",3,16,6
"week","2026-W06","head",7,16,6
"week","2026-W06","head",0,15,7
"week","2026-W06","tail",2,24,1
"week","2026-W06","tail",1,22,2
"week","2026-W06","tail",8,22,2
"week","2026-W06","tail",7,21,3
"week","2026-W06","tail",9,21,3
"week","2026-W06","tail",0,19,4
"week","2026-W06","tail",5,17,5
"week","2026-W06","tail",3,16,6
"week","2026-W06","tail",6,14,7
"week","2026-W06","tail",4,13,8
"week","2026-W06","total",3,24,1
"week","2026-W06","total",7,24,1
"week","2026-W06","total",0,20,2
"week","2026-W06","total",5,20,2
"week","2026-W06","total",1,19,3
"week","2026-W06","total",6,19,3
"week","2026-W06","total",9,19,3
"week","2026-W06","total",2,16,4
"week","2026-W06","total",4,14,5
"week","2026-W06","total",8,14,5
"week","2026-W07","head",0,23,1
"week","2026-W07","head",5,22,2
"week","2026-W07","head",6,21,3
"week","2026-W07","head",3,20,4
"week","2026-W07","head",8,20,4
"week","2026-W07","head",7,19,5
"week","2026-W07","head",9,19,5
"week","2026-W07","head",1,18,6
"week","2026-W07","head",2,14,7
"week","2026-W07","head",4,13,8
"week","2026-W07","tail",3,25,1
"week","2026-W07","tail",9,25,1
"week","2026-W07","tail",7,22,2
"week","2026-W07","tail",1,21,3
"week","2026-W07","tail",5,21,3
"week","2026-W07","tail",2,17,4
"week","2026-W07","tail",0,16,5
"week","2026-W07","tail",4,16,5
"week","2026-W07","tail",8,14,6
"week","2026-W07","tail",6,12,7
"week","2026-W07","total",0,25,1
"week","2026-W07","total",7,23,2
"week","2026-W07","total",9,23,2
"week","2026-W07","total",3,21,3
"week","2026-W07","total",2,20,4
"week","2026-W07","total",4,20,4
"week","2026-W07","total",5,17,5
"week","2026-W07","total",1,16,6
"week","2026-W07","total",6,12,7
"week","2026-W07","total",8,12,7
"week","2026-W08","head",8,33,1
"week","2026-W08","head",6,29,2
"week","2026-W08","head",3,22,3
"week","2026-W08","head",0,21,4
"week","2026-W08","head",5,20,5
"week","2026-W08","head",1,19,6
"week","2026-W08","head",4,17,7
"week","2026-W08","head",7,14,8
"week","2026-W08","head",9,11,9
"week","2026-W08","head",2,3,10
"week","2026-W08","tail",1,29,1
"week","2026-W08","tail",4,29,1
"week","2026-W08","tail",5,24,2
"week","2026-W08","tail",2,20,3
"week","2026-W08","tail",7,18,4
"week","2026-W08","tail",9,18,4
"week","2026-W08","tail",3,17,5
"week","2026-W08","tail",6,13,6
"week","2026-W08","tail",0,11,7
"week","2026-W08","tail",8,10,8
"week","2026-W08","total",9,26,1
"week","2026-W08","total",6,25,2
"week","2026-W08","total",4,20,3
"week","2026-W08","total",8,20,3
"week","2026-W08","total",0,19,4
"week","2026-W08","total",3,18,5
"week","2026-W08","total",7,18,5
"week","2026-W08","total",1,16,6
"week","2026-W08","total",5,14,7
"week","2026-W08","total",2,13,8
"week","2026-W09","head",5,28,1
"week","2026-W09","head",0,26,2
"week","2026-W09","head",4,25,3
"week","2026-W09","head",9,23,4
"week","2026-W09","head",3,20,5
"week","2026-W09","head",6,17,6
"week","2026-W09","head",1,16,7
"week","2026-W09","head",2,14,8
"week","2026-W09","head",7,10,9
"week","2026-W09","head",8,10,9
"week","2026-W09","tail",2,23,1
"week","2026-W09","tail",7,22,2
"week","2026-W09","tail",8,21,3
"week","2026-W09","tail",1,19,4
"week","2026-W09","tail",4,19,4
"week","2026-W09","tail",3,18,5
"week","2026-W09","tail",5,18,5
"week","2026-W09","tail",6,18,5
"week","2026-W09","tail",0,17,6
"week","2026-W09","tail",9,14,7
"week","2026-W09","total",1,25,1
"week","2026-W09","total",8,24,2
"week","2026-W09","total",4,23,3
"week","2026-W09","total",9,21,4
"week","2026-W09","total",6,20,5
"week","2026-W09","total",3,17,6
"week","2026-W09","total",0,15,7
"week","2026-W09","total",2,15,7
"week","2026-W09","total",7,15,7
"week","2026-W09","total",5,14,8
"week","2026-W10","head",4,26,1
"week","2026-W10","head",7,21,2
"week","2026-W10","head",9,21,2
"week","2026-W10","head",0,19,3
"week","2026-W10","head",3,19,3
"week","2026-W10","head",8,19,3
"week","2026-W10","head",2,17,4
"week","2026-W10","head",6,17,4
"week","2026-W10","head",5,16,5
"week","2026-W10","head",1,14,6
"week","2026-W10","tail",1,28,1
"week","2026-W10","tail",5,24,2
"week","2026-W10","tail",8,22,3
"week","2026-W10","tail",2,21,4
"week","2026-W10","tail",9,20,5
"week","2026-W10","tail",0,18,6
"week","2026-W10","tail",7,17,7
"week","2026-W10","tail",4,16,8
"week","2026-W10","tail",3,15,9
"week","2026-W10","tail",6,8,10
"week","2026-W10","total",5,26,1
"week","2026-W10","total",0,22,2
"week","2026-W10","total",6,21,3
"week","2026-W10","total",8,20,4
"week","2026-W10","total",1,19,5
"week","2026-W10","total",3,19,5
"week","2026-W10","total",9,19,5
"week","2026-W10","total",4,16,6
"week","2026-W10","total",2,15,7
"week","2026-W10","total",7,12,8
"week","2026-W11","head",0,24,1
"week","2026-W11","head",9,23,2
"week","2026-W11","head",5,22,3
"week","2026-W11","head",3,21,4
"week","2026-W11","head",8,21,4
"week","2026-W11","head",6,19,5
"week","2026-W11","head",4,17,6
"week","2026-W11","head",2,16,7
"week","2026-W11","head",1,13,8
"week","2026-W11","head",7,13,8
"week","2026-W11","tail",0,27,1
"week","2026-W11","tail",8,24,2
"week","2026-W11","tail",7,23,3
"week","2026-W11","tail",6,19,4
"week","2026-W11","tail",4,18,5
"week","2026-W11","tail",1,17,6
"week","2026-W11","tail",9,17,6
"week","2026-W11","tail",2,16,7
"week","2026-W11","tail",3,15,8
"week","2026-W11","tail",5,13,9
"week","2026-W11","total",5,26,1
"week","2026-W11","total",1,21,2
"week","2026-W11","total",4,21,2
"week","2026-W11","total",0,20,3
"week","2026-W11","total",7,20,3
"week","2026-W11","total",6,18,4
"week","2026-W11","total",8,18,4
"week","2026-W11","total",9,18,4
"week","2026-W11","total",3,14,5
"week","2026-W11","total",2,13,6
"week","2026-W12","head",9,30,1
"week","2026-W12","head",5,22,2
"week","2026-W12","head",1,21,3
"week","2026-W12","head",2,19,4
"week","2026-W12","head",3,19,4
"week","2026-W12","head",6,19,4
"week","2026-W12","head",8,19,4
"week","2026-W12","head",7,15,5
"week","2026-W12","head",0,13,6
"week","2026-W12","head",4,12,7
"week","2026-W12","tail",0,24,1
"week","2026-W12","tail",4,23,2
"week","2026-W12","tail",1,22,3
"week","2026-W12","tail",2,21,4
"week","2026-W12","tail",6,20,5
"week","2026-W12","tail",3,19,6
"week","2026-W12","tail",7,18,7
"week","2026-W12","tail",5,15,8
"week","2026-W12","tail",8,14,9
"week","2026-W12","tail",9,13,10
"week","2026-W12","total",2,24,1
"week","2026-W12","total",6,24,1
"week","2026-W12","total",9,23,2
"week","2026-W12","total",7,22,3
"week","2026-W12","total",1,19,4
"week","2026-W12","total",0,18,5
"week","2026-W12","total",3,17,6
"week","2026-W12","total",8,16,7
"week","2026-W12","total",4,13,8
"week","2026-W12","total",5,13,8
"week","2026-W13","head",8,25,1
"week","2026-W13","head",2,23,2
"week","2026-W13","head",3,22,3
"week","2026-W13","head",1,21,4
"week","2026-W13","head",9,21,4
"week","2026-W13","head",6,18,5
"week","2026-W13","head",0,17,6
"week","2026-W13","head",5,16,7
"week","2026-W13","head",7,14,8
"week","2026-W13","head",4,12,9
"week","2026-W13","tail",1,23,1
"week","2026-W13","tail",4,22,2
"week","2026-W13","tail",0,20,3
"week","2026-W13","tail",2,19,4
"week","2026-W13","tail",5,19,4
"week","2026-W13","tail",6,19,4
"week","2026-W13","tail",8,19,4
"week","2026-W13","tail",9,18,5
"week","2026-W13","tail",7,16,6
"week","2026-W13","tail",3,14,7
"week","2026-W13","total",9,23,1
"week","2026-W13","total",3,22,2
"week","2026-W13","total",4,22,2
"week","2026-W13","total",2,21,3
"week","2026-W13","total",7,20,4
"week","2026-W13","total",5,19,5
"week","2026-W13","total",6,19,5
"week","2026-W13","total",1,18,6
"week","2026-W13","total",0,16,7
"week","2026-W13","total",8,9,8
"week","2026-W14","head",5,24,1
"week","2026-W14","head",4,22,2
"week","2026-W14","head",2,21,3
"week","2026-W14","head",6,21,3
"week","2026-W14","head",0,19,4
"week","2026-W14","head",7,19,4
"week","2026-W14","head",9,19,4
"week","2026-W14","head",3,18,5
"week","2026-W14","head",1,14,6
"week","2026-W14","head",8,12,7
"week","2026-W14","tail",1,28,1
"week","2026-W14","tail",9,24,2
"week","2026-W14","tail",0,21,3
"week","2026-W14","tail",8,20,4
"week","2026-W14","tail",4,18,5
"week","2026-W14","tail",6,17,6
"week","2026-W14","tail",2,16,7
"week","2026-W14","tail",3,15,8
"week","2026-W14","tail",5,15,8
"week","2026-W14","tail",7,15,8
"week","2026-W14","total",7,28,1
"week","2026-W14","total",4,21,2
"week","2026-W14","total",0,20,3
"week","2026-W14","total",3,20,3
"week","2026-W14","total",6,18,4
"week","2026-W14","total",2,17,5
"week","2026-W14","total",9,17,5
"week","2026-W14","total",1,16,6
"week","2026-W14","total",5,16,6
"week","2026-W14","total",8,16,6
"week","2026-W15","head",3,28,1
"week","2026-W15","head",9,22,2
"week","2026-W15","head",0,21,3
"week","2026-W15","head",7,21,3
"week","2026-W15","head",2,20,4
"week","2026-W15","head",6,19,5
"week","2026-W15","head",8,16,6
"week","2026-W15","head",1,15,7
"week","2026-W15","head",4,15,7
"week","2026-W15","head",5,12,8
"week","2026-W15","tail",7,27,1
"week","2026-W15","tail",2,24,2
"week","2026-W15","tail",0,23,3
"week","2026-W15","tail",3,20,4
"week","2026-W15","tail",1,19,5
"week","2026-W15","tail",5,19,5
"week","2026-W15","tail",9,18,6
"week","2026-W15","tail",4,16,7
"week","2026-W15","tail",8,13,8
"week","2026-W15","tail",6,10,9
"week","2026-W15","total",5,26,1
"week","2026-W15","total",4,24,2
"week","2026-W15","total",8,21,3
"week","2026-W15","total",0,20,4
"week","2026-W15","total",1,20,4
"week","2026-W15","total",6,19,5
"week","2026-W15","total",3,16,6
"week","2026-W15","total",7,16,6
"week","2026-W15","total",9,15,7
"week","2026-W15","total",2,12,8
"week","2026-W16","head",1,31,1
"week","2026-W16","head",6,27,2
"week","2026-W16","head",7,23,3
"week","2026-W16","head",2,17,4
"week","2026-W16","head",4,16,5
"week","2026-W16","head",5,16,5
"week","2026-W16","head",9,16,5
"week","2026-W16","head",3,15,6
"week","2026-W16","head",0,14,7
"week","2026-W16","head",8,14,7
"week","2026-W16","tail",3,23,1
"week","2026-W16","tail",9,23,1
"week","2026-W16","tail",0,21,2
"week","2026-W16","tail",1,21,2
"week","2026-W16","tail",5,21,2
"week","2026-W16","tail",8,21,2
"week","2026-W16","tail",2,19,3
"week","2026-W16","tail",4,14,4
"week","2026-W16","tail",6,14,4
"week","2026-W16","tail",7,12,5
"week","2026-W16","total",9,27,1
"week","2026-W16","total",0,22,2
"week","2026-W16","total",4,21,3
"week","2026-W16","total",6,21,3
"week","2026-W16","total",1,17,4
"week","2026-W16","total",2,17,4
"week","2026-W16","total",3,17,4
"week","2026-W16","total",5,17,4
"week","2026-W16","total",7,15,5
"week","2026-W16","total",8,15,5
"week","2026-W17","head",0,26,1
"week","2026-W17","head",7,24,2
"week","2026-W17","head",9,24,2
"week","2026-W17","head",2,21,3
"week","2026-W17","head",3,18,4
"week","2026-W17","head",4,18,4
"week","2026-W17","head",6,18,4
"week","2026-W17","head",5,14,5
"week","2026-W17","head",1,13,6
"week","2026-W17","head",8,13,6
"week","2026-W17","tail",1,24,1
"week","2026-W17","tail",9,23,2
"week","2026-W17","tail",5,21,3
"week","2026-W17","tail",6,20,4
"week","2026-W17","tail",7,19,5
"week","2026-W17","tail",4,18,6
"week","2026-W17","tail",2,17,7
"week","2026-W17","tail",3,17,7
"week","2026-W17","tail",8,17,7
"week","2026-W17","tail",0,13,8
"week","2026-W17","total",2,30,1
"week","2026-W17","total",7,22,2
"week","2026-W17","total",0,20,3
"week","2026-W17","total",9,20,3
"week","2026-W17","total",8,19,4
"week","2026-W17","total",5,18,5
"week","2026-W17","total",6,17,6
"week","2026-W17","total",4,16,7
"week","2026-W17","total",3,15,8
"week","2026-W17","total",1,12,9
"week","2026-W18","head",5,27,1
"week","2026-W18","head",9,23,2
"week","2026-W18","head",2,22,3
"week","2026-W18","head",3,22,3
"week","2026-W18","head",4,21,4
"week","2026-W18","head",8,21,4
"week","2026-W18","head",7,17,5
"week","2026-W18","head",6,14,6
"week","2026-W18","head",0,12,7
"week","2026-W18","head",1,10,8
"week","2026-W18","tail",4,34,1
"week","2026-W18","tail",7,28,2
"week","2026-W18","tail",8,23,3
"week","2026-W18","tail",1,18,4
"week","2026-W18","tail",2,18,4
"week","2026-W18","tail",9,16,5
"week","2026-W18","tail",0,14,6
"week","2026-W18","tail",5,14,6
"week","2026-W18","tail",6,14,6
"week","2026-W18","tail",3,10,7
"week","2026-W18","total",0,31,1
"week","2026-W18","total",2,25,2
"week","2026-W18","total",9,24,3
"week","2026-W18","total",5,23,4
"week","2026-W18","total",6,20,5
"week","2026-W18","total",3,17,6
"week","2026-W18","total",4,15,7
"week","2026-W18","total",7,12,8
"week","2026-W18","total",1,11,9
"week","2026-W18","total",8,11,9
"week","2026-W19","head",1,29,1
"week","2026-W19","head",9,28,2
"week","2026-W19","head",5,25,3
"week","2026-W19","head",6,25,3
"week","2026-W19","head",4,23,4
"week","2026-W19","head",8,16,5
"week","2026-W19","head",2,13,6
"week","2026-W19","head",7,11,7
"week","2026-W19","head",0,10,8
"week","2026-W19","head",3,9,9
"week","2026-W19","tail",5,27,1
"week","2026-W19","tail",7,25,2
"week","2026-W19","tail",1,23,3
"week","2026-W19","tail",2,23,3
"week","2026-W19","tail",0,20,4
"week","2026-W19","tail",3,17,5
"week","2026-W19","tail",6,17,5
"week","2026-W19","tail",4,15,6
"week","2026-W19","tail",9,14,7
"week","2026-W19","tail",8,8,8
"week","2026-W19","total",5,25,1
"week","2026-W19","total",6,23,2
"week","2026-W19","total",7,22,3
"week","2026-W19","total",8,22,3
"week","2026-W19","total",1,21,4
"week","2026-W19","total",4,17,5
"week","2026-W19","total",2,16,6
"week","2026-W19","total",3,16,6
"week","2026-W19","total",9,14,7
"week","2026-W19","total",0,13,8
"week","2026-W20","head",1,22,1
"week","2026-W20","head",4,22,1
"week","2026-W20","head",8,21,2
"week","2026-W20","head",9,20,3
"week","2026-W20","head",6,19,4
"week","2026-W20","head",7,19,4
"week","2026-W20","head",0,18,5
"week","2026-W20","head",3,17,6
"week","2026-W20","head",5,16,7
"week","2026-W20","head",2,15,8
"week","2026-W20","tail",4,26,1
"week","2026-W20","tail",3,22,2
"week","2026-W20","tail",1,21,3
"week","2026-W20","tail",8,21,3
"week","2026-W20","tail",6,20,4
"week","2026-W20","tail",2,19,5
"week","2026-W20","tail",7,18,6
"week","2026-W20","tail",0,15,7
"week","2026-W20","tail",9,15,7
"week","2026-W20","tail",5,12,8
"week","2026-W20","total",1,23,1
"week","2026-W20","total",7,23,1
"week","2026-W20","total",6,22,2
"week","2026-W20","total",0,19,3
"week","2026-W20","total",3,19,3
"week","2026-W20","total",4,18,4
"week","2026-W20","total",8,18,4
"week","2026-W20","total",9,17,5
"week","2026-W20","total",2,16,6
"week","2026-W20","total",5,14,7
"week","2026-W21","head",8,29,1
"week","2026-W21","head",1,23,2
"week","2026-W21","head",5,22,3
"week","2026-W21","head",2,19,4
"week","2026-W21","head",3,19,4
"week","2026-W21","head",0,18,5
"week","2026-W21","head",7,18,5
"week","2026-W21","head",9,17,6
"week","2026-W21","head",6,13,7
"week","2026-W21","head",4,11,8
"week","2026-W21","tail",8,23,1
"week","2026-W21","tail",3,22,2
"week","2026-W21","tail",4,22,2
"week","2026-W21","tail",5,22,2
"week","2026-W21","tail",6,21,3
"week","2026-W21","tail",0,19,4
"week","2026-W21","tail",2,18,5
"week","2026-W21","tail",1,16,6
"week","2026-W21","tail",7,13,7
"week","2026-W21","tail",9,13,7
"week","2026-W21","total",4,26,1
"week","2026-W21","total",3,23,2
"week","2026-W21","total",9,20,3
"week","2026-W21","total",1,19,4
"week","2026-W21","total",5,18,5
"week","2026-W21","total",8,18,5
"week","2026-W21","total",0,17,6
"week","2026-W21","total",6,17,6
"week","2026-W21","total",2,16,7
"week","2026-W21","total",7,15,8
"week","2026-W22","head",1,31,1
"week","2026-W22","head",5,23,2
"week","2026-W22","head",7,22,3
"week","2026-W22","head",4,21,4
"week","2026-W22","head",9,19,5
"week","2026-W22","head",2,17,6
"week","2026-W22","head",6,16,7
"week","2026-W22","head",8,15,8
"week","2026-W22","head",0,14,9
"week","2026-W22","head",3,11,10
"week","2026-W22","tail",6,27,1
"week","2026-W22","tail",0,25,2
"week","2026-W22","tail",1,24,3
"week","2026-W22","tail",3,21,4
"week","2026-W22","tail",4,18,5
"week","2026-W22","tail",8,17,6
"week","2026-W22","tail",7,16,7
"week","2026-W22","tail",9,15,8
"week","2026-W22","tail",2,14,9
"week","2026-W22","tail",5,12,10
"week","2026-W22","total",9,27,1
"week","2026-W22","total",0,21,2
"week","2026-W22","total",2,21,2
"week","2026-W22","total",5,21,2
"week","2026-W22","total",3,19,3
"week","2026-W22","total",4,19,3
"week","2026-W22","total",1,18,4
"week","2026-W22","total",6,15,5
"week","2026-W22","total",7,15,5
"week","2026-W22","total",8,13,6
"week","2026-W23","head",7,29,1
"week","2026-W23","head",5,23,2
"week","2026-W23","head",3,22,3
"week","2026-W23","head",1,20,4
"week","2026-W23","head",6,19,5
"week","2026-W23","head",4,18,6
"week","2026-W23","head",9,17,7
"week","2026-W23","head",0,14,8
"week","2026-W23","head",2,14,8
"week","2026-W23","head",8,13,9
"week","2026-W23","tail",8,23,1
"week","2026-W23","tail",2,22,2
"week","2026-W23","tail",3,21,3
"week","2026-W23","tail",6,20,4
"week","2026-W23","tail",5,19,5
"week","2026-W23","tail",0,18,6
"week","2026-W23","tail",4,18,6
"week","2026-W23","tail",7,18,6
"week","2026-W23","tail",1,17,7
"week","2026-W23","tail",9,13,8
"week","2026-W23","total",1,22,1
"week","2026-W23","total",3,22,1
"week","2026-W23","total",7,20,2
"week","2026-W23","total",5,19,3
"week","2026-W23","total",4,18,4
"week","2026-W23","total",6,18,4
"week","2026-W23","total",8,18,4
"week","2026-W23","total",9,18,4
"week","2026-W23","total",0,17,5
"week","2026-W23","total",2,17,5
"week","2026-W24","head",0,22,1
"week","2026-W24","head",7,21,2
"week","2026-W24","head",1,20,3
"week","2026-W24","head",2,20,3
"week","2026-W24","head",3,20,3
"week","2026-W24","head",8,20,3
"week","2026-W24","head",5,19,4
"week","2026-W24","head",4,17,5
"week","2026-W24","head",9,16,6
"week","2026-W24","head",6,14,7
"week","2026-W24","tail",2,22,1
"week","2026-W24","tail",8,22,1
"week","2026-W24","tail",9,22,1
"week","2026-W24","tail",0,21,2
"week","2026-W24","tail",1,19,3
"week","2026-W24","tail",6,19,3
"week","2026-W24","tail",4,17,4
"week","2026-W24","tail",7,17,4
"week","2026-W24","tail",3,15,5
"week","2026-W24","tail",5,15,5
"week","2026-W24","total",5,26,1
"week","2026-W24","total",0,22,2
"week","2026-W24","total",3,21,3
"week","2026-W24","total",2,20,4
"week","2026-W24","total",7,19,5
"week","2026-W24","total",1,18,6
"week","2026-W24","total",4,18,6
"week","2026-W24","total",8,18,6
"week","2026-W24","total",9,18,6
"week","2026-W24","total",6,9,7
"week","2026-W25","head",8,22,1
"week","2026-W25","head",0,21,2
"week","2026-W25","head",2,21,2
"week","2026-W25","head",6,21,2
"week","2026-W25","head",3,20,3
"week","2026-W25","head",4,19,4
"week","2026-W25","head",9,19,4
"week","2026-W25","head",5,18,5
"week","2026-W25","head",1,16,6
"week","2026-W25","head",7,12,7
"week","2026-W25","tail",5,29,1
"week","2026-W25","tail",1,27,2
"week","2026-W25","tail",3,23,3
"week","2026-W25","tail",6,20,4
"week","2026-W25","tail",4,19,5
"week","2026-W25","tail",2,16,6
"week","2026-W25","tail",7,16,6
"week","2026-W25","tail",0,14,7
"week","2026-W25","tail",9,14,7
"week","2026-W25","tail",8,11,8
"week","2026-W25","total",4,23,1
"week","2026-W25","total",0,22,2
"week","2026-W25","total",1,22,2
"week","2026-W25","total",5,22,2
"week","2026-W25","total",3,20,3
"week","2026-W25","total",7,19,4
"week","2026-W25","total",6,17,5
"week","2026-W25","total",9,17,5
"week","2026-W25","total",8,15,6
"week","2026-W25","total",2,12,7
"week","2026-W26","head",8,26,1
"week","2026-W26","head",9,25,2
"week","2026-W26","head",5,24,3
"week","2026-W26","head",4,23,4
"week","2026-W26","head",3,20,5
"week","2026-W26","head",0,19,6
"week","2026-W26","head",6,19,6
"week","2026-W26","head",2,14,7
"week","2026-W26","head",1,12,8
"week","2026-W26","head",7,7,9
"week","2026-W26","tail",7,27,1
"week","2026-W26","tail",5,25,2
"week","2026-W26","tail",3,22,3
"week","2026-W26","tail",6,20,4
"week","2026-W26","tail",2,19,5
"week","2026-W26","tail",0,18,6
"week","2026-W26","tail",8,16,7
"week","2026-W26","tail",1,15,8
"week","2026-W26","tail",9,14,9
"week","2026-W26","tail",4,13,10
"week","2026-W26","total",1,24,1
"week","2026-W26","total",9,23,2
"week","2026-W26","total",3,21,3
"week","2026-W26","total",0,19,4
"week","2026-W26","total",2,19,4
"week","2026-W26","total",6,19,4
"week","2026-W26","total",7,19,4
"week","2026-W26","total",4,16,5
"week","2026-W26","total",5,16,5
"week","2026-W26","total",8,13,6
"week","2026-W27","head",3,26,1
"week","2026-W27","head",5,22,2
"week","2026-W27","head",7,22,2
"week","2026-W27","head",1,20,3
"week","2026-W27","head",9,19,4
"week","2026-W27","head",0,17,5
"week","2026-W27","head",2,17,5
"week","2026-W27","head",8,17,5
"week","2026-W27","head",6,15,6
"week","2026-W27","head",4,14,7
"week","2026-W27","tail",0,24,1
"week","2026-W27","tail",1,22,2
"week","2026-W27","tail",3,20,3
"week","2026-W27","tail",4,20,3
"week","2026-W27","tail",7,20,3
"week","2026-W27","tail",8,20,3
"week","2026-W27","tail",9,19,4
"week","2026-W27","tail",2,17,5
"week","2026-W27","tail",5,17,5
"week","2026-W27","tail",6,10,6
"week","2026-W27","total",6,30,1
"week","2026-W27","total",4,27,2
"week","2026-W27","total",8,22,3
"week","2026-W27","total",9,22,3
"week","2026-W27","total",1,19,4
"week","2026-W27","total",0,15,5
"week","2026-W27","total",5,15,5
"week","2026-W27","total",7,15,5
"week","2026-W27","total",2,12,6
"week","2026-W27","total",3,12,6
"week","2026-W28","head",6,23,1
"week","2026-W28","head",8,22,2
"week","2026-W28","head",2,21,3
"week","2026-W28","head",1,20,4
"week","2026-W28","head",3,19,5
"week","2026-W28","head",0,18,6
"week","2026-W28","head",9,18,6
"week","2026-W28","head",5,17,7
"week","2026-W28","head",7,17,7
"week","2026-W28","head",4,14,8
"week","2026-W28","tail",0,26,1
"week","2026-W28","tail",3,24,2
"week","2026-W28","tail",1,23,3
"week","2026-W28","tail",6,23,3
"week","2026-W28","tail",9,20,4
"week","2026-W28","tail",4,19,5
"week","2026-W28","tail",7,17,6
"week","2026-W28","tail",2,15,7
"week","2026-W28","tail",5,13,8
"week","2026-W28","tail",8,9,9
"week","2026-W28","total",0,26,1
"week","2026-W28","total",5,23,2
"week","2026-W28","total",4,22,3
"week","2026-W28","total",9,21,4
"week","2026-W28","total",8,20,5
"week","2026-W28","total",7,18,6
"week","2026-W28","total",1,16,7
"week","2026-W28","total",2,15,8
"week","2026-W28","total",3,14,9
"week","2026-W28","total",6,14,9
"week","2026-W29","head",6,23,1
"week","2026-W29","head",8,23,1
"week","2026-W29","head",1,21,2
"week","2026-W29","head",3,21,2
"week","2026-W29","head",5,21,2
"week","2026-W29","head",4,19,3
"week","2026-W29","head",7,19,3
"week","2026-W29","head",9,17,4
"week","2026-W29","head",0,15,5
"week","2026-W29","head",2,10,6
"week","2026-W29","tail",2,23,1
"week","2026-W29","tail",3,22,2
"week","2026-W29","tail",7,21,3
"week","2026-W29","tail",9,21,3
"week","2026-W29","tail",5,20,4
"week","2026-W29","tail",0,19,5
"week","2026-W29","tail",6,18,6
"week","2026-W29","tail",8,17,7
"week","2026-W29","tail",1,14,8
"week","2026-W29","tail",4,14,8
"week","2026-W29","total",1,24,1
"week","2026-W29","total",4,21,2
"week","2026-W29","total",8,21,2
"week","2026-W29","total",0,20,3
"week","2026-W29","total",2,19,4
"week","2026-W29","total",6,19,4
"week","2026-W29","total",9,19,4
"week","2026-W29","total",3,18,5
"week","2026-W29","total",5,17,6
"week","2026-W29","total",7,11,7
"week","2026-W30","head",6,27,1
"week","2026-W30","head",8,26,2
"week","2026-W30","head",7,20,3
"week","2026-W30","head",0,18,4
"week","2026-W30","head",1,18,4
"week","2026-W30","head",9,18,4
"week","2026-W30","head",4,17,5
"week","2026-W30","head",5,17,5
"week","2026-W30","head",3,16,6
"week","2026-W30","head",2,12,7
"week","2026-W30","tail",5,24,1
"week","2026-W30","tail",8,22,2
"week","2026-W30","tail",4,21,3
"week","2026-W30","tail",9,21,3
"week","2026-W30","tail",7,19,4
"week","2026-W30","tail",0,18,5
"week","2026-W30","tail",2,18,5
"week","2026-W30","tail",6,17,6
"week","2026-W30","tail",3,16,7
"week","2026-W30","tail",1,13,8
"week","2026-W30","total",1,23,1
"week","2026-W30","total",7,23,1
"week","2026-W30","total",8,22,2
"week","2026-W30","total",9,22,2
"week","2026-W30","total",5,19,3
"week","2026-W30","total",2,18,4
"week","2026-W30","total",0,17,5
"week","2026-W30","total",3,17,5
"week","2026-W30","total",6,17,5
"week","2026-W30","total",4,11,6
"week","2026-W31","head",9,24,1
"week","2026-W31","head",3,22,2
"week","2026-W31","head",6,22,2
"week","2026-W31","head",0,21,3
"week","2026-W31","head",5,21,3
"week","2026-W31","head",1,18,4
"week","2026-W31","head",2,18,4
"week","2026-W31","head",4,17,5
"week","2026-W31","head",8,17,5
"week","2026-W31","head",7,9,6
"week","2026-W31","tail",0,23,1
"week","2026-W31","tail",2,23,1
"week","2026-W31","tail",4,21,2
"week","2026-W31","tail",5,21,2
"week","2026-W31","tail",3,19,3
"week","2026-W31","tail",6,17,4
"week","2026-W31","tail",7,17,4
"week","2026-W31","tail",1,16,5
"week","2026-W31","tail",8,16,5
"week","2026-W31","tail",9,16,5
"week","2026-W31","total",9,24,1
"week","2026-W31","total",1,23,2
"week","2026-W31","total",6,22,3
"week","2026-W31","total",2,21,4
"week","2026-W31","total",7,19,5
"week","2026-W31","total",3,18,6
"week","2026-W31","total",5,17,7
"week","2026-W31","total",4,16,8
"week","2026-W31","total",0,15,9
"week","2026-W31","total",8,14,10
"week","2026-W32","head",1,27,1
"week","2026-W32","head",2,23,2
"week","2026-W32","head",6,21,3
"week","2026-W32","head",4,20,4
"week","2026-W32","head",8,20,4
"week","2026-W32","head",0,19,5
"week","2026-W32","head",9,18,6
"week","2026-W32","head",7,16,7
"week","2026-W32","head",5,14,8
"week","2026-W32","head",3,11,9
"week","2026-W32","tail",2,27,1
"week","2026-W32","tail",1,24,2
"week","2026-W32","tail",0,21,3
"week","2026-W32","tail",7,19,4
"week","2026-W32","tail",9,18,5
"week","2026-W32","tail",3,17,6
"week","2026-W32","tail",5,17,6
"week","2026-W32","tail",4,16,7
"week","2026-W32","tail",6,16,7
"week","2026-W32","tail",8,14,8
"week","2026-W32","total",6,28,1
"week","2026-W32","total",4,24,2
"week","2026-W32","total",2,22,3
"week","2026-W32","total",5,22,3
"week","2026-W32","total",9,20,4
"week","2026-W32","total",1,17,5
"week","2026-W32","total",7,17,5
"week","2026-W32","total",0,13,6
"week","2026-W32","total",3,13,6
"week","2026-W32","total",8,13,6
"week","2026-W33","head",2,27,1
"week","2026-W33","head",3,25,2
"week","2026-W33","head",8,20,3
"week","2026-W33","head",0,19,4
"week","2026-W33","head",4,18,5
"week","2026-W33","head",5,18,5
"week","2026-W33","head",1,17,6
"week","2026-W33","head",9,17,6
"week","2026-W33","head",6,16,7
"week","2026-W33","head",7,12,8
"week","2026-W33","tail",4,29,1
"week","2026-W33","tail",0,24,2
"week","2026-W33","tail",6,21,3
"week","2026-W33","tail",2,19,4
"week","2026-W33","tail",7,18,5
"week","2026-W33","tail",8,18,5
"week","2026-W33","tail",3,17,6
"week","2026-W33","tail",1,15,7
"week","2026-W33","tail",9,15,7
"week","2026-W33","tail",5,13,8
"week","2026-W33","total",9,26,1
"week","2026-W33","total",6,24,2
"week","2026-W33","total",5,23,3
"week","2026-W33","total",8,23,3
"week","2026-W33","total",0,20,4
"week","2026-W33","total",4,19,5
"week","2026-W33","total",7,16,6
"week","2026-W33","total",1,14,7
"week","2026-W33","total",2,14,7
"week","2026-W33","total",3,10,8
"week","2026-W34","head",3,27,1
"week","2026-W34","head",6,21,2
"week","2026-W34","head",8,21,2
"week","2026-W34","head",1,19,3
"week","2026-W34","head",4,18,4
"week","2026-W34","head",5,18,4
"week","2026-W34","head",9,18,4
"week","2026-W34","head",0,17,5
"week","2026-W34","head",7,16,6
"week","2026-W34","head",2,14,7
"week","2026-W34","tail",4,29,1
"week","2026-W34","tail",0,23,2
"week","2026-W34","tail",9,22,3
"week","2026-W34","tail",2,19,4
"week","2026-W34","tail",3,19,4
"week","2026-W34","tail",1,18,5
"week","2026-W34","tail",8,17,6
"week","2026-W34","tail",7,16,7
"week","2026-W34","tail",5,13,8
"week","2026-W34","tail",6,13,8
"week","2026-W34","total",4,24,1
"week","2026-W34","total",8,23,2
"week","2026-W34","total",7,21,3
"week","2026-W34","total",0,19,4
"week","2026-W34","total",6,19,4
"week","2026-W34","total",9,19,4
"week","2026-W34","total",3,18,5
"week","2026-W34","total",1,17,6
"week","2026-W34","total",5,15,7
"week","2026-W34","total",2,14,8
"week","2026-W35","head",1,22,1
"week","2026-W35","head",3,21,2
"week","2026-W35","head",7,21,2
"week","2026-W35","head",9,21,2
"week","2026-W35","head",6,20,3
"week","2026-W35","head",4,19,4
"week","2026-W35","head",0,17,5
"week","2026-W35","head",5,17,5
"week","2026-W35","head",2,16,6
"week","2026-W35","head",8,15,7
"week","2026-W35","tail",3,26,1
"week","2026-W35","tail",1,25,2
"week","2026-W35","tail",7,20,3
"week","2026-W35","tail",8,20,3
"week","2026-W35","tail",2,19,4
"week","2026-W35","tail",6,18,5
"week","2026-W35","tail",9,18,5
"week","2026-W35","tail",4,17,6
"week","2026-W35","tail",0,14,7
"week","2026-W35","tail",5,12,8
"week","2026-W35","total",8,26,1
"week","2026-W35","total",7,25,2
"week","2026-W35","total",3,22,3
"week","2026-W35","total",4,19,4
"week","2026-W35","total",0,18,5
"week","2026-W35","total",2,17,6
"week","2026-W35","total",1,16,7
"week","2026-W35","total",5,16,7
"week","2026-W35","total",9,16,7
"week","2026-W35","total",6,14,8
"week","2026-W36","head",6,16,1
"week","2026-W36","head",4,15,2
"week","2026-W36","head",7,14,3
"week","2026-W36","head",1,13,4
"week","2026-W36","head",2,11,5
"week","2026-W36","head",3,11,5
"week","2026-W36","head",5,9,6
"week","2026-W36","head",9,8,7
"week","2026-W36","head",0,6,8
"week","2026-W36","head",8,5,9
"week","2026-W36","tail",0,16,1
"week","2026-W36","tail",3,14,2
"week","2026-W36","tail",7,14,2
"week","2026-W36","tail",4,13,3
"week","2026-W36","tail",2,12,4
"week","2026-W36","tail",6,12,4
"week","2026-W36","tail",8,8,5
"week","2026-W36","tail",1,7,6
"week","2026-W36","tail",5,6,7
"week","2026-W36","tail",9,6,7
"week","2026-W36","total",8,16,1
"week","2026-W36","total",2,15,2
"week","2026-W36","total",7,15,2
"week","2026-W36","total",4,13,3
"week","2026-W36","total",0,11,4
"week","2026-W36","total",3,9,5
"week","2026-W36","total",5,9,5
"week","2026-W36","total",1,8,6
"week","2026-W36","total",6,7,7
"week","2026-W36","total",9,5,8
