"period_kind","period_key","group_type","group_value","freq","draws","rate","rank_in_period_group"
"day","2025-08-11","db_cham",1,1,1,1.0,1
"day","2025-08-11","db_cham",7,1,1,1.0,1
"day","2025-08-11","db_head",7,1,1,1.0,1
"day","2025-08-11","db_tail",1,1,1,1.0,1
"day","2025-08-11","db_total",8,1,1,1.0,1
"day","2025-08-12","db_cham",5,1,1,1.0,1
"day","2025-08-12","db_cham",7,1,1,1.0,1
"day","2025-08-12","db_head",7,1,1,1.0,1
"day","2025-08-12","db_tail",5,1,1,1.0,1
"day","2025-08-12","db_total",2,1,1,1.0,1
"day","2025-08-13","db_cham",1,1,1,1.0,1
"day","2025-08-13","db_cham",2,1,1,1.0,1
"day","2025-08-13","db_head",2,1,1,1.0,1
"day","2025-08-13","db_tail",1,1,1,1.0,1
"day","2025-08-13","db_total",3,1,1,1.0,1
"day","2025-08-14","db_cham",1,1,1,1.0,1
"day","2025-08-14","db_cham",6,1,1,1.0,1
"day","2025-08-14","db_head",1,1,1,1.0,1
"day","2025-08-14","db_tail",6,1,1,1.0,1
"day","2025-08-14","db_total",7,1,1,1.0,1
"day","2025-08-15","db_cham",7,1,1,1.0,1
"day","2025-08-15","db_head",7,1,1,1.0,1
"day","2025-08-15","db_tail",7,1,1,1.0,1
"day","2025-08-15","db_total",4,1,1,1.0,1
"day","2025-08-16","db_cham",4,1,1,1.0,1
"day","2025-08-16","db_cham",9,1,1,1.0,1
"day","2025-08-16","db_head",9,1,1,1.0,1
"day","2025-08-16","db_tail",4,1,1,1.0,1
"day","2025-08-16","db_total",3,1,1,1.0,1
"day","2025-08-17","db_cham",1,1,1,1.0,1
"day","2025-08-17","db_cham",9,1,1,1.0,1
"day","2025-08-17","db_head",9,1,1,1.0,1
"day","2025-08-17","db_tail",1,1,1,1.0,1
"day","2025-08-17","db_total",0,1,1,1.0,1
"day","2025-08-18","db_cham",4,1,1,1.0,1
"day","2025-08-18","db_cham",5,1,1,1.0,1
"day","2025-08-18","db_head",4,1,1,1.0,1
"day","2025-08-18","db_tail",5,1,1,1.0,1
"day","2025-08-18","db_total",9,1,1,1.0,1
"day","2025-08-19","db_cham",0,1,1,1.0,1
"day","2025-08-19","db_cham",5,1,1,1.0,1
"day","2025-08-19","db_head",5,1,1,1.0,1
"day","2025-08-19","db_tail",0,1,1,1.0,1
"day","2025-08-19","db_total",5,1,1,1.0,1
"day","2025-08-20","db_cham",3,1,1,1.0,1
"day","2025-08-20","db_cham",4,1,1,1.0,1
"day","2025-08-20","db_head",3,1,1,1.0,1
"day","2025-08-20","db_tail",4,1,1,1.0,1
"day","2025-08-20","db_total",7,1,1,1.0,1
"day","2025-08-21","db_cham",2,1,1,1.0,1
"day","2025-08-21","db_cham",7,1,1,1.0,1
"day","2025-08-21","db_head",2,1,1,1.0,1
"day","2025-08-21","db_tail",7,1,1,1.0,1
"day","2025-08-21","db_total",9,1,1,1.0,1
"day","2025-08-22","db_cham",3,1,1,1.0,1
"day","2025-08-22","db_cham",4,1,1,1.0,1
"day","2025-08-22","db_head",3,1,1,1.0,1
"day","2025-08-22","db_tail",4,1,1,1.0,1
"day","2025-08-22","db_total",7,1,1,1.0,1
"day","2025-08-23","db_cham",2,1,1,1.0,1
"day","2025-08-23","db_head",2,1,1,1.0,1
"day","2025-08-23","db_tail",2,1,1,1.0,1
"day","2025-08-23","db_total",4,1,1,1.0,1
"day","2025-08-24","db_cham",5,1,1,1.0,1
"day","2025-08-24","db_cham",7,1,1,1.0,1
"day","2025-08-24","db_head",5,1,1,1.0,1
"day","2025-08-24","db_tail",7,1,1,1.0,1
"day","2025-08-24","db_total",2,1,1,1.0,1
"day","2025-08-25","db_cham",3,1,1,1.0,1
"day","2025-08-25","db_cham",9,1,1,1.0,1
"day","2025-08-25","db_head",9,1,1,1.0,1
"day","2025-08-25","db_tail",3,1,1,1.0,1
"day","2025-08-25","db_total",2,1,1,1.0,1
"day","2025-08-26","db_cham",4,1,1,1.0,1
"day","2025-08-26","db_head",4,1,1,1.0,1
"day","2025-08-26","db_tail",4,1,1,1.0,1
"day","2025-08-26","db_total",8,1,1,1.0,1
"day","2025-08-27","db_cham",2,1,1,1.0,1
"day","2025-08-27","db_cham",5,1,1,1.0,1
"day","2025-08-27","db_head",5,1,1,1.0,1
"day","2025-08-27","db_tail",2,1,1,1.0,1
"day","2025-08-27","db_total",7,1,1,1.0,1
"day","2025-08-28","db_cham",2,1,1,1.0,1
"day","2025-08-28","db_cham",9,1,1,1.0,1
"day","2025-08-28","db_head",9,1,1,1.0,1
"day","2025-08-28","db_tail",2,1,1,1.0,1
"day","2025-08-28","db_total",1,1,1,1.0,1
"day","2025-08-29","db_cham",1,1,1,1.0,1
"day","2025-08-29","db_cham",2,1,1,1.0,1
"day","2025-08-29","db_head",1,1,1,1.0,1
"day","2025-08-29","db_tail",2,1,1,1.0,1
"day","2025-08-29","db_total",3,1,1,1.0,1
"day","2025-08-30","db_cham",0,1,1,1.0,1
"day","2025-08-30","db_cham",3,1,1,1.0,1
"day","2025-08-30","db_head",3,1,1,1.0,1
"day","2025-08-30","db_tail",0,1,1,1.0,1
"day","2025-08-30","db_total",3,1,1,1.0,1
"day","2025-08-31","db_cham",3,1,1,1.0,1
"day","2025-08-31","db_cham",9,1,1,1.0,1
"day","2025-08-31","db_head",3,1,1,1.0,1
"day","2025-08-31","db_tail",9,1,1,1.0,1
"day","2025-08-31","db_total",2,1,1,1.0,1
"day","2025-09-01","db_cham",3,1,1,1.0,1
"day","2025-09-01","db_cham",5,1,1,1.0,1
"day","2025-09-01","db_head",3,1,1,1.0,1
"day","2025-09-01","db_tail",5,1,1,1.0,1
"day","2025-09-01","db_total",8,1,1,1.0,1
"day","2025-09-02","db_cham",7,1,1,1.0,1
"day","2025-09-02","db_cham",9,1,1,1.0,1
"day","2025-09-02","db_head",7,1,1,1.0,1
"day","2025-09-02","db_tail",9,1,1,1.0,1
"day","2025-09-02","db_total",6,1,1,1.0,1
"day","2025-09-03","db_cham",3,1,1,1.0,1
"day","2025-09-03","db_head",3,1,1,1.0,1
"day","2025-09-03","db_tail",3,1,1,1.0,1
"day","2025-09-03","db_total",6,1,1,1.0,1
"day","2025-09-04","db_cham",3,1,1,1.0,1
"day","2025-09-04","db_cham",4,1,1,1.0,1
"day","2025-09-04","db_head",4,1,1,1.0,1
"day","2025-09-04","db_tail",3,1,1,1.0,1
"day","2025-09-04","db_total",7,1,1,1.0,1
"day","2025-09-05","db_cham",7,1,1,1.0,1
"day","2025-09-05","db_cham",8,1,1,1.0,1
"day","2025-09-05","db_head",7,1,1,1.0,1
"day","2025-09-05","db_tail",8,1,1,1.0,1
"day","2025-09-05","db_total",5,1,1,1.0,1
"day","2025-09-06","db_cham",3,1,1,1.0,1
"day","2025-09-06","db_cham",9,1,1,1.0,1
"day","2025-09-06","db_head",9,1,1,1.0,1
"day","2025-09-06","db_tail",3,1,1,1.0,1
"day","2025-09-06","db_total",2,1,1,1.0,1
"day","2025-09-07","db_cham",3,1,1,1.0,1
"day","2025-09-07","db_cham",7,1,1,1.0,1
"day","2025-09-07","db_head",3,1,1,1.0,1
"day","2025-09-07","db_tail",7,1,1,1.0,1
"day","2025-09-07","db_total",0,1,1,1.0,1
"day","2025-09-08","db_cham",3,1,1,1.0,1
"day","2025-09-08","db_cham",9,1,1,1.0,1
"day","2025-09-08","db_head",9,1,1,1.0,1
"day","2025-09-08","db_tail",3,1,1,1.0,1
"day","2025-09-08","db_total",2,1,1,1.0,1
"day","2025-09-09","db_cham",0,1,1,1.0,1
"day","2025-09-09","db_cham",6,1,1,1.0,1
"day","2025-09-09","db_head",6,1,1,1.0,1
"day","2025-09-09","db_tail",0,1,1,1.0,1
"day","2025-09-09","db_total",6,1,1,1.0,1
"day","2025-09-10","db_cham",1,1,1,1.0,1
"day","2025-09-10","db_cham",3,1,1,1.0,1
"day","2025-09-10","db_head",3,1,1,1.0,1
"day","2025-09-10","db_tail",1,1,1,1.0,1
"day","2025-09-10","db_total",4,1,1,1.0,1
"day","2025-09-11","db_cham",1,1,1,1.0,1
"day","2025-09-11","db_cham",7,1,1,1.0,1
"day","2025-09-11","db_head",1,1,1,1.0,1
"day","2025-09-11","db_tail",7,1,1,1.0,1
"day","2025-09-11","db_total",8,1,1,1.0,1
"day","2025-09-12","db_cham",6,1,1,1.0,1
"day","2025-09-12","db_cham",8,1,1,1.0,1
"day","2025-09-12","db_head",8,1,1,1.0,1
"day","2025-09-12","db_tail",6,1,1,1.0,1
"day","2025-09-12","db_total",4,1,1,1.0,1
"day","2025-09-13","db_cham",0,1,1,1.0,1
"day","2025-09-13","db_cham",1,1,1,1.0,1
"day","2025-09-13","db_head",0,1,1,1.0,1
"day","2025-09-13","db_tail",1,1,1,1.0,1
"day","2025-09-13","db_total",1,1,1,1.0,1
"day","2025-09-14","db_cham",0,1,1,1.0,1
"day","2025-09-14","db_cham",7,1,1,1.0,1
"day","2025-09-14","db_head",0,1,1,1.0,1
"day","2025-09-14","db_tail",7,1,1,1.0,1
"day","2025-09-14","db_total",7,1,1,1.0,1
"day","2025-09-15","db_cham",4,1,1,1.0,1
"day","2025-09-15","db_cham",6,1,1,1.0,1
"day","2025-09-15","db_head",4,1,1,1.0,1
"day","2025-09-15","db_tail",6,1,1,1.0,1
"day","2025-09-15","db_total",0,1,1,1.0,1
"day","2025-09-16","db_cham",0,1,1,1.0,1
"day","2025-09-16","db_cham",5,1,1,1.0,1
"day","2025-09-16","db_head",0,1,1,1.0,1
"day","2025-09-16","db_tail",5,1,1,1.0,1
"day","2025-09-16","db_total",5,1,1,1.0,1
"day","2025-09-17","db_cham",0,1,1,1.0,1
"day","2025-09-17","db_cham",5,1,1,1.0,1
"day","2025-09-17","db_head",0,1,1,1.0,1
"day","2025-09-17","db_tail",5,1,1,1.0,1
"day","2025-09-17","db_total",5,1,1,1.0,1
"day","2025-09-18","db_cham",0,1,1,1.0,1
"day","2025-09-18","db_cham",5,1,1,1.0,1
"day","2025-09-18","db_head",5,1,1,1.0,1
"day","2025-09-18","db_tail",0,1,1,1.0,1
"day","2025-09-18","db_total",5,1,1,1.0,1
"day","2025-09-19","db_cham",4,1,1,1.0,1
"day","2025-09-19","db_cham",6,1,1,1.0,1
"day","2025-09-19","db_head",4,1,1,1.0,1
"day","2025-09-19","db_tail",6,1,1,1.0,1
"day","2025-09-19","db_total",0,1,1,1.0,1
"day","2025-09-20","db_cham",0,1,1,1.0,1
"day","2025-09-20","db_cham",9,1,1,1.0,1
"day","2025-09-20","db_head",9,1,1,1.0,1
"day","2025-09-20","db_tail",0,1,1,1.0,1
"day","2025-09-20","db_total",9,1,1,1.0,1
"day","2025-09-21","db_cham",1,1,1,1.0,1
"day","2025-09-21","db_cham",7,1,1,1.0,1
"day","2025-09-21","db_head",7,1,1,1.0,1
"day","2025-09-21","db_tail",1,1,1,1.0,1
"day","2025-09-21","db_total",8,1,1,1.0,1
"day","2025-09-22","db_cham",1,1,1,1.0,1
"day","2025-09-22","db_cham",6,1,1,1.0,1
"day","2025-09-22","db_head",6,1,1,1.0,1
"day","2025-09-22","db_tail",1,1,1,1.0,1
"day","2025-09-22","db_total",7,1,1,1.0,1
"day","2025-09-23","db_cham",8,1,1,1.0,1
"day","2025-09-23","db_head",8,1,1,1.0,1
"day","2025-09-23","db_tail",8,1,1,1.0,1
"day","2025-09-23","db_total",6,1,1,1.0,1
"day","2025-09-24","db_cham",5,1,1,1.0,1
"day","2025-09-24","db_cham",9,1,1,1.0,1
"day","2025-09-24","db_head",5,1,1,1.0,1
"day","2025-09-24","db_tail",9,1,1,1.0,1
"day","2025-09-24","db_total",4,1,1,1.0,1
"day","2025-09-25","db_cham",3,1,1,1.0,1
"day","2025-09-25","db_cham",6,1,1,1.0,1
"day","2025-09-25","db_head",6,1,1,1.0,1
"day","2025-09-25","db_tail",3,1,1,1.0,1
"day","2025-09-25","db_total",9,1,1,1.0,1
"day","2025-09-26","db_cham",2,1,1,1.0,1
"day","2025-09-26","db_cham",3,1,1,1.0,1
"day","2025-09-26","db_head",2,1,1,1.0,1
"day","2025-09-26","db_tail",3,1,1,1.0,1
"day","2025-09-26","db_total",5,1,1,1.0,1
"day","2025-09-27","db_cham",1,1,1,1.0,1
"day","2025-09-27","db_cham",9,1,1,1.0,1
"day","2025-09-27","db_head",1,1,1,1.0,1
"day","2025-09-27","db_tail",9,1,1,1.0,1
"day","2025-09-27","db_total",0,1,1,1.0,1
"day","2025-09-28","db_cham",0,1,1,1.0,1
"day","2025-09-28","db_cham",6,1,1,1.0,1
"day","2025-09-28","db_head",0,1,1,1.0,1
"day","2025-09-28","db_tail",6,1,1,1.0,1
"day","2025-09-28","db_total",6,1,1,1.0,1
"day","2025-09-29","db_cham",0,1,1,1.0,1
"day","2025-09-29","db_cham",5,1,1,1.0,1
"day","2025-09-29","db_head",5,1,1,1.0,1
"day","2025-09-29","db_tail",0,1,1,1.0,1
"day","2025-09-29","db_total",5,1,1,1.0,1
"day","2025-09-30","db_cham",3,1,1,1.0,1
"day","2025-09-30","db_cham",6,1,1,1.0,1
"day","2025-09-30","db_head",3,1,1,1.0,1
"day","2025-09-30","db_tail",6,1,1,1.0,1
"day","2025-09-30","db_total",9,1,1,1.0,1
"day","2025-10-01","db_cham",3,1,1,1.0,1
"day","2025-10-01","db_cham",8,1,1,1.0,1
"day","2025-10-01","db_head",8,1,1,1.0,1
"day","2025-10-01","db_tail",3,1,1,1.0,1
"day","2025-10-01","db_total",1,1,1,1.0,1
"day","2025-10-02","db_cham",4,1,1,1.0,1
"day","2025-10-02","db_cham",7,1,1,1.0,1
"day","2025-10-02","db_head",4,1,1,1.0,1
"day","2025-10-02","db_tail",7,1,1,1.0,1
"day","2025-10-02","db_total",1,1,1,1.0,1
"day","2025-10-03","db_cham",0,1,1,1.0,1
"day","2025-10-03","db_cham",9,1,1,1.0,1
"day","2025-10-03","db_head",0,1,1,1.0,1
"day","2025-10-03","db_tail",9,1,1,1.0,1
"day","2025-10-03","db_total",9,1,1,1.0,1
"day","2025-10-04","db_cham",0,1,1,1.0,1
"day","2025-10-04","db_cham",5,1,1,1.0,1
"day","2025-10-04","db_head",0,1,1,1.0,1
"day","2025-10-04","db_tail",5,1,1,1.0,1
"day","2025-10-04","db_total",5,1,1,1.0,1
"day","2025-10-05","db_cham",4,1,1,1.0,1
"day","2025-10-05","db_cham",5,1,1,1.0,1
"day","2025-10-05","db_head",4,1,1,1.0,1
"day","2025-10-05","db_tail",5,1,1,1.0,1
"day","2025-10-05","db_total",9,1,1,1.0,1
"day","2025-10-06","db_cham",1,1,1,1.0,1
"day","2025-10-06","db_cham",2,1,1,1.0,1
"day","2025-10-06","db_head",2,1,1,1.0,1
"day","2025-10-06","db_tail",1,1,1,1.0,1
"day","2025-10-06","db_total",3,1,1,1.0,1
"day","2025-10-07","db_cham",2,1,1,1.0,1
"day","2025-10-07","db_cham",5,1,1,1.0,1
"day","2025-10-07","db_head",2,1,1,1.0,1
"day","2025-10-07","db_tail",5,1,1,1.0,1
"day","2025-10-07","db_total",7,1,1,1.0,1
"day","2025-10-08","db_cham",3,1,1,1.0,1
"day","2025-10-08","db_head",3,1,1,1.0,1
"day","2025-10-08","db_tail",3,1,1,1.0,1
"day","2025-10-08","db_total",6,1,1,1.0,1
"day","2025-10-09","db_cham",5,1,1,1.0,1
"day","2025-10-09","db_cham",6,1,1,1.0,1
"day","2025-10-09","db_head",6,1,1,1.0,1
"day","2025-10-09","db_tail",5,1,1,1.0,1
"day","2025-10-09","db_total",1,1,1,1.0,1
"day","2025-10-10","db_cham",0,1,1,1.0,1
"day","2025-10-10","db_cham",4,1,1,1.0,1
"day","2025-10-10","db_head",4,1,1,1.0,1
"day","2025-10-10","db_tail",0,1,1,1.0,1
"day","2025-10-10","db_total",4,1,1,1.0,1
"day","2025-10-11","db_cham",3,1,1,1.0,1
"day","2025-10-11","db_cham",4,1,1,1.0,1
"day","2025-10-11","db_head",4,1,1,1.0,1
"day","2025-10-11","db_tail",3,1,1,1.0,1
"day","2025-10-11","db_total",7,1,1,1.0,1
"day","2025-10-12","db_cham",2,1,1,1.0,1
"day","2025-10-12","db_cham",5,1,1,1.0,1
"day","2025-10-12","db_head",5,1,1,1.0,1
"day","2025-10-12","db_tail",2,1,1,1.0,1
"day","2025-10-12","db_total",7,1,1,1.0,1
"day","2025-10-13","db_cham",0,1,1,1.0,1
"day","2025-10-13","db_cham",8,1,1,1.0,1
"day","2025-10-13","db_head",0,1,1,1.0,1
"day","2025-10-13","db_tail",8,1,1,1.0,1
"day","2025-10-13","db_total",8,1,1,1.0,1
"day","2025-10-14","db_cham",2,1,1,1.0,1
"day","2025-10-14","db_cham",4,1,1,1.0,1
"day","2025-10-14","db_head",2,1,1,1.0,1
"day","2025-10-14","db_tail",4,1,1,1.0,1
"day","2025-10-14","db_total",6,1,1,1.0,1
"day","2025-10-15","db_cham",2,1,1,1.0,1
"day","2025-10-15","db_cham",8,1,1,1.0,1
"day","2025-10-15","db_head",2,1,1,1.0,1
"day","2025-10-15","db_tail",8,1,1,1.0,1
"day","2025-10-15","db_total",0,1,1,1.0,1
"day","2025-10-16","db_cham",2,1,1,1.0,1
"day","2025-10-16","db_cham",6,1,1,1.0,1
"day","2025-10-16","db_head",6,1,1,1.0,1
"day","2025-10-16","db_tail",2,1,1,1.0,1
"day","2025-10-16","db_total",8,1,1,1.0,1
"day","2025-10-17","db_cham",7,1,1,1.0,1
"day","2025-10-17","db_cham",9,1,1,1.0,1
"day","2025-10-17","db_head",7,1,1,1.0,1
"day","2025-10-17","db_tail",9,1,1,1.0,1
"day","2025-10-17","db_total",6,1,1,1.0,1
"day","2025-10-18","db_cham",7,1,1,1.0,1
"day","2025-10-18","db_cham",9,1,1,1.0,1
"day","2025-10-18","db_head",7,1,1,1.0,1
"day","2025-10-18","db_tail",9,1,1,1.0,1
"day","2025-10-18","db_total",6,1,1,1.0,1
"day","2025-10-19","db_cham",6,1,1,1.0,1
"day","2025-10-19","db_head",6,1,1,1.0,1
"day","2025-10-19","db_tail",6,1,1,1.0,1
"day","2025-10-19","db_total",2,1,1,1.0,1
"day","2025-10-20","db_cham",2,1,1,1.0,1
"day","2025-10-20","db_cham",7,1,1,1.0,1
"day","2025-10-20","db_head",7,1,1,1.0,1
"day","2025-10-20","db_tail",2,1,1,1.0,1
"day","2025-10-20","db_total",9,1,1,1.0,1
"day","2025-10-21","db_cham",1,1,1,1.0,1
"day","2025-10-21","db_cham",8,1,1,1.0,1
"day","2025-10-21","db_head",8,1,1,1.0,1
"day","2025-10-21","db_tail",1,1,1,1.0,1
"day","2025-10-21","db_total",9,1,1,1.0,1
"day","2025-10-22","db_cham",4,1,1,1.0,1
"day","2025-10-22","db_cham",7,1,1,1.0,1
"day","2025-10-22","db_head",7,1,1,1.0,1
"day","2025-10-22","db_tail",4,1,1,1.0,1
"day","2025-10-22","db_total",1,1,1,1.0,1
"day","2025-10-23","db_cham",3,1,1,1.0,1
"day","2025-10-23","db_cham",8,1,1,1.0,1
"day","2025-10-23","db_head",8,1,1,1.0,1
"day","2025-10-23","db_tail",3,1,1,1.0,1
"day","2025-10-23","db_total",1,1,1,1.0,1
"day","2025-10-24","db_cham",4,1,1,1.0,1
"day","2025-10-24","db_cham",6,1,1,1.0,1
"day","2025-10-24","db_head",6,1,1,1.0,1
"day","2025-10-24","db_tail",4,1,1,1.0,1
"day","2025-10-24","db_total",0,1,1,1.0,1
"day","2025-10-25","db_cham",2,1,1,1.0,1
"day","2025-10-25","db_cham",6,1,1,1.0,1
"day","2025-10-25","db_head",6,1,1,1.0,1
"day","2025-10-25","db_tail",2,1,1,1.0,1
"day","2025-10-25","db_total",8,1,1,1.0,1
"day","2025-10-26","db_cham",0,1,1,1.0,1
"day","2025-10-26","db_cham",1,1,1,1.0,1
"day","2025-10-26","db_head",1,1,1,1.0,1
"day","2025-10-26","db_tail",0,1,1,1.0,1
"day","2025-10-26","db_total",1,1,1,1.0,1
"day","2025-10-27","db_cham",3,1,1,1.0,1
"day","2025-10-27","db_cham",8,1,1,1.0,1
"day","2025-10-27","db_head",8,1,1,1.0,1
"day","2025-10-27","db_tail",3,1,1,1.0,1
"day","2025-10-27","db_total",1,1,1,1.0,1
"day","2025-10-28","db_cham",0,1,1,1.0,1
"day","2025-10-28","db_cham",8,1,1,1.0,1
"day","2025-10-28","db_head",0,1,1,1.0,1
"day","2025-10-28","db_tail",8,1,1,1.0,1
"day","2025-10-28","db_total",8,1,1,1.0,1
"day","2025-10-29","db_cham",3,1,1,1.0,1
"day","2025-10-29","db_cham",7,1,1,1.0,1
"day","2025-10-29","db_head",7,1,1,1.0,1
"day","2025-10-29","db_tail",3,1,1,1.0,1
"day","2025-10-29","db_total",0,1,1,1.0,1
"day","2025-10-30","db_cham",8,1,1,1.0,1
"day","2025-10-30","db_head",8,1,1,1.0,1
"day","2025-10-30","db_tail",8,1,1,1.0,1
"day","2025-10-30","db_total",6,1,1,1.0,1
"day","2025-10-31","db_cham",0,1,1,1.0,1
"day","2025-10-31","db_cham",1,1,1,1.0,1
"day","2025-10-31","db_head",0,1,1,1.0,1
"day","2025-10-31","db_tail",1,1,1,1.0,1
"day","2025-10-31","db_total",1,1,1,1.0,1
"day","2025-11-01","db_cham",2,1,1,1.0,1
"day","2025-11-01","db_cham",9,1,1,1.0,1
"day","2025-11-01","db_head",9,1,1,1.0,1
"day","2025-11-01","db_tail",2,1,1,1.0,1
"day","2025-11-01","db_total",1,1,1,1.0,1
"day","2025-11-02","db_cham",6,1,1,1.0,1
"day","2025-11-02","db_cham",7,1,1,1.0,1
"day","2025-11-02","db_head",6,1,1,1.0,1
"day","2025-11-02","db_tail",7,1,1,1.0,1
"day","2025-11-02","db_total",3,1,1,1.0,1
"day","2025-11-03","db_cham",5,1,1,1.0,1
"day","2025-11-03","db_cham",9,1,1,1.0,1
"day","2025-11-03","db_head",9,1,1,1.0,1
"day","2025-11-03","db_tail",5,1,1,1.0,1
"day","2025-11-03","db_total",4,1,1,1.0,1
"day","2025-11-04","db_cham",6,1,1,1.0,1
"day","2025-11-04","db_cham",8,1,1,1.0,1
"day","2025-11-04","db_head",8,1,1,1.0,1
"day","2025-11-04","db_tail",6,1,1,1.0,1
"day","2025-11-04","db_total",4,1,1,1.0,1
"day","2025-11-05","db_cham",3,1,1,1.0,1
"day","2025-11-05","db_cham",4,1,1,1.0,1
"day","2025-11-05","db_head",4,1,1,1.0,1
"day","2025-11-05","db_tail",3,1,1,1.0,1
"day","2025-11-05","db_total",7,1,1,1.0,1
"day","2025-11-06","db_cham",0,1,1,1.0,1
"day","2025-11-06","db_cham",2,1,1,1.0,1
"day","2025-11-06","db_head",0,1,1,1.0,1
"day","2025-11-06","db_tail",2,1,1,1.0,1
"day","2025-11-06","db_total",2,1,1,1.0,1
"day","2025-11-07","db_cham",1,1,1,1.0,1
"day","2025-11-07","db_cham",4,1,1,1.0,1
"day","2025-11-07","db_head",1,1,1,1.0,1
"day","2025-11-07","db_tail",4,1,1,1.0,1
"day","2025-11-07","db_total",5,1,1,1.0,1
"day","2025-11-08","db_cham",1,1,1,1.0,1
"day","2025-11-08","db_cham",4,1,1,1.0,1
"day","2025-11-08","db_head",1,1,1,1.0,1
"day","2025-11-08","db_tail",4,1,1,1.0,1
"day","2025-11-08","db_total",5,1,1,1.0,1
"day","2025-11-09","db_cham",7,1,1,1.0,1
"day","2025-11-09","db_cham",9,1,1,1.0,1
"day","2025-11-09","db_head",7,1,1,1.0,1
"day","2025-11-09","db_tail",9,1,1,1.0,1
"day","2025-11-09","db_total",6,1,1,1.0,1
"day","2025-11-10","db_cham",2,1,1,1.0,1
"day","2025-11-10","db_cham",9,1,1,1.0,1
"day","2025-11-10","db_head",9,1,1,1.0,1
"day","2025-11-10","db_tail",2,1,1,1.0,1
"day","2025-11-10","db_total",1,1,1,1.0,1
"day","2025-11-11","db_cham",6,1,1,1.0,1
"day","2025-11-11","db_cham",7,1,1,1.0,1
"day","2025-11-11","db_head",7,1,1,1.0,1
"day","2025-11-11","db_tail",6,1,1,1.0,1
"day","2025-11-11","db_total",3,1,1,1.0,1
"day","2025-11-12","db_cham",4,1,1,1.0,1
"day","2025-11-12","db_cham",5,1,1,1.0,1
"day","2025-11-12","db_head",5,1,1,1.0,1
"day","2025-11-12","db_tail",4,1,1,1.0,1
"day","2025-11-12","db_total",9,1,1,1.0,1
"day","2025-11-13","db_cham",0,1,1,1.0,1
"day","2025-11-13","db_cham",5,1,1,1.0,1
"day","2025-11-13","db_head",5,1,1,1.0,1
"day","2025-11-13","db_tail",0,1,1,1.0,1
"day","2025-11-13","db_total",5,1,1,1.0,1
"day","2025-11-14","db_cham",0,1,1,1.0,1
"day","2025-11-14","db_cham",2,1,1,1.0,1
"day","2025-11-14","db_head",2,1,1,1.0,1
"day","2025-11-14","db_tail",0,1,1,1.0,1
"day","2025-11-14","db_total",2,1,1,1.0,1
"day","2025-11-15","db_cham",7,1,1,1.0,1
"day","2025-11-15","db_cham",9,1,1,1.0,1
"day","2025-11-15","db_head",7,1,1,1.0,1
"day","2025-11-15","db_tail",9,1,1,1.0,1
"day","2025-11-15","db_total",6,1,1,1.0,1
"day","2025-11-16","db_cham",1,1,1,1.0,1
"day","2025-11-16","db_cham",2,1,1,1.0,1
"day","2025-11-16","db_head",2,1,1,1.0,1
"day","2025-11-16","db_tail",1,1,1,1.0,1
"day","2025-11-16","db_total",3,1,1,1.0,1
"day","2025-11-17","db_cham",5,1,1,1.0,1
"day","2025-11-17","db_head",5,1,1,1.0,1
"day","2025-11-17","db_tail",5,1,1,1.0,1
"day","2025-11-17","db_total",0,1,1,1.0,1
"day","2025-11-18","db_cham",3,1,1,1.0,1
"day","2025-11-18","db_cham",5,1,1,1.0,1
"day","2025-11-18","db_head",5,1,1,1.0,1
"day","2025-11-18","db_tail",3,1,1,1.0,1
"day","2025-11-18","db_total",8,1,1,1.0,1
"day","2025-11-19","db_cham",0,1,1,1.0,1
"day","2025-11-19","db_cham",7,1,1,1.0,1
"day","2025-11-19","db_head",7,1,1,1.0,1
"day","2025-11-19","db_tail",0,1,1,1.0,1
"day","2025-11-19","db_total",7,1,1,1.0,1
"day","2025-11-20","db_cham",3,1,1,1.0,1
"day","2025-11-20","db_head",3,1,1,1.0,1
"day","2025-11-20","db_tail",3,1,1,1.0,1
"day","2025-11-20","db_total",6,1,1,1.0,1
"day","2025-11-21","db_cham",3,1,1,1.0,1
"day","2025-11-21","db_cham",4,1,1,1.0,1
"day","2025-11-21","db_head",4,1,1,1.0,1
"day","2025-11-21","db_tail",3,1,1,1.0,1
"day","2025-11-21","db_total",7,1,1,1.0,1
"day","2025-11-22","db_cham",0,1,1,1.0,1
"day","2025-11-22","db_cham",3,1,1,1.0,1
"day","2025-11-22","db_head",0,1,1,1.0,1
"day","2025-11-22","db_tail",3,1,1,1.0,1
"day","2025-11-22","db_total",3,1,1,1.0,1
"day","2025-11-23","db_cham",0,1,1,1.0,1
"day","2025-11-23","db_cham",4,1,1,1.0,1
"day","2025-11-23","db_head",0,1,1,1.0,1
"day","2025-11-23","db_tail",4,1,1,1.0,1
"day","2025-11-23","db_total",4,1,1,1.0,1
"day","2025-11-24","db_cham",3,1,1,1.0,1
"day","2025-11-24","db_cham",9,1,1,1.0,1
"day","2025-11-24","db_head",3,1,1,1.0,1
"day","2025-11-24","db_tail",9,1,1,1.0,1
"day","2025-11-24","db_total",2,1,1,1.0,1
"day","2025-11-25","db_cham",3,1,1,1.0,1
"day","2025-11-25","db_cham",8,1,1,1.0,1
"day","2025-11-25","db_head",3,1,1,1.0,1
"day","2025-11-25","db_tail",8,1,1,1.0,1
"day","2025-11-25","db_total",1,1,1,1.0,1
"day","2025-11-26","db_cham",7,1,1,1.0,1
"day","2025-11-26","db_cham",9,1,1,1.0,1
"day","2025-11-26","db_head",9,1,1,1.0,1
"day","2025-11-26","db_tail",7,1,1,1.0,1
"day","2025-11-26","db_total",6,1,1,1.0,1
"day","2025-11-27","db_cham",2,1,1,1.0,1
"day","2025-11-27","db_cham",7,1,1,1.0,1
"day","2025-11-27","db_head",2,1,1,1.0,1
"day","2025-11-27","db_tail",7,1,1,1.0,1
"day","2025-11-27","db_total",9,1,1,1.0,1
"day","2025-11-28","db_cham",3,1,1,1.0,1
"day","2025-11-28","db_cham",4,1,1,1.0,1
"day","2025-11-28","db_head",3,1,1,1.0,1
"day","2025-11-28","db_tail",4,1,1,1.0,1
"day","2025-11-28","db_total",7,1,1,1.0,1
"day","2025-11-29","db_cham",0,1,1,1.0,1
"day","2025-11-29","db_cham",9,1,1,1.0,1
"day","2025-11-29","db_head",9,1,1,1.0,1
"day","2025-11-29","db_tail",0,1,1,1.0,1
"day","2025-11-29","db_total",9,1,1,1.0,1
"day","2025-11-30","db_cham",8,1,1,1.0,1
"day","2025-11-30","db_head",8,1,1,1.0,1
"day","2025-11-30","db_tail",8,1,1,1.0,1
"day","2025-11-30","db_total",6,1,1,1.0,1
"day","2025-12-01","db_cham",1,1,1,1.0,1
"day","2025-12-01","db_cham",2,1,1,1.0,1
"day","2025-12-01","db_head",1,1,1,1.0,1
"day","2025-12-01","db_tail",2,1,1,1.0,1
"day","2025-12-01","db_total",3,1,1,1.0,1
"day","2025-12-02","db_cham",6,1,1,1.0,1
"day","2025-12-02","db_cham",8,1,1,1.0,1
"day","2025-12-02","db_head",8,1,1,1.0,1
"day","2025-12-02","db_tail",6,1,1,1.0,1
"day","2025-12-02","db_total",4,1,1,1.0,1
"day","2025-12-03","db_cham",3,1,1,1.0,1
"day","2025-12-03","db_cham",8,1,1,1.0,1
"day","2025-12-03","db_head",3,1,1,1.0,1
"day","2025-12-03","db_tail",8,1,1,1.0,1
"day","2025-12-03","db_total",1,1,1,1.0,1
"day","2025-12-04","db_cham",2,1,1,1.0,1
"day","2025-12-04","db_cham",9,1,1,1.0,1
"day","2025-12-04","db_head",2,1,1,1.0,1
"day","2025-12-04","db_tail",9,1,1,1.0,1
"day","2025-12-04","db_total",1,1,1,1.0,1
"day","2025-12-05","db_cham",3,1,1,1.0,1
"day","2025-12-05","db_cham",5,1,1,1.0,1
"day","2025-12-05","db_head",3,1,1,1.0,1
"day","2025-12-05","db_tail",5,1,1,1.0,1
"day","2025-12-05","db_total",8,1,1,1.0,1
"day","2025-12-06","db_cham",2,1,1,1.0,1
"day","2025-12-06","db_cham",6,1,1,1.0,1
"day","2025-12-06","db_head",2,1,1,1.0,1
"day","2025-12-06","db_tail",6,1,1,1.0,1
"day","2025-12-06","db_total",8,1,1,1.0,1
"day","2025-12-07","db_cham",2,1,1,1.0,1
"day","2025-12-07","db_cham",6,1,1,1.0,1
"day","2025-12-07","db_head",2,1,1,1.0,1
"day","2025-12-07","db_tail",6,1,1,1.0,1
"day","2025-12-07","db_total",8,1,1,1.0,1
"day","2025-12-08","db_cham",2,1,1,1.0,1
"day","2025-12-08","db_cham",9,1,1,1.0,1
"day","2025-12-08","db_head",9,1,1,1.0,1
"day","2025-12-08","db_tail",2,1,1,1.0,1
"day","2025-12-08","db_total",1,1,1,1.0,1
"day","2025-12-09","db_cham",0,1,1,1.0,1
"day","2025-12-09","db_cham",8,1,1,1.0,1
"day","2025-12-09","db_head",0,1,1,1.0,1
"day","2025-12-09","db_tail",8,1,1,1.0,1
"day","2025-12-09","db_total",8,1,1,1.0,1
"day","2025-12-10","db_cham",2,1,1,1.0,1
"day","2025-12-10","db_cham",5,1,1,1.0,1
"day","2025-12-10","db_head",5,1,1,1.0,1
"day","2025-12-10","db_tail",2,1,1,1.0,1
"day","2025-12-10","db_total",7,1,1,1.0,1
"day","2025-12-11","db_cham",6,1,1,1.0,1
"day","2025-12-11","db_cham",8,1,1,1.0,1
"day","2025-12-11","db_head",6,1,1,1.0,1
"day","2025-12-11","db_tail",8,1,1,1.0,1
"day","2025-12-11","db_total",4,1,1,1.0,1
"day","2025-12-12","db_cham",3,1,1,1.0,1
"day","2025-12-12","db_cham",6,1,1,1.0,1
"day","2025-12-12","db_head",3,1,1,1.0,1
"day","2025-12-12","db_tail",6,1,1,1.0,1
"day","2025-12-12","db_total",9,1,1,1.0,1
"day","2025-12-13","db_cham",3,1,1,1.0,1
"day","2025-12-13","db_cham",5,1,1,1.0,1
"day","2025-12-13","db_head",5,1,1,1.0,1
"day","2025-12-13","db_tail",3,1,1,1.0,1
"day","2025-12-13","db_total",8,1,1,1.0,1
"day","2025-12-14","db_cham",6,1,1,1.0,1
"day","2025-12-14","db_cham",8,1,1,1.0,1
"day","2025-12-14","db_head",6,1,1,1.0,1
"day","2025-12-14","db_tail",8,1,1,1.0,1
"day","2025-12-14","db_total",4,1,1,1.0,1
"day","2025-12-15","db_cham",3,1,1,1.0,1
"day","2025-12-15","db_cham",9,1,1,1.0,1
"day","2025-12-15","db_head",9,1,1,1.0,1
"day","2025-12-15","db_tail",3,1,1,1.0,1
"day","2025-12-15","db_total",2,1,1,1.0,1
"day","2025-12-16","db_cham",2,1,1,1.0,1
"day","2025-12-16","db_cham",9,1,1,1.0,1
"day","2025-12-16","db_head",9,1,1,1.0,1
"day","2025-12-16","db_tail",2,1,1,1.0,1
"day","2025-12-16","db_total",1,1,1,1.0,1
"day","2025-12-17","db_cham",4,1,1,1.0,1
"day","2025-12-17","db_cham",8,1,1,1.0,1
"day","2025-12-17","db_head",8,1,1,1.0,1
"day","2025-12-17","db_tail",4,1,1,1.0,1
"day","2025-12-17","db_total",2,1,1,1.0,1
"day","2025-12-18","db_cham",3,1,1,1.0,1
"day","2025-12-18","db_cham",8,1,1,1.0,1
"day","2025-12-18","db_head",3,1,1,1.0,1
"day","2025-12-18","db_tail",8,1,1,1.0,1
"day","2025-12-18","db_total",1,1,1,1.0,1
"day","2025-12-19","db_cham",2,1,1,1.0,1
"day","2025-12-19","db_cham",7,1,1,1.0,1
"day","2025-12-19","db_head",7,1,1,1.0,1
"day","2025-12-19","db_tail",2,1,1,1.0,1
"day","2025-12-19","db_total",9,1,1,1.0,1
"day","2025-12-20","db_cham",1,1,1,1.0,1
"day","2025-12-20","db_cham",6,1,1,1.0,1
"day","2025-12-20","db_head",1,1,1,1.0,1
"day","2025-12-20","db_tail",6,1,1,1.0,1
"day","2025-12-20","db_total",7,1,1,1.0,1
"day","2025-12-21","db_cham",3,1,1,1.0,1
"day","2025-12-21","db_cham",6,1,1,1.0,1
"day","2025-12-21","db_head",3,1,1,1.0,1
"day","2025-12-21","db_tail",6,1,1,1.0,1
"day","2025-12-21","db_total",9,1,1,1.0,1
"day","2025-12-22","db_cham",6,1,1,1.0,1
"day","2025-12-22","db_cham",9,1,1,1.0,1
"day","2025-12-22","db_head",9,1,1,1.0,1
"day","2025-12-22","db_tail",6,1,1,1.0,1
"day","2025-12-22","db_total",5,1,1,1.0,1
"day","2025-12-23","db_cham",5,1,1,1.0,1
"day","2025-12-23","db_cham",9,1,1,1.0,1
"day","2025-12-23","db_head",5,1,1,1.0,1
"day","2025-12-23","db_tail",9,1,1,1.0,1
"day","2025-12-23","db_total",4,1,1,1.0,1
"day","2025-12-24","db_cham",2,1,1,1.0,1
"day","2025-12-24","db_cham",9,1,1,1.0,1
"day","2025-12-24","db_head",2,1,1,1.0,1
"day","2025-12-24","db_tail",9,1,1,1.0,1
"day","2025-12-24","db_total",1,1,1,1.0,1
"day","2025-12-25","db_cham",9,1,1,1.0,1
"day","2025-12-25","db_head",9,1,1,1.0,1
"day","2025-12-25","db_tail",9,1,1,1.0,1
"day","2025-12-25","db_total",8,1,1,1.0,1
"day","2025-12-26","db_cham",3,1,1,1.0,1
"day","2025-12-26","db_cham",6,1,1,1.0,1
"day","2025-12-26","db_head",3,1,1,1.0,1
"day","2025-12-26","db_tail",6,1,1,1.0,1
"day","2025-12-26","db_total",9,1,1,1.0,1
"day","2025-12-27","db_cham",2,1,1,1.0,1
"day","2025-12-27","db_cham",8,1,1,1.0,1
"day","2025-12-27","db_head",8,1,1,1.0,1
"day","2025-12-27","db_tail",2,1,1,1.0,1
"day","2025-12-27","db_total",0,1,1,1.0,1
"day","2025-12-28","db_cham",0,1,1,1.0,1
"day","2025-12-28","db_cham",5,1,1,1.0,1
"day","2025-12-28","db_head",0,1,1,1.0,1
"day","2025-12-28","db_tail",5,1,1,1.0,1
"day","2025-12-28","db_total",5,1,1,1.0,1
"day","2025-12-29","db_cham",3,1,1,1.0,1
"day","2025-12-29","db_cham",7,1,1,1.0,1
"day","2025-12-29","db_head",3,1,1,1.0,1
"day","2025-12-29","db_tail",7,1,1,1.0,1
"day","2025-12-29","db_total",0,1,1,1.0,1
"day","2025-12-30","db_cham",1,1,1,1.0,1
"day","2025-12-30","db_cham",9,1,1,1.0,1
"day","2025-12-30","db_head",9,1,1,1.0,1
"day","2025-12-30","db_tail",1,1,1,1.0,1
"day","2025-12-30","db_total",0,1,1,1.0,1
"day","2025-12-31","db_cham",0,1,1,1.0,1
"day","2025-12-31","db_cham",6,1,1,1.0,1
"day","2025-12-31","db_head",6,1,1,1.0,1
"day","2025-12-31","db_tail",0,1,1,1.0,1
"day","2025-12-31","db_total",6,1,1,1.0,1
"day","2026-01-01","db_cham",6,1,1,1.0,1
"day","2026-01-01","db_cham",8,1,1,1.0,1
"day","2026-01-01","db_head",6,1,1,1.0,1
"day","2026-01-01","db_tail",8,1,1,1.0,1
"day","2026-01-01","db_total",4,1,1,1.0,1
"day","2026-01-02","db_cham",4,1,1,1.0,1
"day","2026-01-02","db_cham",8,1,1,1.0,1
"day","2026-01-02","db_head",4,1,1,1.0,1
"day","2026-01-02","db_tail",8,1,1,1.0,1
"day","2026-01-02","db_total",2,1,1,1.0,1
"day","2026-01-03","db_cham",4,1,1,1.0,1
"day","2026-01-03","db_cham",9,1,1,1.0,1
"day","2026-01-03","db_head",4,1,1,1.0,1
"day","2026-01-03","db_tail",9,1,1,1.0,1
"day","2026-01-03","db_total",3,1,1,1.0,1
"day","2026-01-04","db_cham",7,1,1,1.0,1
"day","2026-01-04","db_cham",9,1,1,1.0,1
"day","2026-01-04","db_head",9,1,1,1.0,1
"day","2026-01-04","db_tail",7,1,1,1.0,1
"day","2026-01-04","db_total",6,1,1,1.0,1
"day","2026-01-05","db_cham",0,1,1,1.0,1
"day","2026-01-05","db_cham",5,1,1,1.0,1
"day","2026-01-05","db_head",0,1,1,1.0,1
"day","2026-01-05","db_tail",5,1,1,1.0,1
"day","2026-01-05","db_total",5,1,1,1.0,1
"day","2026-01-06","db_cham",4,1,1,1.0,1
"day","2026-01-06","db_cham",7,1,1,1.0,1
"day","2026-01-06","db_head",4,1,1,1.0,1
"day","2026-01-06","db_tail",7,1,1,1.0,1
"day","2026-01-06","db_total",1,1,1,1.0,1
"day","2026-01-07","db_cham",8,1,1,1.0,1
"day","2026-01-07","db_cham",9,1,1,1.0,1
"day","2026-01-07","db_head",8,1,1,1.0,1
"day","2026-01-07","db_tail",9,1,1,1.0,1
"day","2026-01-07","db_total",7,1,1,1.0,1
"day","2026-01-08","db_cham",2,1,1,1.0,1
"day","2026-01-08","db_cham",6,1,1,1.0,1
"day","2026-01-08","db_head",6,1,1,1.0,1
"day","2026-01-08","db_tail",2,1,1,1.0,1
"day","2026-01-08","db_total",8,1,1,1.0,1
"day","2026-01-09","db_cham",2,1,1,1.0,1
"day","2026-01-09","db_cham",3,1,1,1.0,1
"day","2026-01-09","db_head",2,1,1,1.0,1
"day","2026-01-09","db_tail",3,1,1,1.0,1
"day","2026-01-09","db_total",5,1,1,1.0,1
"day","2026-01-10","db_cham",3,1,1,1.0,1
"day","2026-01-10","db_cham",9,1,1,1.0,1
"day","2026-01-10","db_head",9,1,1,1.0,1
"day","2026-01-10","db_tail",3,1,1,1.0,1
"day","2026-01-10","db_total",2,1,1,1.0,1
"day","2026-01-11","db_cham",3,1,1,1.0,1
"day","2026-01-11","db_cham",8,1,1,1.0,1
"day","2026-01-11","db_head",3,1,1,1.0,1
"day","2026-01-11","db_tail",8,1,1,1.0,1
"day","2026-01-11","db_total",1,1,1,1.0,1
"day","2026-01-12","db_cham",4,1,1,1.0,1
"day","2026-01-12","db_cham",9,1,1,1.0,1
"day","2026-01-12","db_head",9,1,1,1.0,1
"day","2026-01-12","db_tail",4,1,1,1.0,1
"day","2026-01-12","db_total",3,1,1,1.0,1
"day","2026-01-13","db_cham",2,1,1,1.0,1
"day","2026-01-13","db_cham",7,1,1,1.0,1
"day","2026-01-13","db_head",2,1,1,1.0,1
"day","2026-01-13","db_tail",7,1,1,1.0,1
"day","2026-01-13","db_total",9,1,1,1.0,1
"day","2026-01-14","db_cham",1,1,1,1.0,1
"day","2026-01-14","db_cham",7,1,1,1.0,1
"day","2026-01-14","db_head",1,1,1,1.0,1
"day","2026-01-14","db_tail",7,1,1,1.0,1
"day","2026-01-14","db_total",8,1,1,1.0,1
"day","2026-01-15","db_cham",2,1,1,1.0,1
"day","2026-01-15","db_head",2,1,1,1.0,1
"day","2026-01-15","db_tail",2,1,1,1.0,1
"day","2026-01-15","db_total",4,1,1,1.0,1
"day","2026-01-16","db_cham",2,1,1,1.0,1
"day","2026-01-16","db_cham",8,1,1,1.0,1
"day","2026-01-16","db_head",2,1,1,1.0,1
"day","2026-01-16","db_tail",8,1,1,1.0,1
"day","2026-01-16","db_total",0,1,1,1.0,1
"day","2026-01-17","db_cham",2,1,1,1.0,1
"day","2026-01-17","db_cham",4,1,1,1.0,1
"day","2026-01-17","db_head",2,1,1,1.0,1
"day","2026-01-17","db_tail",4,1,1,1.0,1
"day","2026-01-17","db_total",6,1,1,1.0,1
"day","2026-01-18","db_cham",1,1,1,1.0,1
"day","2026-01-18","db_cham",5,1,1,1.0,1
"day","2026-01-18","db_head",5,1,1,1.0,1
"day","2026-01-18","db_tail",1,1,1,1.0,1
"day","2026-01-18","db_total",6,1,1,1.0,1
"day","2026-01-19","db_cham",6,1,1,1.0,1
"day","2026-01-19","db_cham",8,1,1,1.0,1
"day","2026-01-19","db_head",8,1,1,1.0,1
"day","2026-01-19","db_tail",6,1,1,1.0,1
"day","2026-01-19","db_total",4,1,1,1.0,1
"day","2026-01-20","db_cham",7,1,1,1.0,1
"day","2026-01-20","db_cham",8,1,1,1.0,1
"day","2026-01-20","db_head",7,1,1,1.0,1
"day","2026-01-20","db_tail",8,1,1,1.0,1
"day","2026-01-20","db_total",5,1,1,1.0,1
"day","2026-01-21","db_cham",6,1,1,1.0,1
"day","2026-01-21","db_cham",8,1,1,1.0,1
"day","2026-01-21","db_head",8,1,1,1.0,1
"day","2026-01-21","db_tail",6,1,1,1.0,1
"day","2026-01-21","db_total",4,1,1,1.0,1
"day","2026-01-22","db_cham",3,1,1,1.0,1
"day","2026-01-22","db_cham",6,1,1,1.0,1
"day","2026-01-22","db_head",6,1,1,1.0,1
"day","2026-01-22","db_tail",3,1,1,1.0,1
"day","2026-01-22","db_total",9,1,1,1.0,1
"day","2026-01-23","db_cham",2,1,1,1.0,1
"day","2026-01-23","db_head",2,1,1,1.0,1
"day","2026-01-23","db_tail",2,1,1,1.0,1
"day","2026-01-23","db_total",4,1,1,1.0,1
"day","2026-01-24","db_cham",2,1,1,1.0,1
"day","2026-01-24","db_cham",6,1,1,1.0,1
"day","2026-01-24","db_head",6,1,1,1.0,1
"day","2026-01-24","db_tail",2,1,1,1.0,1
"day","2026-01-24","db_total",8,1,1,1.0,1
"day","2026-01-25","db_cham",0,1,1,1.0,1
"day","2026-01-25","db_cham",3,1,1,1.0,1
"day","2026-01-25","db_head",3,1,1,1.0,1
"day","2026-01-25","db_tail",0,1,1,1.0,1
"day","2026-01-25","db_total",3,1,1,1.0,1
"day","2026-01-26","db_cham",4,1,1,1.0,1
"day","2026-01-26","db_cham",7,1,1,1.0,1
"day","2026-01-26","db_head",7,1,1,1.0,1
"day","2026-01-26","db_tail",4,1,1,1.0,1
"day","2026-01-26","db_total",1,1,1,1.0,1
"day","2026-01-27","db_cham",0,1,1,1.0,1
"day","2026-01-27","db_cham",8,1,1,1.0,1
"day","2026-01-27","db_head",8,1,1,1.0,1
"day","2026-01-27","db_tail",0,1,1,1.0,1
"day","2026-01-27","db_total",8,1,1,1.0,1
"day","2026-01-28","db_cham",1,1,1,1.0,1
"day","2026-01-28","db_cham",2,1,1,1.0,1
"day","2026-01-28","db_head",2,1,1,1.0,1
"day","2026-01-28","db_tail",1,1,1,1.0,1
"day","2026-01-28","db_total",3,1,1,1.0,1
"day","2026-01-29","db_cham",1,1,1,1.0,1
"day","2026-01-29","db_cham",4,1,1,1.0,1
"day","2026-01-29","db_head",1,1,1,1.0,1
"day","2026-01-29","db_tail",4,1,1,1.0,1
"day","2026-01-29","db_total",5,1,1,1.0,1
"day","2026-01-30","db_cham",4,1,1,1.0,1
"day","2026-01-30","db_cham",5,1,1,1.0,1
"day","2026-01-30","db_head",4,1,1,1.0,1
"day","2026-01-30","db_tail",5,1,1,1.0,1
"day","2026-01-30","db_total",9,1,1,1.0,1
"day","2026-01-31","db_cham",4,1,1,1.0,1
"day","2026-01-31","db_cham",5,1,1,1.0,1
"day","2026-01-31","db_head",5,1,1,1.0,1
"day","2026-01-31","db_tail",4,1,1,1.0,1
"day","2026-01-31","db_total",9,1,1,1.0,1
"day","2026-02-01","db_cham",7,1,1,1.0,1
"day","2026-02-01","db_head",7,1,1,1.0,1
"day","2026-02-01","db_tail",7,1,1,1.0,1
"day","2026-02-01","db_total",4,1,1,1.0,1
"day","2026-02-02","db_cham",1,1,1,1.0,1
"day","2026-02-02","db_cham",6,1,1,1.0,1
"day","2026-02-02","db_head",6,1,1,1.0,1
"day","2026-02-02","db_tail",1,1,1,1.0,1
"day","2026-02-02","db_total",7,1,1,1.0,1
"day","2026-02-03","db_cham",4,1,1,1.0,1
"day","2026-02-03","db_cham",8,1,1,1.0,1
"day","2026-02-03","db_head",4,1,1,1.0,1
"day","2026-02-03","db_tail",8,1,1,1.0,1
"day","2026-02-03","db_total",2,1,1,1.0,1
"day","2026-02-04","db_cham",1,1,1,1.0,1
"day","2026-02-04","db_cham",7,1,1,1.0,1
"day","2026-02-04","db_head",1,1,1,1.0,1
"day","2026-02-04","db_tail",7,1,1,1.0,1
"day","2026-02-04","db_total",8,1,1,1.0,1
"day","2026-02-05","db_cham",6,1,1,1.0,1
"day","2026-02-05","db_cham",8,1,1,1.0,1
"day","2026-02-05","db_head",6,1,1,1.0,1
"day","2026-02-05","db_tail",8,1,1,1.0,1
"day","2026-02-05","db_total",4,1,1,1.0,1
"day","2026-02-06","db_cham",3,1,1,1.0,1
"day","2026-02-06","db_head",3,1,1,1.0,1
"day","2026-02-06","db_tail",3,1,1,1.0,1
"day","2026-02-06","db_total",6,1,1,1.0,1
"day","2026-02-07","db_cham",5,1,1,1.0,1
"day","2026-02-07","db_cham",8,1,1,1.0,1
"day","2026-02-07","db_head",8,1,1,1.0,1
"day","2026-02-07","db_tail",5,1,1,1.0,1
"day","2026-02-07","db_total",3,1,1,1.0,1
"day","2026-02-08","db_cham",7,1,1,1.0,1
"day","2026-02-08","db_head",7,1,1,1.0,1
"day","2026-02-08","db_tail",7,1,1,1.0,1
"day","2026-02-08","db_total",4,1,1,1.0,1
"day","2026-02-09","db_cham",0,1,1,1.0,1
"day","2026-02-09","db_cham",1,1,1,1.0,1
"day","2026-02-09","db_head",0,1,1,1.0,1
"day","2026-02-09","db_tail",1,1,1,1.0,1
"day","2026-02-09","db_total",1,1,1,1.0,1
"day","2026-02-10","db_cham",0,1,1,1.0,1
"day","2026-02-10","db_cham",9,1,1,1.0,1
"day","2026-02-10","db_head",9,1,1,1.0,1
"day","2026-02-10","db_tail",0,1,1,1.0,1
"day","2026-02-10","db_total",9,1,1,1.0,1
"day","2026-02-11","db_cham",2,1,1,1.0,1
"day","2026-02-11","db_cham",9,1,1,1.0,1
"day","2026-02-11","db_head",9,1,1,1.0,1
"day","2026-02-11","db_tail",2,1,1,1.0,1
"day","2026-02-11","db_total",1,1,1,1.0,1
"day","2026-02-12","db_cham",5,1,1,1.0,1
"day","2026-02-12","db_cham",7,1,1,1.0,1
"day","2026-02-12","db_head",7,1,1,1.0,1
"day","2026-02-12","db_tail",5,1,1,1.0,1
"day","2026-02-12","db_total",2,1,1,1.0,1
"day","2026-02-13","db_cham",7,1,1,1.0,1
"day","2026-02-13","db_head",7,1,1,1.0,1
"day","2026-02-13","db_tail",7,1,1,1.0,1
"day","2026-02-13","db_total",4,1,1,1.0,1
"day","2026-02-14","db_cham",0,1,1,1.0,1
"day","2026-02-14","db_cham",3,1,1,1.0,1
"day","2026-02-14","db_head",3,1,1,1.0,1
"day","2026-02-14","db_tail",0,1,1,1.0,1
"day","2026-02-14","db_total",3,1,1,1.0,1
"day","2026-02-15","db_cham",0,1,1,1.0,1
"day","2026-02-15","db_cham",1,1,1,1.0,1
"day","2026-02-15","db_head",0,1,1,1.0,1
"day","2026-02-15","db_tail",1,1,1,1.0,1
"day","2026-02-15","db_total",1,1,1,1.0,1
"day","2026-02-16","db_cham",0,1,1,1.0,1
"day","2026-02-16","db_cham",1,1,1,1.0,1
"day","2026-02-16","db_head",0,1,1,1.0,1
"day","2026-02-16","db_tail",1,1,1,1.0,1
"day","2026-02-16","db_total",1,1,1,1.0,1
"day","2026-02-17","db_cham",0,1,1,1.0,1
"day","2026-02-17","db_cham",1,1,1,1.0,1
"day","2026-02-17","db_head",0,1,1,1.0,1
"day","2026-02-17","db_tail",1,1,1,1.0,1
"day","2026-02-17","db_total",1,1,1,1.0,1
"day","2026-02-18","db_cham",0,1,1,1.0,1
"day","2026-02-18","db_cham",1,1,1,1.0,1
"day","2026-02-18","db_head",0,1,1,1.0,1
"day","2026-02-18","db_tail",1,1,1,1.0,1
"day","2026-02-18","db_total",1,1,1,1.0,1
"day","2026-02-19","db_cham",0,1,1,1.0,1
"day","2026-02-19","db_cham",1,1,1,1.0,1
"day","2026-02-19","db_head",0,1,1,1.0,1
"day","2026-02-19","db_tail",1,1,1,1.0,1
"day","2026-02-19","db_total",1,1,1,1.0,1
"day","2026-02-20","db_cham",1,1,1,1.0,1
"day","2026-02-20","db_cham",8,1,1,1.0,1
"day","2026-02-20","db_head",8,1,1,1.0,1
"day","2026-02-20","db_tail",1,1,1,1.0,1
"day","2026-02-20","db_total",9,1,1,1.0,1
"day","2026-02-21","db_cham",1,1,1,1.0,1
"day","2026-02-21","db_cham",3,1,1,1.0,1
"day","2026-02-21","db_head",1,1,1,1.0,1
"day","2026-02-21","db_tail",3,1,1,1.0,1
"day","2026-02-21","db_total",4,1,1,1.0,1
"day","2026-02-22","db_cham",1,1,1,1.0,1
"day","2026-02-22","db_cham",2,1,1,1.0,1
"day","2026-02-22","db_head",1,1,1,1.0,1
"day","2026-02-22","db_tail",2,1,1,1.0,1
"day","2026-02-22","db_total",3,1,1,1.0,1
"day","2026-02-23","db_cham",5,1,1,1.0,1
"day","2026-02-23","db_head",5,1,1,1.0,1
"day","2026-02-23","db_tail",5,1,1,1.0,1
"day","2026-02-23","db_total",0,1,1,1.0,1
"day","2026-02-24","db_cham",3,1,1,1.0,1
"day","2026-02-24","db_cham",7,1,1,1.0,1
"day","2026-02-24","db_head",3,1,1,1.0,1
"day","2026-02-24","db_tail",7,1,1,1.0,1
"day","2026-02-24","db_total",0,1,1,1.0,1
"day","2026-02-25","db_cham",3,1,1,1.0,1
"day","2026-02-25","db_cham",5,1,1,1.0,1
"day","2026-02-25","db_head",5,1,1,1.0,1
"day","2026-02-25","db_tail",3,1,1,1.0,1
"day","2026-02-25","db_total",8,1,1,1.0,1
"day","2026-02-26","db_cham",0,1,1,1.0,1
"day","2026-02-26","db_cham",8,1,1,1.0,1
"day","2026-02-26","db_head",0,1,1,1.0,1
"day","2026-02-26","db_tail",8,1,1,1.0,1
"day","2026-02-26","db_total",8,1,1,1.0,1
"day","2026-02-27","db_cham",3,1,1,1.0,1
"day","2026-02-27","db_cham",8,1,1,1.0,1
"day","2026-02-27","db_head",8,1,1,1.0,1
"day","2026-02-27","db_tail",3,1,1,1.0,1
"day","2026-02-27","db_total",1,1,1,1.0,1
"day","2026-02-28","db_cham",1,1,1,1.0,1
"day","2026-02-28","db_cham",9,1,1,1.0,1
"day","2026-02-28","db_head",9,1,1,1.0,1
"day","2026-02-28","db_tail",1,1,1,1.0,1
"day","2026-02-28","db_total",0,1,1,1.0,1
"day","2026-03-01","db_cham",4,1,1,1.0,1
"day","2026-03-01","db_cham",8,1,1,1.0,1
"day","2026-03-01","db_head",4,1,1,1.0,1
"day","2026-03-01","db_tail",8,1,1,1.0,1
"day","2026-03-01","db_total",2,1,1,1.0,1
"day","2026-03-02","db_cham",5,1,1,1.0,1
"day","2026-03-02","db_cham",7,1,1,1.0,1
"day","2026-03-02","db_head",5,1,1,1.0,1
"day","2026-03-02","db_tail",7,1,1,1.0,1
"day","2026-03-02","db_total",2,1,1,1.0,1
"day","2026-03-03","db_cham",7,1,1,1.0,1
"day","2026-03-03","db_cham",8,1,1,1.0,1
"day","2026-03-03","db_head",7,1,1,1.0,1
"day","2026-03-03","db_tail",8,1,1,1.0,1
"day","2026-03-03","db_total",5,1,1,1.0,1
"day","2026-03-04","db_cham",1,1,1,1.0,1
"day","2026-03-04","db_cham",9,1,1,1.0,1
"day","2026-03-04","db_head",1,1,1,1.0,1
"day","2026-03-04","db_tail",9,1,1,1.0,1
"day","2026-03-04","db_total",0,1,1,1.0,1
"day","2026-03-05","db_cham",5,1,1,1.0,1
"day","2026-03-05","db_cham",9,1,1,1.0,1
"day","2026-03-05","db_head",5,1,1,1.0,1
"day","2026-03-05","db_tail",9,1,1,1.0,1
"day","2026-03-05","db_total",4,1,1,1.0,1
"day","2026-03-06","db_cham",4,1,1,1.0,1
"day","2026-03-06","db_cham",9,1,1,1.0,1
"day","2026-03-06","db_head",4,1,1,1.0,1
"day","2026-03-06","db_tail",9,1,1,1.0,1
"day","2026-03-06","db_total",3,1,1,1.0,1
"day","2026-03-07","db_cham",1,1,1,1.0,1
"day","2026-03-07","db_cham",5,1,1,1.0,1
"day","2026-03-07","db_head",5,1,1,1.0,1
"day","2026-03-07","db_tail",1,1,1,1.0,1
"day","2026-03-07","db_total",6,1,1,1.0,1
"day","2026-03-08","db_cham",3,1,1,1.0,1
"day","2026-03-08","db_cham",6,1,1,1.0,1
"day","2026-03-08","db_head",3,1,1,1.0,1
"day","2026-03-08","db_tail",6,1,1,1.0,1
"day","2026-03-08","db_total",9,1,1,1.0,1
"day","2026-03-09","db_cham",0,1,1,1.0,1
"day","2026-03-09","db_cham",8,1,1,1.0,1
"day","2026-03-09","db_head",8,1,1,1.0,1
"day","2026-03-09","db_tail",0,1,1,1.0,1
"day","2026-03-09","db_total",8,1,1,1.0,1
"day","2026-03-10","db_cham",2,1,1,1.0,1
"day","2026-03-10","db_cham",4,1,1,1.0,1
"day","2026-03-10","db_head",4,1,1,1.0,1
"day","2026-03-10","db_tail",2,1,1,1.0,1
"day","2026-03-10","db_total",6,1,1,1.0,1
"day","2026-03-11","db_cham",6,1,1,1.0,1
"day","2026-03-11","db_cham",8,1,1,1.0,1
"day","2026-03-11","db_head",6,1,1,1.0,1
"day","2026-03-11","db_tail",8,1,1,1.0,1
"day","2026-03-11","db_total",4,1,1,1.0,1
"day","2026-03-12","db_cham",2,1,1,1.0,1
"day","2026-03-12","db_cham",4,1,1,1.0,1
"day","2026-03-12","db_head",2,1,1,1.0,1
"day","2026-03-12","db_tail",4,1,1,1.0,1
"day","2026-03-12","db_total",6,1,1,1.0,1
"day","2026-03-13","db_cham",5,1,1,1.0,1
"day","2026-03-13","db_cham",9,1,1,1.0,1
"day","2026-03-13","db_head",5,1,1,1.0,1
"day","2026-03-13","db_tail",9,1,1,1.0,1
"day","2026-03-13","db_total",4,1,1,1.0,1
"day","2026-03-14","db_cham",4,1,1,1.0,1
"day","2026-03-14","db_cham",8,1,1,1.0,1
"day","2026-03-14","db_head",4,1,1,1.0,1
"day","2026-03-14","db_tail",8,1,1,1.0,1
"day","2026-03-14","db_total",2,1,1,1.0,1
"day","2026-03-15","db_cham",0,1,1,1.0,1
"day","2026-03-15","db_cham",7,1,1,1.0,1
"day","2026-03-15","db_head",7,1,1,1.0,1
"day","2026-03-15","db_tail",0,1,1,1.0,1
"day","2026-03-15","db_total",7,1,1,1.0,1
"day","2026-03-16","db_cham",2,1,1,1.0,1
"day","2026-03-16","db_cham",5,1,1,1.0,1
"day","2026-03-16","db_head",5,1,1,1.0,1
"day","2026-03-16","db_tail",2,1,1,1.0,1
"day","2026-03-16","db_total",7,1,1,1.0,1
"day","2026-03-17","db_cham",6,1,1,1.0,1
"day","2026-03-17","db_cham",9,1,1,1.0,1
"day","2026-03-17","db_head",6,1,1,1.0,1
"day","2026-03-17","db_tail",9,1,1,1.0,1
"day","2026-03-17","db_total",5,1,1,1.0,1
"day","2026-03-18","db_cham",7,1,1,1.0,1
"day","2026-03-18","db_cham",8,1,1,1.0,1
"day","2026-03-18","db_head",8,1,1,1.0,1
"day","2026-03-18","db_tail",7,1,1,1.0,1
"day","2026-03-18","db_total",5,1,1,1.0,1
"day","2026-03-19","db_cham",5,1,1,1.0,1
"day","2026-03-19","db_cham",9,1,1,1.0,1
"day","2026-03-19","db_head",9,1,1,1.0,1
"day","2026-03-19","db_tail",5,1,1,1.0,1
"day","2026-03-19","db_total",4,1,1,1.0,1
"day","2026-03-20","db_cham",2,1,1,1.0,1
"day","2026-03-20","db_cham",4,1,1,1.0,1
"day","2026-03-20","db_head",2,1,1,1.0,1
"day","2026-03-20","db_tail",4,1,1,1.0,1
"day","2026-03-20","db_total",6,1,1,1.0,1
"day","2026-03-21","db_cham",4,1,1,1.0,1
"day","2026-03-21","db_cham",9,1,1,1.0,1
"day","2026-03-21","db_head",9,1,1,1.0,1
"day","2026-03-21","db_tail",4,1,1,1.0,1
"day","2026-03-21","db_total",3,1,1,1.0,1
"day","2026-03-22","db_cham",4,1,1,1.0,1
"day","2026-03-22","db_cham",6,1,1,1.0,1
"day","2026-03-22","db_head",4,1,1,1.0,1
"day","2026-03-22","db_tail",6,1,1,1.0,1
"day","2026-03-22","db_total",0,1,1,1.0,1
"day","2026-03-23","db_cham",1,1,1,1.0,1
"day","2026-03-23","db_cham",4,1,1,1.0,1
"day","2026-03-23","db_head",1,1,1,1.0,1
"day","2026-03-23","db_tail",4,1,1,1.0,1
"day","2026-03-23","db_total",5,1,1,1.0,1
"day","2026-03-24","db_cham",2,1,1,1.0,1
"day","2026-03-24","db_cham",9,1,1,1.0,1
"day","2026-03-24","db_head",2,1,1,1.0,1
"day","2026-03-24","db_tail",9,1,1,1.0,1
"day","2026-03-24","db_total",1,1,1,1.0,1
"day","2026-03-25","db_cham",8,1,1,1.0,1
"day","2026-03-25","db_head",8,1,1,1.0,1
"day","2026-03-25","db_tail",8,1,1,1.0,1
"day","2026-03-25","db_total",6,1,1,1.0,1
"day","2026-03-26","db_cham",3,1,1,1.0,1
"day","2026-03-26","db_cham",9,1,1,1.0,1
"day","2026-03-26","db_head",9,1,1,1.0,1
"day","2026-03-26","db_tail",3,1,1,1.0,1
"day","2026-03-26","db_total",2,1,1,1.0,1
"day","2026-03-27","db_cham",2,1,1,1.0,1
"day","2026-03-27","db_cham",3,1,1,1.0,1
"day","2026-03-27","db_head",3,1,1,1.0,1
"day","2026-03-27","db_tail",2,1,1,1.0,1
"day","2026-03-27","db_total",5,1,1,1.0,1
"day","2026-03-28","db_cham",2,1,1,1.0,1
"day","2026-03-28","db_head",2,1,1,1.0,1
"day","2026-03-28","db_tail",2,1,1,1.0,1
"day","2026-03-28","db_total",4,1,1,1.0,1
"day","2026-03-29","db_cham",8,1,1,1.0,1
"day","2026-03-29","db_head",8,1,1,1.0,1
"day","2026-03-29","db_tail",8,1,1,1.0,1
"day","2026-03-29","db_total",6,1,1,1.0,1
"day","2026-03-30","db_cham",4,1,1,1.0,1
"day","2026-03-30","db_cham",6,1,1,1.0,1
"day","2026-03-30","db_head",6,1,1,1.0,1
"day","2026-03-30","db_tail",4,1,1,1.0,1
"day","2026-03-30","db_total",0,1,1,1.0,1
"day","2026-03-31","db_cham",1,1,1,1.0,1
"day","2026-03-31","db_cham",9,1,1,1.0,1
"day","2026-03-31","db_head",9,1,1,1.0,1
"day","2026-03-31","db_tail",1,1,1,1.0,1
"day","2026-03-31","db_total",0,1,1,1.0,1
"day","2026-04-01","db_cham",6,1,1,1.0,1
"day","2026-04-01","db_head",6,1,1,1.0,1
"day","2026-04-01","db_tail",6,1,1,1.0,1
"day","2026-04-01","db_total",2,1,1,1.0,1
"day","2026-04-02","db_cham",6,1,1,1.0,1
"day","2026-04-02","db_cham",7,1,1,1.0,1
"day","2026-04-02","db_head",6,1,1,1.0,1
"day","2026-04-02","db_tail",7,1,1,1.0,1
"day","2026-04-02","db_total",3,1,1,1.0,1
"day","2026-04-03","db_cham",4,1,1,1.0,1
"day","2026-04-03","db_head",4,1,1,1.0,1
"day","2026-04-03","db_tail",4,1,1,1.0,1
"day","2026-04-03","db_total",8,1,1,1.0,1
"day","2026-04-04","db_cham",3,1,1,1.0,1
"day","2026-04-04","db_cham",7,1,1,1.0,1
"day","2026-04-04","db_head",3,1,1,1.0,1
"day","2026-04-04","db_tail",7,1,1,1.0,1
"day","2026-04-04","db_total",0,1,1,1.0,1
"day","2026-04-05","db_cham",5,1,1,1.0,1
"day","2026-04-05","db_head",5,1,1,1.0,1
"day","2026-04-05","db_tail",5,1,1,1.0,1
"day","2026-04-05","db_total",0,1,1,1.0,1
"day","2026-04-06","db_cham",0,1,1,1.0,1
"day","2026-04-06","db_cham",6,1,1,1.0,1
"day","2026-04-06","db_head",0,1,1,1.0,1
"day","2026-04-06","db_tail",6,1,1,1.0,1
"day","2026-04-06","db_total",6,1,1,1.0,1
"day","2026-04-07","db_cham",2,1,1,1.0,1
"day","2026-04-07","db_cham",8,1,1,1.0,1
"day","2026-04-07","db_head",8,1,1,1.0,1
"day","2026-04-07","db_tail",2,1,1,1.0,1
"day","2026-04-07","db_total",0,1,1,1.0,1
"day","2026-04-08","db_cham",0,1,1,1.0,1
"day","2026-04-08","db_cham",5,1,1,1.0,1
"day","2026-04-08","db_head",5,1,1,1.0,1
"day","2026-04-08","db_tail",0,1,1,1.0,1
"day","2026-04-08","db_total",5,1,1,1.0,1
"day","2026-04-09","db_cham",2,1,1,1.0,1
"day","2026-04-09","db_cham",5,1,1,1.0,1
"day","2026-04-09","db_head",2,1,1,1.0,1
"day","2026-04-09","db_tail",5,1,1,1.0,1
"day","2026-04-09","db_total",7,1,1,1.0,1
"day","2026-04-10","db_cham",0,1,1,1.0,1
"day","2026-04-10","db_cham",2,1,1,1.0,1
"day","2026-04-10","db_head",2,1,1,1.0,1
"day","2026-04-10","db_tail",0,1,1,1.0,1
"day","2026-04-10","db_total",2,1,1,1.0,1
"day","2026-04-11","db_cham",0,1,1,1.0,1
"day","2026-04-11","db_cham",4,1,1,1.0,1
"day","2026-04-11","db_head",0,1,1,1.0,1
"day","2026-04-11","db_tail",4,1,1,1.0,1
"day","2026-04-11","db_total",4,1,1,1.0,1
"day","2026-04-12","db_cham",0,1,1,1.0,1
"day","2026-04-12","db_head",0,1,1,1.0,1
"day","2026-04-12","db_tail",0,1,1,1.0,1
"day","2026-04-12","db_total",0,1,1,1.0,1
"day","2026-04-13","db_cham",3,1,1,1.0,1
"day","2026-04-13","db_cham",8,1,1,1.0,1
"day","2026-04-13","db_head",3,1,1,1.0,1
"day","2026-04-13","db_tail",8,1,1,1.0,1
"day","2026-04-13","db_total",1,1,1,1.0,1
"day","2026-04-14","db_cham",3,1,1,1.0,1
"day","2026-04-14","db_cham",6,1,1,1.0,1
"day","2026-04-14","db_head",6,1,1,1.0,1
"day","2026-04-14","db_tail",3,1,1,1.0,1
"day","2026-04-14","db_total",9,1,1,1.0,1
"day","2026-04-15","db_cham",1,1,1,1.0,1
"day","2026-04-15","db_cham",4,1,1,1.0,1
"day","2026-04-15","db_head",1,1,1,1.0,1
"day","2026-04-15","db_tail",4,1,1,1.0,1
"day","2026-04-15","db_total",5,1,1,1.0,1
"day","2026-04-16","db_cham",3,1,1,1.0,1
"day","2026-04-16","db_cham",5,1,1,1.0,1
"day","2026-04-16","db_head",3,1,1,1.0,1
"day","2026-04-16","db_tail",5,1,1,1.0,1
"day","2026-04-16","db_total",8,1,1,1.0,1
"day","2026-04-17","db_cham",5,1,1,1.0,1
"day","2026-04-17","db_head",5,1,1,1.0,1
"day","2026-04-17","db_tail",5,1,1,1.0,1
"day","2026-04-17","db_total",0,1,1,1.0,1
"day","2026-04-18","db_cham",3,1,1,1.0,1
"day","2026-04-18","db_cham",4,1,1,1.0,1
"day","2026-04-18","db_head",4,1,1,1.0,1
"day","2026-04-18","db_tail",3,1,1,1.0,1
"day","2026-04-18","db_total",7,1,1,1.0,1
"day","2026-04-19","db_cham",2,1,1,1.0,1
"day","2026-04-19","db_cham",5,1,1,1.0,1
"day","2026-04-19","db_head",2,1,1,1.0,1
"day","2026-04-19","db_tail",5,1,1,1.0,1
"day","2026-04-19","db_total",7,1,1,1.0,1
"day","2026-04-20","db_cham",7,1,1,1.0,1
"day","2026-04-20","db_cham",9,1,1,1.0,1
"day","2026-04-20","db_head",9,1,1,1.0,1
"day","2026-04-20","db_tail",7,1,1,1.0,1
"day","2026-04-20","db_total",6,1,1,1.0,1
"day","2026-04-21","db_cham",6,1,1,1.0,1
"day","2026-04-21","db_cham",7,1,1,1.0,1
"day","2026-04-21","db_head",7,1,1,1.0,1
"day","2026-04-21","db_tail",6,1,1,1.0,1
"day","2026-04-21","db_total",3,1,1,1.0,1
"day","2026-04-22","db_cham",4,1,1,1.0,1
"day","2026-04-22","db_cham",8,1,1,1.0,1
"day","2026-04-22","db_head",4,1,1,1.0,1
"day","2026-04-22","db_tail",8,1,1,1.0,1
"day","2026-04-22","db_total",2,1,1,1.0,1
"day","2026-04-23","db_cham",3,1,1,1.0,1
"day","2026-04-23","db_cham",9,1,1,1.0,1
"day","2026-04-23","db_head",3,1,1,1.0,1
"day","2026-04-23","db_tail",9,1,1,1.0,1
"day","2026-04-23","db_total",2,1,1,1.0,1
"day","2026-04-24","db_cham",6,1,1,1.0,1
"day","2026-04-24","db_cham",7,1,1,1.0,1
"day","2026-04-24","db_head",7,1,1,1.0,1
"day","2026-04-24","db_tail",6,1,1,1.0,1
"day","2026-04-24","db_total",3,1,1,1.0,1
"day","2026-04-25","db_cham",1,1,1,1.0,1
"day","2026-04-25","db_cham",7,1,1,1.0,1
"day","2026-04-25","db_head",1,1,1,1.0,1
"day","2026-04-25","db_tail",7,1,1,1.0,1
"day","2026-04-25","db_total",8,1,1,1.0,1
"day","2026-04-26","db_cham",2,1,1,1.0,1
"day","2026-04-26","db_cham",8,1,1,1.0,1
"day","2026-04-26","db_head",2,1,1,1.0,1
"day","2026-04-26","db_tail",8,1,1,1.0,1
"day","2026-04-26","db_total",0,1,1,1.0,1
"day","2026-04-27","db_cham",5,1,1,1.0,1
"day","2026-04-27","db_cham",9,1,1,1.0,1
"day","2026-04-27","db_head",5,1,1,1.0,1
"day","2026-04-27","db_tail",9,1,1,1.0,1
"day","2026-04-27","db_total",4,1,1,1.0,1
"day","2026-04-28","db_cham",4,1,1,1.0,1
"day","2026-04-28","db_cham",5,1,1,1.0,1
"day","2026-04-28","db_head",5,1,1,1.0,1
"day","2026-04-28","db_tail",4,1,1,1.0,1
"day","2026-04-28","db_total",9,1,1,1.0,1
"day","2026-04-29","db_cham",6,1,1,1.0,1
"day","2026-04-29","db_cham",9,1,1,1.0,1
"day","2026-04-29","db_head",6,1,1,1.0,1
"day","2026-04-29","db_tail",9,1,1,1.0,1
"day","2026-04-29","db_total",5,1,1,1.0,1
"day","2026-04-30","db_cham",5,1,1,1.0,1
"day","2026-04-30","db_cham",7,1,1,1.0,1
"day","2026-04-30","db_head",7,1,1,1.0,1
"day","2026-04-30","db_tail",5,1,1,1.0,1
"day","2026-04-30","db_total",2,1,1,1.0,1
"day","2026-05-01","db_cham",3,1,1,1.0,1
"day","2026-05-01","db_cham",7,1,1,1.0,1
"day","2026-05-01","db_head",3,1,1,1.0,1
"day","2026-05-01","db_tail",7,1,1,1.0,1
"day","2026-05-01","db_total",0,1,1,1.0,1
"day","2026-05-02","db_cham",2,1,1,1.0,1
"day","2026-05-02","db_cham",3,1,1,1.0,1
"day","2026-05-02","db_head",3,1,1,1.0,1
"day","2026-05-02","db_tail",2,1,1,1.0,1
"day","2026-05-02","db_total",5,1,1,1.0,1
"day","2026-05-03","db_cham",4,1,1,1.0,1
"day","2026-05-03","db_cham",6,1,1,1.0,1
"day","2026-05-03","db_head",6,1,1,1.0,1
"day","2026-05-03","db_tail",4,1,1,1.0,1
"day","2026-05-03","db_total",0,1,1,1.0,1
"day","2026-05-04","db_cham",1,1,1,1.0,1
"day","2026-05-04","db_cham",5,1,1,1.0,1
"day","2026-05-04","db_head",5,1,1,1.0,1
"day","2026-05-04","db_tail",1,1,1,1.0,1
"day","2026-05-04","db_total",6,1,1,1.0,1
"day","2026-05-05","db_cham",1,1,1,1.0,1
"day","2026-05-05","db_cham",2,1,1,1.0,1
"day","2026-05-05","db_head",1,1,1,1.0,1
"day","2026-05-05","db_tail",2,1,1,1.0,1
"day","2026-05-05","db_total",3,1,1,1.0,1
"day","2026-05-06","db_cham",1,1,1,1.0,1
"day","2026-05-06","db_cham",4,1,1,1.0,1
"day","2026-05-06","db_head",4,1,1,1.0,1
"day","2026-05-06","db_tail",1,1,1,1.0,1
"day","2026-05-06","db_total",5,1,1,1.0,1
"day","2026-05-07","db_cham",0,1,1,1.0,1
"day","2026-05-07","db_cham",4,1,1,1.0,1
"day","2026-05-07","db_head",4,1,1,1.0,1
"day","2026-05-07","db_tail",0,1,1,1.0,1
"day","2026-05-07","db_total",4,1,1,1.0,1
"day","2026-05-08","db_cham",4,1,1,1.0,1
"day","2026-05-08","db_cham",7,1,1,1.0,1
"day","2026-05-08","db_head",4,1,1,1.0,1
"day","2026-05-08","db_tail",7,1,1,1.0,1
"day","2026-05-08","db_total",1,1,1,1.0,1
"day","2026-05-09","db_cham",2,1,1,1.0,1
"day","2026-05-09","db_cham",9,1,1,1.0,1
"day","2026-05-09","db_head",9,1,1,1.0,1
"day","2026-05-09","db_tail",2,1,1,1.0,1
"day","2026-05-09","db_total",1,1,1,1.0,1
"day","2026-05-10","db_cham",2,1,1,1.0,1
"day","2026-05-10","db_cham",3,1,1,1.0,1
"day","2026-05-10","db_head",2,1,1,1.0,1
"day","2026-05-10","db_tail",3,1,1,1.0,1
"day","2026-05-10","db_total",5,1,1,1.0,1
"day","2026-05-11","db_cham",1,1,1,1.0,1
"day","2026-05-11","db_cham",7,1,1,1.0,1
"day","2026-05-11","db_head",1,1,1,1.0,1
"day","2026-05-11","db_tail",7,1,1,1.0,1
"day","2026-05-11","db_total",8,1,1,1.0,1
"day","2026-05-12","db_cham",3,1,1,1.0,1
"day","2026-05-12","db_head",3,1,1,1.0,1
"day","2026-05-12","db_tail",3,1,1,1.0,1
"day","2026-05-12","db_total",6,1,1,1.0,1
"day","2026-05-13","db_cham",3,1,1,1.0,1
"day","2026-05-13","db_cham",8,1,1,1.0,1
"day","2026-05-13","db_head",3,1,1,1.0,1
"day","2026-05-13","db_tail",8,1,1,1.0,1
"day","2026-05-13","db_total",1,1,1,1.0,1
"day","2026-05-14","db_cham",6,1,1,1.0,1
"day","2026-05-14","db_cham",9,1,1,1.0,1
"day","2026-05-14","db_head",6,1,1,1.0,1
"day","2026-05-14","db_tail",9,1,1,1.0,1
"day","2026-05-14","db_total",5,1,1,1.0,1
"day","2026-05-15","db_cham",4,1,1,1.0,1
"day","2026-05-15","db_cham",9,1,1,1.0,1
"day","2026-05-15","db_head",9,1,1,1.0,1
"day","2026-05-15","db_tail",4,1,1,1.0,1
"day","2026-05-15","db_total",3,1,1,1.0,1
"day","2026-05-16","db_cham",0,1,1,1.0,1
"day","2026-05-16","db_cham",4,1,1,1.0,1
"day","2026-05-16","db_head",0,1,1,1.0,1
"day","2026-05-16","db_tail",4,1,1,1.0,1
"day","2026-05-16","db_total",4,1,1,1.0,1
"day","2026-05-17","db_cham",4,1,1,1.0,1
"day","2026-05-17","db_cham",8,1,1,1.0,1
"day","2026-05-17","db_head",8,1,1,1.0,1
"day","2026-05-17","db_tail",4,1,1,1.0,1
"day","2026-05-17","db_total",2,1,1,1.0,1
"day","2026-05-18","db_cham",1,1,1,1.0,1
"day","2026-05-18","db_cham",6,1,1,1.0,1
"day","2026-05-18","db_head",6,1,1,1.0,1
"day","2026-05-18","db_tail",1,1,1,1.0,1
"day","2026-05-18","db_total",7,1,1,1.0,1
"day","2026-05-19","db_cham",4,1,1,1.0,1
"day","2026-05-19","db_cham",5,1,1,1.0,1
"day","2026-05-19","db_head",5,1,1,1.0,1
"day","2026-05-19","db_tail",4,1,1,1.0,1
"day","2026-05-19","db_total",9,1,1,1.0,1
"day","2026-05-20","db_cham",6,1,1,1.0,1
"day","2026-05-20","db_cham",8,1,1,1.0,1
"day","2026-05-20","db_head",6,1,1,1.0,1
"day","2026-05-20","db_tail",8,1,1,1.0,1
"day","2026-05-20","db_total",4,1,1,1.0,1
"day","2026-05-21","db_cham",5,1,1,1.0,1
"day","2026-05-21","db_cham",8,1,1,1.0,1
"day","2026-05-21","db_head",8,1,1,1.0,1
"day","2026-05-21","db_tail",5,1,1,1.0,1
"day","2026-05-21","db_total",3,1,1,1.0,1
"day","2026-05-22","db_cham",3,1,1,1.0,1
"day","2026-05-22","db_cham",9,1,1,1.0,1
"day","2026-05-22","db_head",3,1,1,1.0,1
"day","2026-05-22","db_tail",9,1,1,1.0,1
"day","2026-05-22","db_total",2,1,1,1.0,1
"day","2026-05-23","db_cham",1,1,1,1.0,1
"day","2026-05-23","db_cham",2,1,1,1.0,1
"day","2026-05-23","db_head",2,1,1,1.0,1
"day","2026-05-23","db_tail",1,1,1,1.0,1
"day","2026-05-23","db_total",3,1,1,1.0,1
"day","2026-05-24","db_cham",0,1,1,1.0,1
"day","2026-05-24","db_cham",4,1,1,1.0,1
"day","2026-05-24","db_head",0,1,1,1.0,1
"day","2026-05-24","db_tail",4,1,1,1.0,1
"day","2026-05-24","db_total",4,1,1,1.0,1
"day","2026-05-25","db_cham",1,1,1,1.0,1
"day","2026-05-25","db_cham",8,1,1,1.0,1
"day","2026-05-25","db_head",8,1,1,1.0,1
"day","2026-05-25","db_tail",1,1,1,1.0,1
"day","2026-05-25","db_total",9,1,1,1.0,1
"day","2026-05-26","db_cham",1,1,1,1.0,1
"day","2026-05-26","db_head",1,1,1,1.0,1
"day","2026-05-26","db_tail",1,1,1,1.0,1
"day","2026-05-26","db_total",2,1,1,1.0,1
"day","2026-05-27","db_cham",1,1,1,1.0,1
"day","2026-05-27","db_cham",3,1,1,1.0,1
"day","2026-05-27","db_head",1,1,1,1.0,1
"day","2026-05-27","db_tail",3,1,1,1.0,1
"day","2026-05-27","db_total",4,1,1,1.0,1
"day","2026-05-28","db_cham",0,1,1,1.0,1
"day","2026-05-28","db_cham",5,1,1,1.0,1
"day","2026-05-28","db_head",5,1,1,1.0,1
"day","2026-05-28","db_tail",0,1,1,1.0,1
"day","2026-05-28","db_total",5,1,1,1.0,1
"day","2026-05-29","db_cham",4,1,1,1.0,1
"day","2026-05-29","db_cham",5,1,1,1.0,1
"day","2026-05-29","db_head",5,1,1,1.0,1
"day","2026-05-29","db_tail",4,1,1,1.0,1
"day","2026-05-29","db_total",9,1,1,1.0,1
"day","2026-05-30","db_cham",3,1,1,1.0,1
"day","2026-05-30","db_cham",4,1,1,1.0,1
"day","2026-05-30","db_head",4,1,1,1.0,1
"day","2026-05-30","db_tail",3,1,1,1.0,1
"day","2026-05-30","db_total",7,1,1,1.0,1
"day","2026-05-31","db_cham",2,1,1,1.0,1
"day","2026-05-31","db_cham",4,1,1,1.0,1
"day","2026-05-31","db_head",4,1,1,1.0,1
"day","2026-05-31","db_tail",2,1,1,1.0,1
"day","2026-05-31","db_total",6,1,1,1.0,1
"day","2026-06-01","db_cham",3,1,1,1.0,1
"day","2026-06-01","db_cham",5,1,1,1.0,1
"day","2026-06-01","db_head",5,1,1,1.0,1
"day","2026-06-01","db_tail",3,1,1,1.0,1
"day","2026-06-01","db_total",8,1,1,1.0,1
"day","2026-06-02","db_cham",2,1,1,1.0,1
"day","2026-06-02","db_cham",3,1,1,1.0,1
"day","2026-06-02","db_head",2,1,1,1.0,1
"day","2026-06-02","db_tail",3,1,1,1.0,1
"day","2026-06-02","db_total",5,1,1,1.0,1
"day","2026-06-03","db_cham",3,1,1,1.0,1
"day","2026-06-03","db_cham",6,1,1,1.0,1
"day","2026-06-03","db_head",3,1,1,1.0,1
"day","2026-06-03","db_tail",6,1,1,1.0,1
"day","2026-06-03","db_total",9,1,1,1.0,1
"day","2026-06-04","db_cham",3,1,1,1.0,1
"day","2026-06-04","db_cham",8,1,1,1.0,1
"day","2026-06-04","db_head",8,1,1,1.0,1
"day","2026-06-04","db_tail",3,1,1,1.0,1
"day","2026-06-04","db_total",1,1,1,1.0,1
"day","2026-06-05","db_cham",7,1,1,1.0,1
"day","2026-06-05","db_cham",8,1,1,1.0,1
"day","2026-06-05","db_head",7,1,1,1.0,1
"day","2026-06-05","db_tail",8,1,1,1.0,1
"day","2026-06-05","db_total",5,1,1,1.0,1
"day","2026-06-06","db_cham",5,1,1,1.0,1
"day","2026-06-06","db_cham",6,1,1,1.0,1
"day","2026-06-06","db_head",6,1,1,1.0,1
"day","2026-06-06","db_tail",5,1,1,1.0,1
"day","2026-06-06","db_total",1,1,1,1.0,1
"day","2026-06-07","db_cham",3,1,1,1.0,1
"day","2026-06-07","db_cham",9,1,1,1.0,1
"day","2026-06-07","db_head",9,1,1,1.0,1
"day","2026-06-07","db_tail",3,1,1,1.0,1
"day","2026-06-07","db_total",2,1,1,1.0,1
"day","2026-06-08","db_cham",0,1,1,1.0,1
"day","2026-06-08","db_cham",5,1,1,1.0,1
"day","2026-06-08","db_head",0,1,1,1.0,1
"day","2026-06-08","db_tail",5,1,1,1.0,1
"day","2026-06-08","db_total",5,1,1,1.0,1
"day","2026-06-09","db_cham",1,1,1,1.0,1
"day","2026-06-09","db_cham",5,1,1,1.0,1
"day","2026-06-09","db_head",5,1,1,1.0,1
"day","2026-06-09","db_tail",1,1,1,1.0,1
"day","2026-06-09","db_total",6,1,1,1.0,1
"day","2026-06-10","db_cham",0,1,1,1.0,1
"day","2026-06-10","db_cham",8,1,1,1.0,1
"day","2026-06-10","db_head",0,1,1,1.0,1
"day","2026-06-10","db_tail",8,1,1,1.0,1
"day","2026-06-10","db_total",8,1,1,1.0,1
"day","2026-06-11","db_cham",3,1,1,1.0,1
"day","2026-06-11","db_cham",8,1,1,1.0,1
"day","2026-06-11","db_head",8,1,1,1.0,1
"day","2026-06-11","db_tail",3,1,1,1.0,1
"day","2026-06-11","db_total",1,1,1,1.0,1
"day","2026-06-12","db_cham",8,1,1,1.0,1
"day","2026-06-12","db_cham",9,1,1,1.0,1
"day","2026-06-12","db_head",8,1,1,1.0,1
"day","2026-06-12","db_tail",9,1,1,1.0,1
"day","2026-06-12","db_total",7,1,1,1.0,1
"day","2026-06-13","db_cham",1,1,1,1.0,1
"day","2026-06-13","db_cham",4,1,1,1.0,1
"day","2026-06-13","db_head",1,1,1,1.0,1
"day","2026-06-13","db_tail",4,1,1,1.0,1
"day","2026-06-13","db_total",5,1,1,1.0,1
"day","2026-06-14","db_cham",0,1,1,1.0,1
"day","2026-06-14","db_head",0,1,1,1.0,1
"day","2026-06-14","db_tail",0,1,1,1.0,1
"day","2026-06-14","db_total",0,1,1,1.0,1
"day","2026-06-15","db_cham",0,1,1,1.0,1
"day","2026-06-15","db_cham",8,1,1,1.0,1
"day","2026-06-15","db_head",8,1,1,1.0,1
"day","2026-06-15","db_tail",0,1,1,1.0,1
"day","2026-06-15","db_total",8,1,1,1.0,1
"day","2026-06-16","db_cham",4,1,1,1.0,1
"day","2026-06-16","db_cham",8,1,1,1.0,1
"day","2026-06-16","db_head",8,1,1,1.0,1
"day","2026-06-16","db_tail",4,1,1,1.0,1
"day","2026-06-16","db_total",2,1,1,1.0,1
"day","2026-06-17","db_cham",0,1,1,1.0,1
"day","2026-06-17","db_cham",3,1,1,1.0,1
"day","2026-06-17","db_head",0,1,1,1.0,1
"day","2026-06-17","db_tail",3,1,1,1.0,1
"day","2026-06-17","db_total",3,1,1,1.0,1
"day","2026-06-18","db_cham",2,1,1,1.0,1
"day","2026-06-18","db_cham",3,1,1,1.0,1
"day","2026-06-18","db_head",3,1,1,1.0,1
"day","2026-06-18","db_tail",2,1,1,1.0,1
"day","2026-06-18","db_total",5,1,1,1.0,1
"day","2026-06-19","db_cham",5,1,1,1.0,1
"day","2026-06-19","db_head",5,1,1,1.0,1
"day","2026-06-19","db_tail",5,1,1,1.0,1
"day","2026-06-19","db_total",0,1,1,1.0,1
"day","2026-06-20","db_cham",0,1,1,1.0,1
"day","2026-06-20","db_cham",6,1,1,1.0,1
"day","2026-06-20","db_head",6,1,1,1.0,1
"day","2026-06-20","db_tail",0,1,1,1.0,1
"day","2026-06-20","db_total",6,1,1,1.0,1
"day","2026-06-21","db_cham",3,1,1,1.0,1
"day","2026-06-21","db_cham",8,1,1,1.0,1
"day","2026-06-21","db_head",8,1,1,1.0,1
"day","2026-06-21","db_tail",3,1,1,1.0,1
"day","2026-06-21","db_total",1,1,1,1.0,1
"day","2026-06-22","db_cham",3,1,1,1.0,1
"day","2026-06-22","db_cham",6,1,1,1.0,1
"day","2026-06-22","db_head",3,1,1,1.0,1
"day","2026-06-22","db_tail",6,1,1,1.0,1
"day","2026-06-22","db_total",9,1,1,1.0,1
"day","2026-06-23","db_cham",3,1,1,1.0,1
"day","2026-06-23","db_cham",7,1,1,1.0,1
"day","2026-06-23","db_head",3,1,1,1.0,1
"day","2026-06-23","db_tail",7,1,1,1.0,1
"day","2026-06-23","db_total",0,1,1,1.0,1
"day","2026-06-24","db_cham",1,1,1,1.0,1
"day","2026-06-24","db_cham",5,1,1,1.0,1
"day","2026-06-24","db_head",5,1,1,1.0,1
"day","2026-06-24","db_tail",1,1,1,1.0,1
"day","2026-06-24","db_total",6,1,1,1.0,1
"day","2026-06-25","db_cham",1,1,1,1.0,1
"day","2026-06-25","db_cham",6,1,1,1.0,1
"day","2026-06-25","db_head",1,1,1,1.0,1
"day","2026-06-25","db_tail",6,1,1,1.0,1
"day","2026-06-25","db_total",7,1,1,1.0,1
"day","2026-06-26","db_cham",0,1,1,1.0,1
"day","2026-06-26","db_cham",4,1,1,1.0,1
"day","2026-06-26","db_head",0,1,1,1.0,1
"day","2026-06-26","db_tail",4,1,1,1.0,1
"day","2026-06-26","db_total",4,1,1,1.0,1
"day","2026-06-27","db_cham",3,1,1,1.0,1
"day","2026-06-27","db_cham",5,1,1,1.0,1
"day","2026-06-27","db_head",5,1,1,1.0,1
"day","2026-06-27","db_tail",3,1,1,1.0,1
"day","2026-06-27","db_total",8,1,1,1.0,1
"day","2026-06-28","db_cham",2,1,1,1.0,1
"day","2026-06-28","db_cham",5,1,1,1.0,1
"day","2026-06-28","db_head",5,1,1,1.0,1
"day","2026-06-28","db_tail",2,1,1,1.0,1
"day","2026-06-28","db_total",7,1,1,1.0,1
"day","2026-06-29","db_cham",2,1,1,1.0,1
"day","2026-06-29","db_cham",4,1,1,1.0,1
"day","2026-06-29","db_head",4,1,1,1.0,1
"day","2026-06-29","db_tail",2,1,1,1.0,1
"day","2026-06-29","db_total",6,1,1,1.0,1
"day","2026-06-30","db_cham",6,1,1,1.0,1
"day","2026-06-30","db_cham",8,1,1,1.0,1
"day","2026-06-30","db_head",6,1,1,1.0,1
"day","2026-06-30","db_tail",8,1,1,1.0,1
"day","2026-06-30","db_total",4,1,1,1.0,1
"day","2026-07-01","db_cham",4,1,1,1.0,1
"day","2026-07-01","db_cham",5,1,1,1.0,1
"day","2026-07-01","db_head",5,1,1,1.0,1
"day","2026-07-01","db_tail",4,1,1,1.0,1
"day","2026-07-01","db_total",9,1,1,1.0,1
"day","2026-07-02","db_cham",3,1,1,1.0,1
"day","2026-07-02","db_cham",9,1,1,1.0,1
"day","2026-07-02","db_head",3,1,1,1.0,1
"day","2026-07-02","db_tail",9,1,1,1.0,1
"day","2026-07-02","db_total",2,1,1,1.0,1
"day","2026-07-03","db_cham",5,1,1,1.0,1
"day","2026-07-03","db_cham",6,1,1,1.0,1
"day","2026-07-03","db_head",6,1,1,1.0,1
"day","2026-07-03","db_tail",5,1,1,1.0,1
"day","2026-07-03","db_total",1,1,1,1.0,1
"day","2026-07-04","db_cham",7,1,1,1.0,1
"day","2026-07-04","db_cham",8,1,1,1.0,1
"day","2026-07-04","db_head",8,1,1,1.0,1
"day","2026-07-04","db_tail",7,1,1,1.0,1
"day","2026-07-04","db_total",5,1,1,1.0,1
"day","2026-07-05","db_cham",1,1,1,1.0,1
"day","2026-07-05","db_cham",7,1,1,1.0,1
"day","2026-07-05","db_head",7,1,1,1.0,1
"day","2026-07-05","db_tail",1,1,1,1.0,1
"day","2026-07-05","db_total",8,1,1,1.0,1
"day","2026-07-06","db_cham",7,1,1,1.0,1
"day","2026-07-06","db_cham",9,1,1,1.0,1
"day","2026-07-06","db_head",9,1,1,1.0,1
"day","2026-07-06","db_tail",7,1,1,1.0,1
"day","2026-07-06","db_total",6,1,1,1.0,1
"day","2026-07-07","db_cham",7,1,1,1.0,1
"day","2026-07-07","db_cham",9,1,1,1.0,1
"day","2026-07-07","db_head",7,1,1,1.0,1
"day","2026-07-07","db_tail",9,1,1,1.0,1
"day","2026-07-07","db_total",6,1,1,1.0,1
"day","2026-07-08","db_cham",8,1,1,1.0,1
"day","2026-07-08","db_cham",9,1,1,1.0,1
"day","2026-07-08","db_head",8,1,1,1.0,1
"day","2026-07-08","db_tail",9,1,1,1.0,1
"day","2026-07-08","db_total",7,1,1,1.0,1
"day","2026-07-09","db_cham",5,1,1,1.0,1
"day","2026-07-09","db_cham",8,1,1,1.0,1
"day","2026-07-09","db_head",8,1,1,1.0,1
"day","2026-07-09","db_tail",5,1,1,1.0,1
"day","2026-07-09","db_total",3,1,1,1.0,1
"day","2026-07-10","db_cham",6,1,1,1.0,1
"day","2026-07-10","db_cham",7,1,1,1.0,1
"day","2026-07-10","db_head",6,1,1,1.0,1
"day","2026-07-10","db_tail",7,1,1,1.0,1
"day","2026-07-10","db_total",3,1,1,1.0,1
"day","2026-07-11","db_cham",0,1,1,1.0,1
"day","2026-07-11","db_cham",1,1,1,1.0,1
"day","2026-07-11","db_head",0,1,1,1.0,1
"day","2026-07-11","db_tail",1,1,1,1.0,1
"day","2026-07-11","db_total",1,1,1,1.0,1
"day","2026-07-12","db_cham",4,1,1,1.0,1
"day","2026-07-12","db_cham",9,1,1,1.0,1
"day","2026-07-12","db_head",9,1,1,1.0,1
"day","2026-07-12","db_tail",4,1,1,1.0,1
"day","2026-07-12","db_total",3,1,1,1.0,1
"day","2026-07-13","db_cham",9,1,1,1.0,1
"day","2026-07-13","db_head",9,1,1,1.0,1
"day","2026-07-13","db_tail",9,1,1,1.0,1
"day","2026-07-13","db_total",8,1,1,1.0,1
"day","2026-07-14","db_cham",4,1,1,1.0,1
"day","2026-07-14","db_cham",7,1,1,1.0,1
"day","2026-07-14","db_head",4,1,1,1.0,1
"day","2026-07-14","db_tail",7,1,1,1.0,1
"day","2026-07-14","db_total",1,1,1,1.0,1
"day","2026-07-15","db_cham",1,1,1,1.0,1
"day","2026-07-15","db_cham",9,1,1,1.0,1
"day","2026-07-15","db_head",1,1,1,1.0,1
"day","2026-07-15","db_tail",9,1,1,1.0,1
"day","2026-07-15","db_total",0,1,1,1.0,1
"day","2026-07-16","db_cham",3,1,1,1.0,1
"day","2026-07-16","db_cham",6,1,1,1.0,1
"day","2026-07-16","db_head",6,1,1,1.0,1
"day","2026-07-16","db_tail",3,1,1,1.0,1
"day","2026-07-16","db_total",9,1,1,1.0,1
"day","2026-07-17","db_cham",3,1,1,1.0,1
"day","2026-07-17","db_cham",9,1,1,1.0,1
"day","2026-07-17","db_head",3,1,1,1.0,1
"day","2026-07-17","db_tail",9,1,1,1.0,1
"day","2026-07-17","db_total",2,1,1,1.0,1
"day","2026-07-18","db_cham",0,1,1,1.0,1
"day","2026-07-18","db_cham",9,1,1,1.0,1
"day","2026-07-18","db_head",9,1,1,1.0,1
"day","2026-07-18","db_tail",0,1,1,1.0,1
"day","2026-07-18","db_total",9,1,1,1.0,1
"day","2026-07-19","db_cham",3,1,1,1.0,1
"day","2026-07-19","db_cham",8,1,1,1.0,1
"day","2026-07-19","db_head",3,1,1,1.0,1
"day","2026-07-19","db_tail",8,1,1,1.0,1
"day","2026-07-19","db_total",1,1,1,1.0,1
"day","2026-07-20","db_cham",2,1,1,1.0,1
"day","2026-07-20","db_cham",8,1,1,1.0,1
"day","2026-07-20","db_head",2,1,1,1.0,1
"day","2026-07-20","db_tail",8,1,1,1.0,1
"day","2026-07-20","db_total",0,1,1,1.0,1
"day","2026-07-21","db_cham",0,1,1,1.0,1
"day","2026-07-21","db_cham",7,1,1,1.0,1
"day","2026-07-21","db_head",7,1,1,1.0,1
"day","2026-07-21","db_tail",0,1,1,1.0,1
"day","2026-07-21","db_total",7,1,1,1.0,1
"day","2026-07-22","db_cham",4,1,1,1.0,1
"day","2026-07-22","db_cham",5,1,1,1.0,1
"day","2026-07-22","db_head",5,1,1,1.0,1
"day","2026-07-22","db_tail",4,1,1,1.0,1
"day","2026-07-22","db_total",9,1,1,1.0,1
"day","2026-07-23","db_cham",4,1,1,1.0,1
"day","2026-07-23","db_cham",5,1,1,1.0,1
"day","2026-07-23","db_head",5,1,1,1.0,1
"day","2026-07-23","db_tail",4,1,1,1.0,1
"day","2026-07-23","db_total",9,1,1,1.0,1
"day","2026-07-24","db_cham",3,1,1,1.0,1
"day","2026-07-24","db_cham",8,1,1,1.0,1
"day","2026-07-24","db_head",3,1,1,1.0,1
"day","2026-07-24","db_tail",8,1,1,1.0,1
"day","2026-07-24","db_total",1,1,1,1.0,1
"day","2026-07-25","db_cham",2,1,1,1.0,1
"day","2026-07-25","db_cham",8,1,1,1.0,1
"day","2026-07-25","db_head",2,1,1,1.0,1
"day","2026-07-25","db_tail",8,1,1,1.0,1
"day","2026-07-25","db_total",0,1,1,1.0,1
"day","2026-07-26","db_cham",1,1,1,1.0,1
"day","2026-07-26","db_cham",6,1,1,1.0,1
"day","2026-07-26","db_head",1,1,1,1.0,1
"day","2026-07-26","db_tail",6,1,1,1.0,1
"day","2026-07-26","db_total",7,1,1,1.0,1
"day","2026-07-27","db_cham",6,1,1,1.0,1
"day","2026-07-27","db_cham",9,1,1,1.0,1
"day","2026-07-27","db_head",9,1,1,1.0,1
"day","2026-07-27","db_tail",6,1,1,1.0,1
"day","2026-07-27","db_total",5,1,1,1.0,1
"day","2026-07-28","db_cham",0,1,1,1.0,1
"day","2026-07-28","db_head",0,1,1,1.0,1
"day","2026-07-28","db_tail",0,1,1,1.0,1
"day","2026-07-28","db_total",0,1,1,1.0,1
"day","2026-07-29","db_cham",3,1,1,1.0,1
"day","2026-07-29","db_cham",8,1,1,1.0,1
"day","2026-07-29","db_head",8,1,1,1.0,1
"day","2026-07-29","db_tail",3,1,1,1.0,1
"day","2026-07-29","db_total",1,1,1,1.0,1
"day","2026-07-30","db_cham",3,1,1,1.0,1
"day","2026-07-30","db_cham",4,1,1,1.0,1
"day","2026-07-30","db_head",3,1,1,1.0,1
"day","2026-07-30","db_tail",4,1,1,1.0,1
"day","2026-07-30","db_total",7,1,1,1.0,1
"day","2026-07-31","db_cham",0,1,1,1.0,1
"day","2026-07-31","db_cham",1,1,1,1.0,1
"day","2026-07-31","db_head",1,1,1,1.0,1
"day","2026-07-31","db_tail",0,1,1,1.0,1
"day","2026-07-31","db_total",1,1,1,1.0,1
"day","2026-08-01","db_cham",2,1,1,1.0,1
"day","2026-08-01","db_cham",3,1,1,1.0,1
"day","2026-08-01","db_head",2,1,1,1.0,1
"day","2026-08-01","db_tail",3,1,1,1.0,1
"day","2026-08-01","db_total",5,1,1,1.0,1
"day","2026-08-02","db_cham",0,1,1,1.0,1
"day","2026-08-02","db_cham",9,1,1,1.0,1
"day","2026-08-02","db_head",0,1,1,1.0,1
"day","2026-08-02","db_tail",9,1,1,1.0,1
"day","2026-08-02","db_total",9,1,1,1.0,1
"day","2026-08-03","db_cham",4,1,1,1.0,1
"day","2026-08-03","db_cham",7,1,1,1.0,1
"day","2026-08-03","db_head",4,1,1,1.0,1
"day","2026-08-03","db_tail",7,1,1,1.0,1
"day","2026-08-03","db_total",1,1,1,1.0,1
"day","2026-08-04","db_cham",2,1,1,1.0,1
"day","2026-08-04","db_cham",5,1,1,1.0,1
"day","2026-08-04","db_head",2,1,1,1.0,1
"day","2026-08-04","db_tail",5,1,1,1.0,1
"day","2026-08-04","db_total",7,1,1,1.0,1
"day","2026-08-05","db_cham",0,1,1,1.0,1
"day","2026-08-05","db_cham",6,1,1,1.0,1
"day","2026-08-05","db_head",6,1,1,1.0,1
"day","2026-08-05","db_tail",0,1,1,1.0,1
"day","2026-08-05","db_total",6,1,1,1.0,1
"day","2026-08-06","db_cham",6,1,1,1.0,1
"day","2026-08-06","db_cham",7,1,1,1.0,1
"day","2026-08-06","db_head",6,1,1,1.0,1
"day","2026-08-06","db_tail",7,1,1,1.0,1
"day","2026-08-06","db_total",3,1,1,1.0,1
"day","2026-08-07","db_cham",7,1,1,1.0,1
"day","2026-08-07","db_cham",9,1,1,1.0,1
"day","2026-08-07","db_head",7,1,1,1.0,1
"day","2026-08-07","db_tail",9,1,1,1.0,1
"day","2026-08-07","db_total",6,1,1,1.0,1
"day","2026-08-08","db_cham",2,1,1,1.0,1
"day","2026-08-08","db_head",2,1,1,1.0,1
"day","2026-08-08","db_tail",2,1,1,1.0,1
"day","2026-08-08","db_total",4,1,1,1.0,1
"day","2026-08-09","db_cham",1,1,1,1.0,1
"day","2026-08-09","db_cham",2,1,1,1.0,1
"day","2026-08-09","db_head",2,1,1,1.0,1
"day","2026-08-09","db_tail",1,1,1,1.0,1
"day","2026-08-09","db_total",3,1,1,1.0,1
"day","2026-08-10","db_cham",5,1,1,1.0,1
"day","2026-08-10","db_cham",7,1,1,1.0,1
"day","2026-08-10","db_head",5,1,1,1.0,1
"day","2026-08-10","db_tail",7,1,1,1.0,1
"day","2026-08-10","db_total",2,1,1,1.0,1
"day","2026-08-11","db_cham",1,1,1,1.0,1
"day","2026-08-11","db_cham",9,1,1,1.0,1
"day","2026-08-11","db_head",9,1,1,1.0,1
"day","2026-08-11","db_tail",1,1,1,1.0,1
"day","2026-08-11","db_total",0,1,1,1.0,1
"day","2026-08-12","db_cham",2,1,1,1.0,1
"day","2026-08-12","db_cham",6,1,1,1.0,1
"day","2026-08-12","db_head",2,1,1,1.0,1
"day","2026-08-12","db_tail",6,1,1,1.0,1
"day","2026-08-12","db_total",8,1,1,1.0,1
"day","2026-08-13","db_cham",4,1,1,1.0,1
"day","2026-08-13","db_head",4,1,1,1.0,1
"day","2026-08-13","db_tail",4,1,1,1.0,1
"day","2026-08-13","db_total",8,1,1,1.0,1
"day","2026-08-14","db_cham",1,1,1,1.0,1
"day","2026-08-14","db_cham",8,1,1,1.0,1
"day","2026-08-14","db_head",1,1,1,1.0,1
"day","2026-08-14","db_tail",8,1,1,1.0,1
"day","2026-08-14","db_total",9,1,1,1.0,1
"day","2026-08-15","db_cham",7,1,1,1.0,1
"day","2026-08-15","db_cham",8,1,1,1.0,1
"day","2026-08-15","db_head",7,1,1,1.0,1
"day","2026-08-15","db_tail",8,1,1,1.0,1
"day","2026-08-15","db_total",5,1,1,1.0,1
"day","2026-08-16","db_cham",6,1,1,1.0,1
"day","2026-08-16","db_cham",9,1,1,1.0,1
"day","2026-08-16","db_head",9,1,1,1.0,1
"day","2026-08-16","db_tail",6,1,1,1.0,1
"day","2026-08-16","db_total",5,1,1,1.0,1
"day","2026-08-17","db_cham",3,1,1,1.0,1
"day","2026-08-17","db_cham",9,1,1,1.0,1
"day","2026-08-17","db_head",3,1,1,1.0,1
"day","2026-08-17","db_tail",9,1,1,1.0,1
"day","2026-08-17","db_total",2,1,1,1.0,1
"day","2026-08-18","db_cham",3,1,1,1.0,1
"day","2026-08-18","db_cham",8,1,1,1.0,1
"day","2026-08-18","db_head",8,1,1,1.0,1
"day","2026-08-18","db_tail",3,1,1,1.0,1
"day","2026-08-18","db_total",1,1,1,1.0,1
"day","2026-08-19","db_cham",3,1,1,1.0,1
"day","2026-08-19","db_cham",4,1,1,1.0,1
"day","2026-08-19","db_head",4,1,1,1.0,1
"day","2026-08-19","db_tail",3,1,1,1.0,1
"day","2026-08-19","db_total",7,1,1,1.0,1
"day","2026-08-20","db_cham",2,1,1,1.0,1
"day","2026-08-20","db_cham",3,1,1,1.0,1
"day","2026-08-20","db_head",2,1,1,1.0,1
"day","2026-08-20","db_tail",3,1,1,1.0,1
"day","2026-08-20","db_total",5,1,1,1.0,1
"day","2026-08-21","db_cham",3,1,1,1.0,1
"day","2026-08-21","db_head",3,1,1,1.0,1
"day","2026-08-21","db_tail",3,1,1,1.0,1
"day","2026-08-21","db_total",6,1,1,1.0,1
"day","2026-08-22","db_cham",1,1,1,1.0,1
"day","2026-08-22","db_cham",3,1,1,1.0,1
"day","2026-08-22","db_head",1,1,1,1.0,1
"day","2026-08-22","db_tail",3,1,1,1.0,1
"day","2026-08-22","db_total",4,1,1,1.0,1
"day","2026-08-23","db_cham",3,1,1,1.0,1
"day","2026-08-23","db_cham",8,1,1,1.0,1
"day","2026-08-23","db_head",3,1,1,1.0,1
"day","2026-08-23","db_tail",8,1,1,1.0,1
"day","2026-08-23","db_total",1,1,1,1.0,1
"day","2026-08-24","db_cham",1,1,1,1.0,1
"day","2026-08-24","db_cham",7,1,1,1.0,1
"day","2026-08-24","db_head",1,1,1,1.0,1
"day","2026-08-24","db_tail",7,1,1,1.0,1
"day","2026-08-24","db_total",8,1,1,1.0,1
"day","2026-08-25","db_cham",0,1,1,1.0,1
"day","2026-08-25","db_cham",8,1,1,1.0,1
"day","2026-08-25","db_head",8,1,1,1.0,1
"day","2026-08-25","db_tail",0,1,1,1.0,1
"day","2026-08-25","db_total",8,1,1,1.0,1
"day","2026-08-26","db_cham",1,1,1,1.0,1
"day","2026-08-26","db_cham",6,1,1,1.0,1
"day","2026-08-26","db_head",6,1,1,1.0,1
"day","2026-08-26","db_tail",1,1,1,1.0,1
"day","2026-08-26","db_total",7,1,1,1.0,1
"day","2026-08-27","db_cham",4,1,1,1.0,1
"day","2026-08-27","db_cham",5,1,1,1.0,1
"day","2026-08-27","db_head",4,1,1,1.0,1
"day","2026-08-27","db_tail",5,1,1,1.0,1
"day","2026-08-27","db_total",9,1,1,1.0,1
"day","2026-08-28","db_cham",6,1,1,1.0,1
"day","2026-08-28","db_cham",8,1,1,1.0,1
"day","2026-08-28","db_head",6,1,1,1.0,1
"day","2026-08-28","db_tail",8,1,1,1.0,1
"day","2026-08-28","db_total",4,1,1,1.0,1
"day","2026-08-29","db_cham",3,1,1,1.0,1
"day","2026-08-29","db_cham",7,1,1,1.0,1
"day","2026-08-29","db_head",3,1,1,1.0,1
"day","2026-08-29","db_tail",7,1,1,1.0,1
"day","2026-08-29","db_total",0,1,1,1.0,1
"day","2026-08-30","db_cham",2,1,1,1.0,1
"day","2026-08-30","db_cham",7,1,1,1.0,1
"day","2026-08-30","db_head",7,1,1,1.0,1
"day","2026-08-30","db_tail",2,1,1,1.0,1
"day","2026-08-30","db_total",9,1,1,1.0,1
