"period_kind","period_key","number","number_str","freq","rank_in_period"
"year","2015",0,"00",5,5
"year","2015",1,"01",5,5
"year","2015",2,"02",1,9
"year","2015",3,"03",5,5
"year","2015",4,"04",3,7
"year","2015",5,"05",4,6
"year","2015",6,"06",4,6
"year","2015",7,"07",4,6
"year","2015",8,"08",5,5
"year","2015",9,"09",4,6
"year","2015",10,"10",3,7
"year","2015",11,"11",1,9
"year","2015",12,"12",6,4
"year","2015",13,"13",5,5
"year","2015",14,"14",5,5
"year","2015",15,"15",6,4
"year","2015",16,"16",2,8
"year","2015",17,"17",3,7
"year","2015",18,"18",4,6
"year","2015",19,"19",4,6
"year","2015",20,"20",8,2
"year","2015",21,"21",1,9
"year","2015",22,"22",5,5
"year","2015",24,"24",2,8
"year","2015",25,"25",5,5
"year","2015",26,"26",2,8
"year","2015",27,"27",3,7
"year","2015",28,"28",3,7
"year","2015",29,"29",4,6
"year","2015",30,"30",2,8
"year","2015",31,"31",9,1
"year","2015",32,"32",2,8
"year","2015",33,"33",4,6
"year","2015",34,"34",2,8
"year","2015",35,"35",3,7
"year","2015",36,"36",8,2
"year","2015",37,"37",2,8
"year","2015",38,"38",3,7
"year","2015",39,"39",4,6
"year","2015",40,"40",4,6
"year","2015",42,"42",2,8
"year","2015",43,"43",5,5
"year","2015",44,"44",2,8
"year","2015",45,"45",6,4
"year","2015",46,"46",5,5
"year","2015",47,"47",4,6
"year","2015",48,"48",4,6
"year","2015",49,"49",3,7
"year","2015",50,"50",3,7
"year","2015",51,"51",2,8
"year","2015",52,"52",1,9
"year","2015",53,"53",3,7
"year","2015",54,"54",3,7
"year","2015",55,"55",3,7
"year","2015",56,"56",9,1
"year","2015",57,"57",2,8
"year","2015",58,"58",2,8
"year","2015",59,"59",3,7
"year","2015",60,"60",3,7
"year","2015",61,"61",2,8
"year","2015",62,"62",6,4
"year","2015",63,"63",4,6
"year","2015",64,"64",2,8
"year","2015",65,"65",3,7
"year","2015",66,"66",2,8
"year","2015",67,"67",2,8
"year","2015",68,"68",4,6
"year","2015",69,"69",4,6
"year","2015",70,"70",4,6
"year","2015",71,"71",4,6
"year","2015",72,"72",3,7
"year","2015",73,"73",4,6
"year","2015",74,"74",2,8
"year","2015",75,"75",4,6
"year","2015",76,"76",6,4
"year","2015",77,"77",1,9
"year","2015",78,"78",6,4
"year","2015",79,"79",2,8
"year","2015",80,"80",3,7
"year","2015",81,"81",5,5
"year","2015",82,"82",2,8
"year","2015",83,"83",2,8
"year","2015",84,"84",5,5
"year","2015",85,"85",4,6
"year","2015",86,"86",2,8
"year","2015",87,"87",3,7
"year","2015",88,"88",5,5
"year","2015",89,"89",6,4
"year","2015",90,"90",7,3
"year","2015",91,"91",7,3
"year","2015",92,"92",2,8
"year","2015",93,"93",3,7
"year","2015",94,"94",3,7
"year","2015",95,"95",6,4
"year","2015",96,"96",4,6
"year","2015",97,"97",4,6
"year","2015",99,"99",3,7
"year","2016",0,"00",5,5
"year","2016",1,"01",4,6
"year","2016",2,"02",8,2
"year","2016",3,"03",2,8
"year","2016",4,"04",5,5
"year","2016",5,"05",6,4
"year","2016",6,"06",6,4
"year","2016",7,"07",3,7
"year","2016",8,"08",3,7
"year","2016",9,"09",6,4
"year","2016",10,"10",3,7
"year","2016",11,"11",5,5
"year","2016",12,"12",3,7
"year","2016",13,"13",1,9
"year","2016",14,"14",1,9
"year","2016",15,"15",1,9
"year","2016",16,"16",4,6
"year","2016",17,"17",4,6
"year","2016",18,"18",7,3
"year","2016",19,"19",2,8
"year","2016",20,"20",3,7
"year","2016",21,"21",4,6
"year","2016",22,"22",2,8
"year","2016",23,"23",2,8
"year","2016",24,"24",5,5
"year","2016",25,"25",4,6
"year","2016",26,"26",2,8
"year","2016",27,"27",6,4
"year","2016",28,"28",1,9
"year","2016",29,"29",2,8
"year","2016",30,"30",3,7
"year","2016",31,"31",3,7
"year","2016",32,"32",4,6
"year","2016",33,"33",3,7
"year","2016",34,"34",4,6
"year","2016",35,"35",4,6
"year","2016",36,"36",2,8
"year","2016",37,"37",3,7
"year","2016",38,"38",4,6
"year","2016",39,"39",5,5
"year","2016",40,"40",3,7
"year","2016",41,"41",4,6
"year","2016",42,"42",7,3
"year","2016",43,"43",3,7
"year","2016",44,"44",3,7
"year","2016",46,"46",3,7
"year","2016",47,"47",1,9
"year","2016",48,"48",6,4
"year","2016",49,"49",2,8
"year","2016",50,"50",5,5
"year","2016",51,"51",3,7
"year","2016",52,"52",8,2
"year","2016",53,"53",4,6
"year","2016",54,"54",2,8
"year","2016",56,"56",1,9
"year","2016",57,"57",4,6
"year","2016",58,"58",5,5
"year","2016",60,"60",2,8
"year","2016",61,"61",4,6
"year","2016",62,"62",4,6
"year","2016",63,"63",1,9
"year","2016",64,"64",2,8
"year","2016",65,"65",4,6
"year","2016",66,"66",4,6
"year","2016",67,"67",3,7
"year","2016",68,"68",1,9
"year","2016",70,"70",5,5
"year","2016",71,"71",4,6
"year","2016",72,"72",1,9
"year","2016",73,"73",6,4
"year","2016",74,"74",2,8
"year","2016",75,"75",6,4
"year","2016",76,"76",2,8
"year","2016",77,"77",3,7
"year","2016",78,"78",7,3
"year","2016",79,"79",3,7
"year","2016",80,"80",2,8
"year","2016",81,"81",5,5
"year","2016",82,"82",6,4
"year","2016",83,"83",4,6
"year","2016",84,"84",4,6
"year","2016",85,"85",3,7
"year","2016",86,"86",4,6
"year","2016",87,"87",8,2
"year","2016",88,"88",3,7
"year","2016",89,"89",5,5
"year","2016",90,"90",5,5
"year","2016",91,"91",9,1
"year","2016",92,"92",6,4
"year","2016",93,"93",4,6
"year","2016",94,"94",4,6
"year","2016",95,"95",1,9
"year","2016",96,"96",5,5
"year","2016",97,"97",1,9
"year","2016",98,"98",8,2
"year","2016",99,"99",2,8
"year","2017",0,"00",1,9
"year","2017",1,"01",4,6
"year","2017",3,"03",5,5
"year","2017",4,"04",3,7
"year","2017",5,"05",4,6
"year","2017",7,"07",6,4
"year","2017",8,"08",5,5
"year","2017",9,"09",7,3
"year","2017",10,"10",2,8
"year","2017",11,"11",3,7
"year","2017",12,"12",4,6
"year","2017",13,"13",3,7
"year","2017",14,"14",2,8
"year","2017",15,"15",4,6
"year","2017",16,"16",6,4
"year","2017",17,"17",1,9
"year","2017",18,"18",1,9
"year","2017",19,"19",4,6
"year","2017",20,"20",3,7
"year","2017",21,"21",5,5
"year","2017",22,"22",3,7
"year","2017",23,"23",7,3
"year","2017",24,"24",7,3
"year","2017",25,"25",1,9
"year","2017",27,"27",4,6
"year","2017",28,"28",2,8
"year","2017",29,"29",3,7
"year","2017",30,"30",3,7
"year","2017",31,"31",7,3
"year","2017",32,"32",5,5
"year","2017",33,"33",6,4
"year","2017",34,"34",4,6
"year","2017",35,"35",2,8
"year","2017",36,"36",3,7
"year","2017",37,"37",4,6
"year","2017",38,"38",4,6
"year","2017",39,"39",7,3
"year","2017",40,"40",3,7
"year","2017",41,"41",2,8
"year","2017",43,"43",5,5
"year","2017",44,"44",3,7
"year","2017",45,"45",3,7
"year","2017",46,"46",3,7
"year","2017",47,"47",4,6
"year","2017",48,"48",4,6
"year","2017",49,"49",9,1
"year","2017",50,"50",3,7
"year","2017",51,"51",1,9
"year","2017",52,"52",4,6
"year","2017",53,"53",3,7
"year","2017",54,"54",2,8
"year","2017",55,"55",5,5
"year","2017",56,"56",2,8
"year","2017",57,"57",2,8
"year","2017",58,"58",2,8
"year","2017",59,"59",5,5
"year","2017",60,"60",4,6
"year","2017",61,"61",5,5
"year","2017",62,"62",2,8
"year","2017",63,"63",6,4
"year","2017",64,"64",3,7
"year","2017",65,"65",4,6
"year","2017",66,"66",8,2
"year","2017",67,"67",3,7
"year","2017",68,"68",4,6
"year","2017",69,"69",4,6
"year","2017",70,"70",9,1
"year","2017",71,"71",5,5
"year","2017",72,"72",4,6
"year","2017",73,"73",3,7
"year","2017",74,"74",3,7
"year","2017",75,"75",3,7
"year","2017",76,"76",5,5
"year","2017",77,"77",3,7
"year","2017",78,"78",2,8
"year","2017",79,"79",2,8
"year","2017",80,"80",4,6
"year","2017",81,"81",7,3
"year","2017",82,"82",2,8
"year","2017",83,"83",2,8
"year","2017",84,"84",1,9
"year","2017",85,"85",5,5
"year","2017",86,"86",5,5
"year","2017",87,"87",5,5
"year","2017",88,"88",1,9
"year","2017",89,"89",3,7
"year","2017",90,"90",2,8
"year","2017",91,"91",2,8
"year","2017",92,"92",6,4
"year","2017",93,"93",3,7
"year","2017",94,"94",3,7
"year","2017",95,"95",4,6
"year","2017",96,"96",5,5
"year","2017",97,"97",2,8
"year","2017",98,"98",5,5
"year","2017",99,"99",2,8
"year","2018",0,"00",2,8
"year","2018",1,"01",7,3
"year","2018",2,"02",3,7
"year","2018",3,"03",2,8
"year","2018",4,"04",1,9
"year","2018",5,"05",2,8
"year","2018",7,"07",1,9
"year","2018",8,"08",5,5
"year","2018",9,"09",2,8
"year","2018",10,"10",3,7
"year","2018",11,"11",2,8
"year","2018",12,"12",1,9
"year","2018",13,"13",1,9
"year","2018",14,"14",5,5
"year","2018",15,"15",5,5
"year","2018",16,"16",4,6
"year","2018",17,"17",6,4
"year","2018",18,"18",3,7
"year","2018",19,"19",3,7
"year","2018",20,"20",1,9
"year","2018",21,"21",5,5
"year","2018",22,"22",4,6
"year","2018",23,"23",7,3
"year","2018",24,"24",3,7
"year","2018",25,"25",2,8
"year","2018",26,"26",1,9
"year","2018",27,"27",2,8
"year","2018",28,"28",5,5
"year","2018",29,"29",7,3
"year","2018",30,"30",6,4
"year","2018",31,"31",2,8
"year","2018",32,"32",3,7
"year","2018",33,"33",4,6
"year","2018",34,"34",1,9
"year","2018",35,"35",4,6
"year","2018",36,"36",4,6
"year","2018",37,"37",2,8
"year","2018",38,"38",7,3
"year","2018",39,"39",5,5
"year","2018",40,"40",5,5
"year","2018",41,"41",4,6
"year","2018",42,"42",1,9
"year","2018",43,"43",4,6
"year","2018",44,"44",6,4
"year","2018",45,"45",9,1
"year","2018",46,"46",2,8
"year","2018",47,"47",2,8
"year","2018",48,"48",4,6
"year","2018",49,"49",6,4
"year","2018",50,"50",3,7
"year","2018",51,"51",2,8
"year","2018",52,"52",1,9
"year","2018",53,"53",2,8
"year","2018",54,"54",7,3
"year","2018",55,"55",2,8
"year","2018",56,"56",8,2
"year","2018",57,"57",5,5
"year","2018",58,"58",1,9
"year","2018",59,"59",3,7
"year","2018",60,"60",6,4
"year","2018",61,"61",1,9
"year","2018",62,"62",6,4
"year","2018",63,"63",4,6
"year","2018",64,"64",5,5
"year","2018",65,"65",9,1
"year","2018",66,"66",3,7
"year","2018",67,"67",6,4
"year","2018",68,"68",5,5
"year","2018",69,"69",4,6
"year","2018",70,"70",5,5
"year","2018",71,"71",4,6
"year","2018",72,"72",2,8
"year","2018",73,"73",4,6
"year","2018",74,"74",2,8
"year","2018",75,"75",4,6
"year","2018",76,"76",3,7
"year","2018",77,"77",6,4
"year","2018",78,"78",1,9
"year","2018",79,"79",2,8
"year","2018",80,"80",2,8
"year","2018",81,"81",4,6
"year","2018",82,"82",3,7
"year","2018",83,"83",6,4
"year","2018",84,"84",1,9
"year","2018",85,"85",3,7
"year","2018",86,"86",7,3
"year","2018",87,"87",4,6
"year","2018",88,"88",7,3
"year","2018",89,"89",4,6
"year","2018",91,"91",2,8
"year","2018",92,"92",3,7
"year","2018",93,"93",2,8
"year","2018",94,"94",5,5
"year","2018",95,"95",3,7
"year","2018",96,"96",2,8
"year","2018",97,"97",3,7
"year","2018",98,"98",4,6
"year","2018",99,"99",4,6
"year","2019",0,"00",5,6
"year","2019",1,"01",6,5
"year","2019",2,"02",6,5
"year","2019",3,"03",3,8
"year","2019",4,"04",1,10
"year","2019",5,"05",6,5
"year","2019",6,"06",2,9
"year","2019",7,"07",3,8
"year","2019",8,"08",8,3
"year","2019",9,"09",4,7
"year","2019",10,"10",5,6
"year","2019",11,"11",5,6
"year","2019",12,"12",1,10
"year","2019",14,"14",2,9
"year","2019",15,"15",2,9
"year","2019",16,"16",7,4
"year","2019",17,"17",3,8
"year","2019",18,"18",2,9
"year","2019",19,"19",6,5
"year","2019",20,"20",4,7
"year","2019",22,"22",5,6
"year","2019",24,"24",7,4
"year","2019",25,"25",2,9
"year","2019",26,"26",3,8
"year","2019",27,"27",1,10
"year","2019",28,"28",1,10
"year","2019",29,"29",5,6
"year","2019",30,"30",3,8
"year","2019",31,"31",2,9
"year","2019",32,"32",6,5
"year","2019",33,"33",4,7
"year","2019",34,"34",4,7
"year","2019",35,"35",2,9
"year","2019",36,"36",4,7
"year","2019",37,"37",3,8
"year","2019",38,"38",2,9
"year","2019",39,"39",2,9
"year","2019",40,"40",3,8
"year","2019",41,"41",5,6
"year","2019",42,"42",6,5
"year","2019",43,"43",4,7
"year","2019",44,"44",2,9
"year","2019",45,"45",2,9
"year","2019",46,"46",3,8
"year","2019",47,"47",3,8
"year","2019",48,"48",5,6
"year","2019",49,"49",4,7
"year","2019",50,"50",1,10
"year","2019",51,"51",4,7
"year","2019",52,"52",2,9
"year","2019",53,"53",2,9
"year","2019",54,"54",1,10
"year","2019",55,"55",2,9
"year","2019",56,"56",1,10
"year","2019",57,"57",4,7
"year","2019",58,"58",3,8
"year","2019",59,"59",7,4
"year","2019",60,"60",1,10
"year","2019",61,"61",4,7
"year","2019",62,"62",7,4
"year","2019",63,"63",3,8
"year","2019",64,"64",4,7
"year","2019",65,"65",4,7
"year","2019",66,"66",3,8
"year","2019",67,"67",3,8
"year","2019",68,"68",9,2
"year","2019",71,"71",2,9
"year","2019",72,"72",2,9
"year","2019",73,"73",5,6
"year","2019",74,"74",8,3
"year","2019",75,"75",2,9
"year","2019",76,"76",5,6
"year","2019",77,"77",4,7
"year","2019",78,"78",4,7
"year","2019",79,"79",3,8
"year","2019",80,"80",2,9
"year","2019",81,"81",6,5
"year","2019",82,"82",7,4
"year","2019",83,"83",3,8
"year","2019",84,"84",10,1
"year","2019",85,"85",2,9
"year","2019",86,"86",6,5
"year","2019",87,"87",1,10
"year","2019",88,"88",6,5
"year","2019",89,"89",5,6
"year","2019",90,"90",4,7
"year","2019",91,"91",5,6
"year","2019",92,"92",2,9
"year","2019",93,"93",2,9
"year","2019",94,"94",3,8
"year","2019",95,"95",2,9
"year","2019",96,"96",1,10
"year","2019",97,"97",10,1
"year","2019",98,"98",6,5
"year","2019",99,"99",4,7
"year","2020",0,"00",4,5
"year","2020",1,"01",2,7
"year","2020",2,"02",3,6
"year","2020",3,"03",2,7
"year","2020",4,"04",5,4
"year","2020",5,"05",5,4
"year","2020",6,"06",2,7
"year","2020",7,"07",3,6
"year","2020",8,"08",3,6
"year","2020",9,"09",2,7
"year","2020",10,"10",4,5
"year","2020",11,"11",7,2
"year","2020",12,"12",3,6
"year","2020",13,"13",3,6
"year","2020",14,"14",4,5
"year","2020",15,"15",3,6
"year","2020",16,"16",6,3
"year","2020",17,"17",8,1
"year","2020",18,"18",6,3
"year","2020",19,"19",3,6
"year","2020",20,"20",3,6
"year","2020",21,"21",4,5
"year","2020",22,"22",4,5
"year","2020",23,"23",6,3
"year","2020",24,"24",2,7
"year","2020",25,"25",4,5
"year","2020",26,"26",2,7
"year","2020",27,"27",2,7
"year","2020",28,"28",5,4
"year","2020",29,"29",5,4
"year","2020",30,"30",6,3
"year","2020",31,"31",2,7
"year","2020",32,"32",3,6
"year","2020",34,"34",4,5
"year","2020",35,"35",5,4
"year","2020",36,"36",7,2
"year","2020",37,"37",1,8
"year","2020",38,"38",3,6
"year","2020",39,"39",1,8
"year","2020",40,"40",1,8
"year","2020",41,"41",4,5
"year","2020",42,"42",3,6
"year","2020",43,"43",3,6
"year","2020",44,"44",2,7
"year","2020",45,"45",2,7
"year","2020",46,"46",4,5
"year","2020",47,"47",6,3
"year","2020",48,"48",4,5
"year","2020",49,"49",4,5
"year","2020",50,"50",4,5
"year","2020",51,"51",3,6
"year","2020",52,"52",2,7
"year","2020",53,"53",2,7
"year","2020",54,"54",8,1
"year","2020",55,"55",2,7
"year","2020",56,"56",1,8
"year","2020",57,"57",4,5
"year","2020",58,"58",3,6
"year","2020",59,"59",3,6
"year","2020",60,"60",3,6
"year","2020",61,"61",5,4
"year","2020",62,"62",4,5
"year","2020",63,"63",5,4
"year","2020",64,"64",4,5
"year","2020",65,"65",4,5
"year","2020",66,"66",2,7
"year","2020",67,"67",2,7
"year","2020",68,"68",2,7
"year","2020",69,"69",5,4
"year","2020",70,"70",6,3
"year","2020",71,"71",4,5
"year","2020",72,"72",1,8
"year","2020",73,"73",2,7
"year","2020",74,"74",4,5
"year","2020",75,"75",4,5
"year","2020",76,"76",3,6
"year","2020",78,"78",2,7
"year","2020",79,"79",2,7
"year","2020",80,"80",8,1
"year","2020",81,"81",1,8
"year","2020",82,"82",8,1
"year","2020",83,"83",3,6
"year","2020",85,"85",1,8
"year","2020",86,"86",2,7
"year","2020",87,"87",4,5
"year","2020",88,"88",3,6
"year","2020",89,"89",7,2
"year","2020",90,"90",3,6
"year","2020",91,"91",4,5
"year","2020",92,"92",1,8
"year","2020",93,"93",4,5
"year","2020",94,"94",1,8
"year","2020",95,"95",2,7
"year","2020",96,"96",6,3
"year","2020",97,"97",3,6
"year","2020",98,"98",3,6
"year","2021",0,"00",6,3
"year","2021",1,"01",3,6
"year","2021",2,"02",1,8
"year","2021",3,"03",5,4
"year","2021",4,"04",4,5
"year","2021",5,"05",3,6
"year","2021",6,"06",1,8
"year","2021",7,"07",4,5
"year","2021",8,"08",4,5
"year","2021",9,"09",5,4
"year","2021",10,"10",6,3
"year","2021",11,"11",4,5
"year","2021",12,"12",4,5
"year","2021",13,"13",5,4
"year","2021",14,"14",2,7
"year","2021",15,"15",5,4
"year","2021",16,"16",1,8
"year","2021",17,"17",1,8
"year","2021",18,"18",4,5
"year","2021",19,"19",4,5
"year","2021",20,"20",5,4
"year","2021",21,"21",2,7
"year","2021",22,"22",4,5
"year","2021",23,"23",3,6
"year","2021",24,"24",7,2
"year","2021",25,"25",5,4
"year","2021",26,"26",5,4
"year","2021",27,"27",2,7
"year","2021",28,"28",2,7
"year","2021",29,"29",4,5
"year","2021",30,"30",5,4
"year","2021",31,"31",2,7
"year","2021",32,"32",2,7
"year","2021",33,"33",5,4
"year","2021",34,"34",3,6
"year","2021",35,"35",1,8
"year","2021",36,"36",3,6
"year","2021",38,"38",5,4
"year","2021",39,"39",4,5
"year","2021",40,"40",3,6
"year","2021",41,"41",3,6
"year","2021",42,"42",5,4
"year","2021",43,"43",1,8
"year","2021",44,"44",3,6
"year","2021",45,"45",2,7
"year","2021",46,"46",6,3
"year","2021",47,"47",7,2
"year","2021",48,"48",4,5
"year","2021",49,"49",4,5
"year","2021",50,"50",3,6
"year","2021",51,"51",1,8
"year","2021",52,"52",4,5
"year","2021",53,"53",3,6
"year","2021",54,"54",4,5
"year","2021",55,"55",6,3
"year","2021",56,"56",3,6
"year","2021",57,"57",5,4
"year","2021",58,"58",2,7
"year","2021",59,"59",6,3
"year","2021",60,"60",5,4
"year","2021",61,"61",2,7
"year","2021",62,"62",2,7
"year","2021",63,"63",2,7
"year","2021",64,"64",4,5
"year","2021",65,"65",5,4
"year","2021",66,"66",4,5
"year","2021",67,"67",6,3
"year","2021",68,"68",2,7
"year","2021",69,"69",5,4
"year","2021",70,"70",2,7
"year","2021",71,"71",4,5
"year","2021",72,"72",4,5
"year","2021",73,"73",2,7
"year","2021",75,"75",3,6
"year","2021",76,"76",2,7
"year","2021",77,"77",8,1
"year","2021",78,"78",6,3
"year","2021",79,"79",6,3
"year","2021",80,"80",4,5
"year","2021",81,"81",5,4
"year","2021",82,"82",3,6
"year","2021",83,"83",5,4
"year","2021",84,"84",1,8
"year","2021",85,"85",5,4
"year","2021",86,"86",4,5
"year","2021",87,"87",5,4
"year","2021",88,"88",4,5
"year","2021",89,"89",4,5
"year","2021",90,"90",1,8
"year","2021",91,"91",4,5
"year","2021",92,"92",4,5
"year","2021",93,"93",5,4
"year","2021",94,"94",3,6
"year","2021",95,"95",5,4
"year","2021",96,"96",2,7
"year","2021",97,"97",1,8
"year","2021",98,"98",3,6
"year","2021",99,"99",3,6
"year","2022",0,"00",3,6
"year","2022",1,"01",4,5
"year","2022",2,"02",3,6
"year","2022",3,"03",4,5
"year","2022",4,"04",6,3
"year","2022",5,"05",2,7
"year","2022",6,"06",3,6
"year","2022",7,"07",4,5
"year","2022",8,"08",1,8
"year","2022",9,"09",5,4
"year","2022",10,"10",2,7
"year","2022",11,"11",3,6
"year","2022",12,"12",4,5
"year","2022",13,"13",7,2
"year","2022",14,"14",2,7
"year","2022",15,"15",2,7
"year","2022",16,"16",3,6
"year","2022",17,"17",5,4
"year","2022",18,"18",8,1
"year","2022",19,"19",6,3
"year","2022",21,"21",2,7
"year","2022",22,"22",2,7
"year","2022",23,"23",2,7
"year","2022",24,"24",6,3
"year","2022",25,"25",2,7
"year","2022",26,"26",1,8
"year","2022",27,"27",4,5
"year","2022",28,"28",1,8
"year","2022",29,"29",3,6
"year","2022",30,"30",4,5
"year","2022",31,"31",2,7
"year","2022",32,"32",3,6
"year","2022",34,"34",5,4
"year","2022",35,"35",2,7
"year","2022",36,"36",5,4
"year","2022",37,"37",3,6
"year","2022",38,"38",5,4
"year","2022",39,"39",6,3
"year","2022",40,"40",3,6
"year","2022",41,"41",4,5
"year","2022",42,"42",1,8
"year","2022",43,"43",4,5
"year","2022",44,"44",2,7
"year","2022",45,"45",6,3
"year","2022",46,"46",4,5
"year","2022",47,"47",4,5
"year","2022",48,"48",4,5
"year","2022",49,"49",6,3
"year","2022",50,"50",3,6
"year","2022",51,"51",5,4
"year","2022",52,"52",1,8
"year","2022",53,"53",7,2
"year","2022",54,"54",8,1
"year","2022",55,"55",6,3
"year","2022",56,"56",1,8
"year","2022",57,"57",3,6
"year","2022",58,"58",3,6
"year","2022",59,"59",3,6
"year","2022",60,"60",1,8
"year","2022",61,"61",2,7
"year","2022",62,"62",5,4
"year","2022",63,"63",2,7
"year","2022",64,"64",5,4
"year","2022",65,"65",7,2
"year","2022",66,"66",1,8
"year","2022",67,"67",6,3
"year","2022",68,"68",7,2
"year","2022",69,"69",5,4
"year","2022",70,"70",5,4
"year","2022",71,"71",5,4
"year","2022",72,"72",4,5
"year","2022",73,"73",1,8
"year","2022",74,"74",3,6
"year","2022",75,"75",2,7
"year","2022",76,"76",6,3
"year","2022",77,"77",4,5
"year","2022",78,"78",2,7
"year","2022",79,"79",6,3
"year","2022",80,"80",4,5
"year","2022",81,"81",2,7
"year","2022",82,"82",4,5
"year","2022",83,"83",2,7
"year","2022",84,"84",3,6
"year","2022",85,"85",3,6
"year","2022",86,"86",2,7
"year","2022",87,"87",2,7
"year","2022",88,"88",2,7
"year","2022",90,"90",6,3
"year","2022",91,"91",5,4
"year","2022",92,"92",3,6
"year","2022",93,"93",6,3
"year","2022",94,"94",3,6
"year","2022",95,"95",5,4
"year","2022",96,"96",7,2
"year","2022",97,"97",3,6
"year","2022",98,"98",4,5
"year","2022",99,"99",3,6
"year","2023",0,"00",2,8
"year","2023",1,"01",1,9
"year","2023",2,"02",5,5
"year","2023",3,"03",2,8
"year","2023",4,"04",5,5
"year","2023",5,"05",4,6
"year","2023",6,"06",2,8
"year","2023",8,"08",2,8
"year","2023",9,"09",1,9
"year","2023",10,"10",2,8
"year","2023",11,"11",3,7
"year","2023",12,"12",1,9
"year","2023",13,"13",3,7
"year","2023",14,"14",4,6
"year","2023",15,"15",7,3
"year","2023",16,"16",4,6
"year","2023",17,"17",2,8
"year","2023",18,"18",3,7
"year","2023",19,"19",5,5
"year","2023",20,"20",7,3
"year","2023",21,"21",6,4
"year","2023",22,"22",3,7
"year","2023",23,"23",4,6
"year","2023",24,"24",2,8
"year","2023",25,"25",3,7
"year","2023",26,"26",4,6
"year","2023",27,"27",3,7
"year","2023",28,"28",2,8
"year","2023",29,"29",2,8
"year","2023",30,"30",4,6
"year","2023",31,"31",3,7
"year","2023",32,"32",4,6
"year","2023",33,"33",3,7
"year","2023",34,"34",5,5
"year","2023",35,"35",1,9
"year","2023",36,"36",6,4
"year","2023",37,"37",5,5
"year","2023",38,"38",2,8
"year","2023",39,"39",4,6
"year","2023",40,"40",5,5
"year","2023",41,"41",4,6
"year","2023",42,"42",3,7
"year","2023",43,"43",4,6
"year","2023",44,"44",5,5
"year","2023",45,"45",3,7
"year","2023",46,"46",2,8
"year","2023",47,"47",3,7
"year","2023",48,"48",5,5
"year","2023",49,"49",5,5
"year","2023",50,"50",2,8
"year","2023",51,"51",4,6
"year","2023",52,"52",5,5
"year","2023",53,"53",1,9
"year","2023",54,"54",3,7
"year","2023",55,"55",2,8
"year","2023",56,"56",4,6
"year","2023",57,"57",9,1
"year","2023",58,"58",6,4
"year","2023",59,"59",4,6
"year","2023",60,"60",6,4
"year","2023",61,"61",8,2
"year","2023",62,"62",3,7
"year","2023",63,"63",3,7
"year","2023",64,"64",5,5
"year","2023",65,"65",6,4
"year","2023",66,"66",4,6
"year","2023",67,"67",5,5
"year","2023",68,"68",2,8
"year","2023",69,"69",3,7
"year","2023",70,"70",7,3
"year","2023",71,"71",5,5
"year","2023",72,"72",2,8
"year","2023",73,"73",4,6
"year","2023",75,"75",5,5
"year","2023",76,"76",6,4
"year","2023",77,"77",4,6
"year","2023",78,"78",4,6
"year","2023",79,"79",9,1
"year","2023",80,"80",4,6
"year","2023",81,"81",5,5
"year","2023",82,"82",1,9
"year","2023",83,"83",3,7
"year","2023",84,"84",3,7
"year","2023",85,"85",4,6
"year","2023",86,"86",3,7
"year","2023",87,"87",2,8
"year","2023",88,"88",6,4
"year","2023",89,"89",2,8
"year","2023",91,"91",4,6
"year","2023",92,"92",2,8
"year","2023",93,"93",2,8
"year","2023",94,"94",3,7
"year","2023",95,"95",4,6
"year","2023",96,"96",2,8
"year","2023",97,"97",4,6
"year","2023",98,"98",4,6
"year","2023",99,"99",2,8
"year","2024",0,"00",4,5
"year","2024",1,"01",2,7
"year","2024",2,"02",2,7
"year","2024",3,"03",5,4
"year","2024",4,"04",2,7
"year","2024",5,"05",2,7
"year","2024",6,"06",2,7
"year","2024",7,"07",2,7
"year","2024",8,"08",2,7
"year","2024",9,"09",8,1
"year","2024",10,"10",2,7
"year","2024",11,"11",1,8
"year","2024",12,"12",5,4
"year","2024",13,"13",6,3
"year","2024",14,"14",1,8
"year","2024",15,"15",2,7
"year","2024",17,"17",4,5
"year","2024",18,"18",5,4
"year","2024",19,"19",6,3
"year","2024",20,"20",3,6
"year","2024",22,"22",3,6
"year","2024",23,"23",3,6
"year","2024",24,"24",4,5
"year","2024",25,"25",5,4
"year","2024",26,"26",6,3
"year","2024",27,"27",5,4
"year","2024",28,"28",1,8
"year","2024",29,"29",3,6
"year","2024",30,"30",4,5
"year","2024",31,"31",4,5
"year","2024",32,"32",8,1
"year","2024",33,"33",4,5
"year","2024",34,"34",4,5
"year","2024",35,"35",6,3
"year","2024",36,"36",3,6
"year","2024",37,"37",1,8
"year","2024",38,"38",3,6
"year","2024",39,"39",5,4
"year","2024",40,"40",3,6
"year","2024",41,"41",4,5
"year","2024",42,"42",5,4
"year","2024",43,"43",4,5
"year","2024",44,"44",4,5
"year","2024",45,"45",4,5
"year","2024",46,"46",4,5
"year","2024",47,"47",3,6
"year","2024",48,"48",3,6
"year","2024",49,"49",3,6
"year","2024",50,"50",3,6
"year","2024",51,"51",5,4
"year","2024",52,"52",4,5
"year","2024",53,"53",4,5
"year","2024",55,"55",3,6
"year","2024",56,"56",4,5
"year","2024",57,"57",4,5
"year","2024",58,"58",2,7
"year","2024",59,"59",3,6
"year","2024",60,"60",3,6
"year","2024",61,"61",4,5
"year","2024",62,"62",3,6
"year","2024",63,"63",2,7
"year","2024",64,"64",8,1
"year","2024",65,"65",5,4
"year","2024",66,"66",5,4
"year","2024",67,"67",6,3
"year","2024",68,"68",3,6
"year","2024",69,"69",5,4
"year","2024",70,"70",4,5
"year","2024",71,"71",3,6
"year","2024",72,"72",1,8
"year","2024",73,"73",3,6
"year","2024",74,"74",7,2
"year","2024",75,"75",2,7
"year","2024",76,"76",5,4
"year","2024",77,"77",4,5
"year","2024",78,"78",3,6
"year","2024",79,"79",5,4
"year","2024",80,"80",7,2
"year","2024",81,"81",2,7
"year","2024",82,"82",6,3
"year","2024",83,"83",2,7
"year","2024",84,"84",1,8
"year","2024",85,"85",1,8
"year","2024",86,"86",5,4
"year","2024",87,"87",1,8
"year","2024",88,"88",2,7
"year","2024",89,"89",7,2
"year","2024",90,"90",3,6
"year","2024",92,"92",2,7
"year","2024",93,"93",2,7
"year","2024",94,"94",7,2
"year","2024",95,"95",2,7
"year","2024",96,"96",8,1
"year","2024",97,"97",7,2
"year","2024",98,"98",5,4
"year","2024",99,"99",4,5
"year","2025",0,"00",2,9
"year","2025",1,"01",6,5
"year","2025",2,"02",4,7
"year","2025",3,"03",3,8
"year","2025",4,"04",4,7
"year","2025",5,"05",6,5
"year","2025",6,"06",6,5
"year","2025",7,"07",3,8
"year","2025",8,"08",6,5
"year","2025",9,"09",8,3
"year","2025",10,"10",1,10
"year","2025",11,"11",3,8
"year","2025",12,"12",4,7
"year","2025",13,"13",2,9
"year","2025",14,"14",3,8
"year","2025",15,"15",4,7
"year","2025",16,"16",3,8
"year","2025",17,"17",4,7
"year","2025",18,"18",4,7
"year","2025",19,"19",4,7
"year","2025",20,"20",1,10
"year","2025",21,"21",8,3
"year","2025",22,"22",3,8
"year","2025",23,"23",3,8
"year","2025",24,"24",4,7
"year","2025",25,"25",3,8
"year","2025",26,"26",2,9
"year","2025",27,"27",2,9
"year","2025",28,"28",3,8
"year","2025",29,"29",4,7
"year","2025",30,"30",4,7
"year","2025",31,"31",2,9
"year","2025",32,"32",2,9
"year","2025",33,"33",6,5
"year","2025",34,"34",5,6
"year","2025",35,"35",7,4
"year","2025",36,"36",7,4
"year","2025",37,"37",2,9
"year","2025",38,"38",5,6
"year","2025",39,"39",4,7
"year","2025",40,"40",4,7
"year","2025",42,"42",1,10
"year","2025",43,"43",4,7
"year","2025",44,"44",3,8
"year","2025",45,"45",3,8
"year","2025",46,"46",3,8
"year","2025",47,"47",3,8
"year","2025",48,"48",1,10
"year","2025",49,"49",2,9
"year","2025",50,"50",9,2
"year","2025",51,"51",1,10
"year","2025",52,"52",4,7
"year","2025",53,"53",3,8
"year","2025",54,"54",2,9
"year","2025",55,"55",3,8
"year","2025",56,"56",4,7
"year","2025",57,"57",4,7
"year","2025",58,"58",4,7
"year","2025",59,"59",5,6
"year","2025",60,"60",5,6
"year","2025",61,"61",3,8
"year","2025",62,"62",6,5
"year","2025",63,"63",3,8
"year","2025",64,"64",3,8
"year","2025",65,"65",3,8
"year","2025",66,"66",3,8
"year","2025",67,"67",1,10
"year","2025",68,"68",9,2
"year","2025",69,"69",3,8
"year","2025",70,"70",4,7
"year","2025",71,"71",3,8
"year","2025",72,"72",3,8
"year","2025",73,"73",3,8
"year","2025",74,"74",1,10
"year","2025",75,"75",3,8
"year","2025",76,"76",3,8
"year","2025",77,"77",5,6
"year","2025",78,"78",3,8
"year","2025",79,"79",7,4
"year","2025",80,"80",2,9
"year","2025",81,"81",3,8
"year","2025",82,"82",3,8
"year","2025",83,"83",4,7
"year","2025",84,"84",2,9
"year","2025",85,"85",2,9
"year","2025",86,"86",5,6
"year","2025",87,"87",3,8
"year","2025",88,"88",6,5
"year","2025",89,"89",1,10
"year","2025",90,"90",4,7
"year","2025",91,"91",2,9
"year","2025",92,"92",10,1
"year","2025",93,"93",4,7
"year","2025",94,"94",4,7
"year","2025",95,"95",2,9
"year","2025",96,"96",2,9
"year","2025",97,"97",4,7
"year","2025",98,"98",1,10
"year","2025",99,"99",3,8
"year","2026",0,"00",3,5
"year","2026",1,"01",3,5
"year","2026",3,"03",1,7
"year","2026",4,"04",5,3
"year","2026",5,"05",2,6
"year","2026",6,"06",2,6
"year","2026",8,"08",2,6
"year","2026",9,"09",1,7
"year","2026",10,"10",1,7
"year","2026",11,"11",2,6
"year","2026",12,"12",3,5
"year","2026",13,"13",3,5
"year","2026",14,"14",4,4
"year","2026",16,"16",2,6
"year","2026",17,"17",5,3
"year","2026",18,"18",1,7
"year","2026",19,"19",2,6
"year","2026",20,"20",1,7
"year","2026",21,"21",4,4
"year","2026",22,"22",6,2
"year","2026",23,"23",5,3
"year","2026",24,"24",3,5
"year","2026",25,"25",3,5
"year","2026",26,"26",1,7
"year","2026",27,"27",1,7
"year","2026",28,"28",4,4
"year","2026",29,"29",2,6
"year","2026",30,"30",2,6
"year","2026",32,"32",4,4
"year","2026",33,"33",3,5
"year","2026",34,"34",1,7
"year","2026",35,"35",2,6
"year","2026",36,"36",3,5
"year","2026",37,"37",6,2
"year","2026",38,"38",7,1
"year","2026",39,"39",5,3
"year","2026",40,"40",1,7
"year","2026",41,"41",1,7
"year","2026",42,"42",4,4
"year","2026",43,"43",3,5
"year","2026",44,"44",4,4
"year","2026",45,"45",2,6
"year","2026",46,"46",1,7
"year","2026",47,"47",4,4
"year","2026",48,"48",5,3
"year","2026",49,"49",2,6
"year","2026",50,"50",2,6
"year","2026",51,"51",6,2
"year","2026",52,"52",3,5
"year","2026",53,"53",3,5
"year","2026",54,"54",7,1
"year","2026",55,"55",4,4
"year","2026",57,"57",2,6
"year","2026",59,"59",3,5
"year","2026",60,"60",3,5
"year","2026",61,"61",3,5
"year","2026",62,"62",2,6
"year","2026",63,"63",3,5
"year","2026",64,"64",2,6
"year","2026",65,"65",2,6
"year","2026",66,"66",2,6
"year","2026",67,"67",4,4
"year","2026",68,"68",6,2
"year","2026",69,"69",3,5
"year","2026",70,"70",2,6
"year","2026",71,"71",1,7
"year","2026",72,"72",1,7
"year","2026",74,"74",1,7
"year","2026",75,"75",2,6
"year","2026",76,"76",2,6
"year","2026",77,"77",3,5
"year","2026",78,"78",4,4
"year","2026",79,"79",2,6
"year","2026",80,"80",4,4
"year","2026",81,"81",3,5
"year","2026",82,"82",1,7
"year","2026",83,"83",6,2
"year","2026",84,"84",2,6
"year","2026",85,"85",3,5
"year","2026",86,"86",2,6
"year","2026",87,"87",3,5
"year","2026",88,"88",2,6
"year","2026",89,"89",3,5
"year","2026",90,"90",3,5
"year","2026",91,"91",3,5
"year","2026",92,"92",2,6
"year","2026",93,"93",3,5
"year","2026",94,"94",4,4
"year","2026",95,"95",1,7
"year","2026",96,"96",3,5
"year","2026",97,"97",3,5
"year","2026",99,"99",2,6
