strategy,mode,days,logloss,brier,baseline_logloss,baseline_brier,logloss_skill,brier_skill,beats_baseline
gap_hazard,de,180,0.05594864984127186,0.009899107870710126,0.05600153435484734,0.009899999999999997,0.0009443404396811731,9.01140696839472e-05,True
baseline,de,180,0.05600153435484734,0.009899999999999997,0.05600153435484734,0.009899999999999997,0.0,0.0,False
markov_follow,de,180,0.05600986507275104,0.009900173771993129,0.05600153435484734,0.009899999999999997,-0.00014875874383933762,-1.7552726578965712e-05,False
weighted_ensemble,de,180,0.056009981613561195,0.009900169573128085,0.05600153435484734,0.009899999999999997,-0.00015083977271644925,-1.7128598796758345e-05,False
weekday_seasonal,de,180,0.05602976879046449,0.00990058977736809,0.05600153435484734,0.009899999999999997,-0.0005041725363853633,-5.9573471524471195e-05,False
recency_decay,de,180,0.05630291067326976,0.009906528187562177,0.05600153435484734,0.009899999999999997,-0.005381572521080989,-0.0006594128850686634,False
markov_follow,loto,180,0.5482454446987859,0.18112269204577172,0.5482458776700272,0.1811229239292596,7.897391643769933e-07,1.2802547731283003e-06,True
baseline,loto,180,0.5482458776700272,0.1811229239292596,0.5482458776700272,0.1811229239292596,0.0,0.0,False
weighted_ensemble,loto,180,0.548262194524459,0.1811288703757713,0.5482458776700272,0.1811229239292596,-2.9761928172016136e-05,-3.2830998874653105e-05,False
weekday_seasonal,loto,180,0.5482875103826517,0.18113808960871383,0.5482458776700272,0.1811229239292596,-7.593803131070798e-05,-8.373141911152962e-05,False
recency_decay,loto,180,0.5484182414814907,0.18118360861145344,0.5482458776700272,0.1811229239292596,-0.00031439144092789935,-0.0003350469442373614,False
gap_hazard,loto,180,0.5502102981874043,0.18187461707904487,0.5482458776700272,0.1811229239292596,-0.003583101300689458,-0.004150182282165734,False
