date,region,province,prize,position,value,source,fetched_at
2026-09-06,mt,Khánh Hòa,G.8,1,86,xskt.com.vn,2026-10-05T23:06:46+07:00
2026-09-06,mt,Khánh Hòa,G.7,1,397,xskt.com.vn,2026-10-05T23:06:46+07:00
2026-09-06,mt,Khánh Hòa,G.6,1,5457,xskt.com.vn,2026-10-05T23:06:46+07:00
2026-09-06,mt,Khánh Hòa,G.6,2,7068,xskt.com.vn,2026-10-05T23:06:46+07:00
2026-09-06,mt,Khánh Hòa,G.6,3,2080,xskt.com.vn,2026-10-05T23:06:46+07:00
2026-09-06,mt,Khánh Hòa,G.5,1,4994,xskt.com.vn,2026-10-05T23:06:46+07:00
2026-09-06,mt,Khánh Hòa,G.4,1,15482,xskt.com.vn,2026-10-05T23:06:46+07:00
2026-09-06,mt,Khánh Hòa,G.4,2,47365,xskt.com.vn,2026-10-05T23:06:46+07:00
2026-09-06,mt,Khánh Hòa,G.4,3,43505,xskt.com.vn,2026-10-05T23:06:46+07:00
2026-09-06,mt,Khánh Hòa,G.4,4,25849,xskt.com.vn,2026-10-05T23:06:46+07:00
2026-09-06,mt,Khánh Hòa,G.4,5,21621,xskt.com.vn,2026-10-05T23:06:46+07:00
2026-09-06,mt,Khánh Hòa,G.4,6,39173,xskt.com.vn,2026-10-05T23:06:46+07:00
2026-09-06,mt,Khánh Hòa,G.4,7,27713,xskt.com.vn,2026-10-05T23:06:46+07:00
2026-09-06,mt,Khánh Hòa,G.3,1,57849,xskt.com.vn,2026-10-05T23:06:46+07:00
2026-09-06,mt,Khánh Hòa,G.3,2,73886,xskt.com.vn,2026-10-05T23:06:46+07:00
2026-09-06,mt,Khánh Hòa,G.2,1,99174,xskt.com.vn,2026-10-05T23:06:46+07:00
2026-09-06,mt,Khánh Hòa,G.1,1,22507,xskt.com.vn,2026-10-05T23:06:46+07:00
2026-09-06,mt,Khánh Hòa,ĐB,1,620936,xskt.com.vn,2026-10-05T23:06:46+07:00
2026-09-06,mt,Kon Tum,G.8,1,78,xskt.com.vn,2026-10-05T23:06:46+07:00
2026-09-06,mt,Kon Tum,G.7,1,957,xskt.com.vn,2026-10-05T23:06:46+07:00
2026-09-06,mt,Kon Tum,G.6,1,4127,xskt.com.vn,2026-10-05T23:06:46+07:00
2026-09-06,mt,Kon Tum,G.6,2,5583,xskt.com.vn,2026-10-05T23:06:46+07:00
2026-09-06,mt,Kon Tum,G.6,3,3343,xskt.com.vn,2026-10-05T23:06:46+07:00
2026-09-06,mt,Kon Tum,G.5,1,4962,xskt.com.vn,2026-10-05T23:06:46+07:00
2026-09-06,mt,Kon Tum,G.4,1,87728,xskt.com.vn,2026-10-05T23:06:46+07:00
2026-09-06,mt,Kon Tum,G.4,2,12492,xskt.com.vn,2026-10-05T23:06:46+07:00
2026-09-06,mt,Kon Tum,G.4,3,89295,xskt.com.vn,2026-10-05T23:06:46+07:00
2026-09-06,mt,Kon Tum,G.4,4,01433,xskt.com.vn,2026-10-05T23:06:46+07:00
2026-09-06,mt,Kon Tum,G.4,5,36187,xskt.com.vn,2026-10-05T23:06:46+07:00
2026-09-06,mt,Kon Tum,G.4,6,99560,xskt.com.vn,2026-10-05T23:06:46+07:00
2026-09-06,mt,Kon Tum,G.4,7,69749,xskt.com.vn,2026-10-05T23:06:46+07:00
2026-09-06,mt,Kon Tum,G.3,1,62755,xskt.com.vn,2026-10-05T23:06:46+07:00
2026-09-06,mt,Kon Tum,G.3,2,84191,xskt.com.vn,2026-10-05T23:06:46+07:00
2026-09-06,mt,Kon Tum,G.2,1,63295,xskt.com.vn,2026-10-05T23:06:46+07:00
2026-09-06,mt,Kon Tum,G.1,1,89402,xskt.com.vn,2026-10-05T23:06:46+07:00
2026-09-06,mt,Kon Tum,ĐB,1,916386,xskt.com.vn,2026-10-05T23:06:46+07:00
2026-09-06,mt,Thừa Thiên Huế,G.8,1,47,xskt.com.vn,2026-10-05T23:06:46+07:00
2026-09-06,mt,Thừa Thiên Huế,G.7,1,543,xskt.com.vn,2026-10-05T23:06:46+07:00
2026-09-06,mt,Thừa Thiên Huế,G.6,1,6327,xskt.com.vn,2026-10-05T23:06:46+07:00
2026-09-06,mt,Thừa Thiên Huế,G.6,2,8299,xskt.com.vn,2026-10-05T23:06:46+07:00
2026-09-06,mt,Thừa Thiên Huế,G.6,3,4305,xskt.com.vn,2026-10-05T23:06:46+07:00
2026-09-06,mt,Thừa Thiên Huế,G.5,1,2592,xskt.com.vn,2026-10-05T23:06:46+07:00
2026-09-06,mt,Thừa Thiên Huế,G.4,1,26392,xskt.com.vn,2026-10-05T23:06:46+07:00
2026-09-06,mt,Thừa Thiên Huế,G.4,2,64600,xskt.com.vn,2026-10-05T23:06:46+07:00
2026-09-06,mt,Thừa Thiên Huế,G.4,3,11123,xskt.com.vn,2026-10-05T23:06:46+07:00
2026-09-06,mt,Thừa Thiên Huế,G.4,4,18893,xskt.com.vn,2026-10-05T23:06:46+07:00
2026-09-06,mt,Thừa Thiên Huế,G.4,5,41398,xskt.com.vn,2026-10-05T23:06:46+07:00
2026-09-06,mt,Thừa Thiên Huế,G.4,6,91468,xskt.com.vn,2026-10-05T23:06:46+07:00
2026-09-06,mt,Thừa Thiên Huế,G.4,7,26996,xskt.com.vn,2026-10-05T23:06:46+07:00
2026-09-06,mt,Thừa Thiên Huế,G.3,1,29968,xskt.com.vn,2026-10-05T23:06:46+07:00
2026-09-06,mt,Thừa Thiên Huế,G.3,2,54234,xskt.com.vn,2026-10-05T23:06:46+07:00
2026-09-06,mt,Thừa Thiên Huế,G.2,1,22668,xskt.com.vn,2026-10-05T23:06:46+07:00
2026-09-06,mt,Thừa Thiên Huế,G.1,1,85203,xskt.com.vn,2026-10-05T23:06:46+07:00
2026-09-06,mt,Thừa Thiên Huế,ĐB,1,717317,xskt.com.vn,2026-10-05T23:06:46+07:00
2026-09-07,mt,Phú Yên,G.8,1,59,xskt.com.vn,2026-10-05T23:06:47+07:00
2026-09-07,mt,Phú Yên,G.7,1,760,xskt.com.vn,2026-10-05T23:06:47+07:00
2026-09-07,mt,Phú Yên,G.6,1,9314,xskt.com.vn,2026-10-05T23:06:47+07:00
2026-09-07,mt,Phú Yên,G.6,2,0839,xskt.com.vn,2026-10-05T23:06:47+07:00
2026-09-07,mt,Phú Yên,G.6,3,1468,xskt.com.vn,2026-10-05T23:06:47+07:00
2026-09-07,mt,Phú Yên,G.5,1,9037,xskt.com.vn,2026-10-05T23:06:47+07:00
2026-09-07,mt,Phú Yên,G.4,1,71697,xskt.com.vn,2026-10-05T23:06:47+07:00
2026-09-07,mt,Phú Yên,G.4,2,92316,xskt.com.vn,2026-10-05T23:06:47+07:00
2026-09-07,mt,Phú Yên,G.4,3,84274,xskt.com.vn,2026-10-05T23:06:47+07:00
2026-09-07,mt,Phú Yên,G.4,4,11932,xskt.com.vn,2026-10-05T23:06:47+07:00
2026-09-07,mt,Phú Yên,G.4,5,31290,xskt.com.vn,2026-10-05T23:06:47+07:00
2026-09-07,mt,Phú Yên,G.4,6,29979,xskt.com.vn,2026-10-05T23:06:47+07:00
2026-09-07,mt,Phú Yên,G.4,7,37539,xskt.com.vn,2026-10-05T23:06:47+07:00
2026-09-07,mt,Phú Yên,G.3,1,88328,xskt.com.vn,2026-10-05T23:06:47+07:00
2026-09-07,mt,Phú Yên,G.3,2,14787,xskt.com.vn,2026-10-05T23:06:47+07:00
2026-09-07,mt,Phú Yên,G.2,1,71169,xskt.com.vn,2026-10-05T23:06:47+07:00
2026-09-07,mt,Phú Yên,G.1,1,53998,xskt.com.vn,2026-10-05T23:06:47+07:00
2026-09-07,mt,Phú Yên,ĐB,1,126254,xskt.com.vn,2026-10-05T23:06:47+07:00
2026-09-07,mt,Thừa Thiên Huế,G.8,1,78,xskt.com.vn,2026-10-05T23:06:47+07:00
2026-09-07,mt,Thừa Thiên Huế,G.7,1,441,xskt.com.vn,2026-10-05T23:06:47+07:00
2026-09-07,mt,Thừa Thiên Huế,G.6,1,7074,xskt.com.vn,2026-10-05T23:06:47+07:00
2026-09-07,mt,Thừa Thiên Huế,G.6,2,5694,xskt.com.vn,2026-10-05T23:06:47+07:00
2026-09-07,mt,Thừa Thiên Huế,G.6,3,3670,xskt.com.vn,2026-10-05T23:06:47+07:00
2026-09-07,mt,Thừa Thiên Huế,G.5,1,1177,xskt.com.vn,2026-10-05T23:06:47+07:00
2026-09-07,mt,Thừa Thiên Huế,G.4,1,70719,xskt.com.vn,2026-10-05T23:06:47+07:00
2026-09-07,mt,Thừa Thiên Huế,G.4,2,37699,xskt.com.vn,2026-10-05T23:06:47+07:00
2026-09-07,mt,Thừa Thiên Huế,G.4,3,06627,xskt.com.vn,2026-10-05T23:06:47+07:00
2026-09-07,mt,Thừa Thiên Huế,G.4,4,97435,xskt.com.vn,2026-10-05T23:06:47+07:00
2026-09-07,mt,Thừa Thiên Huế,G.4,5,20865,xskt.com.vn,2026-10-05T23:06:47+07:00
2026-09-07,mt,Thừa Thiên Huế,G.4,6,40069,xskt.com.vn,2026-10-05T23:06:47+07:00
2026-09-07,mt,Thừa Thiên Huế,G.4,7,07945,xskt.com.vn,2026-10-05T23:06:47+07:00
2026-09-07,mt,Thừa Thiên Huế,G.3,1,85726,xskt.com.vn,2026-10-05T23:06:47+07:00
2026-09-07,mt,Thừa Thiên Huế,G.3,2,42092,xskt.com.vn,2026-10-05T23:06:47+07:00
2026-09-07,mt,Thừa Thiên Huế,G.2,1,21273,xskt.com.vn,2026-10-05T23:06:47+07:00
2026-09-07,mt,Thừa Thiên Huế,G.1,1,22776,xskt.com.vn,2026-10-05T23:06:47+07:00
2026-09-07,mt,Thừa Thiên Huế,ĐB,1,568354,xskt.com.vn,2026-10-05T23:06:47+07:00
2026-09-08,mt,Quảng Nam,G.8,1,31,xskt.com.vn,2026-10-05T23:06:47+07:00
2026-09-08,mt,Quảng Nam,G.7,1,739,xskt.com.vn,2026-10-05T23:06:47+07:00
2026-09-08,mt,Quảng Nam,G.6,1,0466,xskt.com.vn,2026-10-05T23:06:47+07:00
2026-09-08,mt,Quảng Nam,G.6,2,0295,xskt.com.vn,2026-10-05T23:06:47+07:00
2026-09-08,mt,Quảng Nam,G.6,3,7279,xskt.com.vn,2026-10-05T23:06:47+07:00
2026-09-08,mt,Quảng Nam,G.5,1,5181,xskt.com.vn,2026-10-05T23:06:47+07:00
2026-09-08,mt,Quảng Nam,G.4,1,66602,xskt.com.vn,2026-10-05T23:06:47+07:00
2026-09-08,mt,Quảng Nam,G.4,2,11984,xskt.com.vn,2026-10-05T23:06:47+07:00
2026-09-08,mt,Quảng Nam,G.4,3,22835,xskt.com.vn,2026-10-05T23:06:47+07:00
2026-09-08,mt,Quảng Nam,G.4,4,52620,xskt.com.vn,2026-10-05T23:06:47+07:00
2026-09-08,mt,Quảng Nam,G.4,5,15175,xskt.com.vn,2026-10-05T23:06:47+07:00
2026-09-08,mt,Quảng Nam,G.4,6,43735,xskt.com.vn,2026-10-05T23:06:47+07:00
2026-09-08,mt,Quảng Nam,G.4,7,95312,xskt.com.vn,2026-10-05T23:06:47+07:00
2026-09-08,mt,Quảng Nam,G.3,1,16394,xskt.com.vn,2026-10-05T23:06:47+07:00
2026-09-08,mt,Quảng Nam,G.3,2,20158,xskt.com.vn,2026-10-05T23:06:47+07:00
2026-09-08,mt,Quảng Nam,G.2,1,39003,xskt.com.vn,2026-10-05T23:06:47+07:00
2026-09-08,mt,Quảng Nam,G.1,1,87871,xskt.com.vn,2026-10-05T23:06:47+07:00
2026-09-08,mt,Quảng Nam,ĐB,1,820904,xskt.com.vn,2026-10-05T23:06:47+07:00
2026-09-08,mt,Đắk Lắk,G.8,1,06,xskt.com.vn,2026-10-05T23:06:47+07:00
2026-09-08,mt,Đắk Lắk,G.7,1,981,xskt.com.vn,2026-10-05T23:06:47+07:00
2026-09-08,mt,Đắk Lắk,G.6,1,3304,xskt.com.vn,2026-10-05T23:06:47+07:00
2026-09-08,mt,Đắk Lắk,G.6,2,0656,xskt.com.vn,2026-10-05T23:06:47+07:00
2026-09-08,mt,Đắk Lắk,G.6,3,0585,xskt.com.vn,2026-10-05T23:06:47+07:00
2026-09-08,mt,Đắk Lắk,G.5,1,7882,xskt.com.vn,2026-10-05T23:06:47+07:00
2026-09-08,mt,Đắk Lắk,G.4,1,82832,xskt.com.vn,2026-10-05T23:06:47+07:00
2026-09-08,mt,Đắk Lắk,G.4,2,70192,xskt.com.vn,2026-10-05T23:06:47+07:00
2026-09-08,mt,Đắk Lắk,G.4,3,65632,xskt.com.vn,2026-10-05T23:06:47+07:00
2026-09-08,mt,Đắk Lắk,G.4,4,77227,xskt.com.vn,2026-10-05T23:06:47+07:00
2026-09-08,mt,Đắk Lắk,G.4,5,14627,xskt.com.vn,2026-10-05T23:06:47+07:00
2026-09-08,mt,Đắk Lắk,G.4,6,36334,xskt.com.vn,2026-10-05T23:06:47+07:00
2026-09-08,mt,Đắk Lắk,G.4,7,69985,xskt.com.vn,2026-10-05T23:06:47+07:00
2026-09-08,mt,Đắk Lắk,G.3,1,51417,xskt.com.vn,2026-10-05T23:06:47+07:00
2026-09-08,mt,Đắk Lắk,G.3,2,51799,xskt.com.vn,2026-10-05T23:06:47+07:00
2026-09-08,mt,Đắk Lắk,G.2,1,43963,xskt.com.vn,2026-10-05T23:06:47+07:00
2026-09-08,mt,Đắk Lắk,G.1,1,51353,xskt.com.vn,2026-10-05T23:06:47+07:00
2026-09-08,mt,Đắk Lắk,ĐB,1,596463,xskt.com.vn,2026-10-05T23:06:47+07:00
2026-09-09,mt,Khánh Hòa,G.8,1,99,xskt.com.vn,2026-10-05T23:06:47+07:00
2026-09-09,mt,Khánh Hòa,G.7,1,027,xskt.com.vn,2026-10-05T23:06:47+07:00
2026-09-09,mt,Khánh Hòa,G.6,1,7270,xskt.com.vn,2026-10-05T23:06:47+07:00
2026-09-09,mt,Khánh Hòa,G.6,2,6293,xskt.com.vn,2026-10-05T23:06:47+07:00
2026-09-09,mt,Khánh Hòa,G.6,3,7102,xskt.com.vn,2026-10-05T23:06:47+07:00
2026-09-09,mt,Khánh Hòa,G.5,1,6754,xskt.com.vn,2026-10-05T23:06:47+07:00
2026-09-09,mt,Khánh Hòa,G.4,1,70311,xskt.com.vn,2026-10-05T23:06:47+07:00
2026-09-09,mt,Khánh Hòa,G.4,2,94790,xskt.com.vn,2026-10-05T23:06:47+07:00
2026-09-09,mt,Khánh Hòa,G.4,3,15262,xskt.com.vn,2026-10-05T23:06:47+07:00
2026-09-09,mt,Khánh Hòa,G.4,4,63230,xskt.com.vn,2026-10-05T23:06:47+07:00
2026-09-09,mt,Khánh Hòa,G.4,5,23053,xskt.com.vn,2026-10-05T23:06:47+07:00
2026-09-09,mt,Khánh Hòa,G.4,6,60155,xskt.com.vn,2026-10-05T23:06:47+07:00
2026-09-09,mt,Khánh Hòa,G.4,7,08447,xskt.com.vn,2026-10-05T23:06:47+07:00
2026-09-09,mt,Khánh Hòa,G.3,1,30913,xskt.com.vn,2026-10-05T23:06:47+07:00
2026-09-09,mt,Khánh Hòa,G.3,2,92876,xskt.com.vn,2026-10-05T23:06:47+07:00
2026-09-09,mt,Khánh Hòa,G.2,1,65842,xskt.com.vn,2026-10-05T23:06:47+07:00
2026-09-09,mt,Khánh Hòa,G.1,1,20955,xskt.com.vn,2026-10-05T23:06:47+07:00
2026-09-09,mt,Khánh Hòa,ĐB,1,366939,xskt.com.vn,2026-10-05T23:06:47+07:00
2026-09-09,mt,Đà Nẵng,G.8,1,37,xskt.com.vn,2026-10-05T23:06:47+07:00
2026-09-09,mt,Đà Nẵng,G.7,1,891,xskt.com.vn,2026-10-05T23:06:47+07:00
2026-09-09,mt,Đà Nẵng,G.6,1,6215,xskt.com.vn,2026-10-05T23:06:47+07:00
2026-09-09,mt,Đà Nẵng,G.6,2,9789,xskt.com.vn,2026-10-05T23:06:47+07:00
2026-09-09,mt,Đà Nẵng,G.6,3,6150,xskt.com.vn,2026-10-05T23:06:47+07:00
2026-09-09,mt,Đà Nẵng,G.5,1,6599,xskt.com.vn,2026-10-05T23:06:47+07:00
2026-09-09,mt,Đà Nẵng,G.4,1,51687,xskt.com.vn,2026-10-05T23:06:47+07:00
2026-09-09,mt,Đà Nẵng,G.4,2,15563,xskt.com.vn,2026-10-05T23:06:47+07:00
2026-09-09,mt,Đà Nẵng,G.4,3,83208,xskt.com.vn,2026-10-05T23:06:47+07:00
2026-09-09,mt,Đà Nẵng,G.4,4,14973,xskt.com.vn,2026-10-05T23:06:47+07:00
2026-09-09,mt,Đà Nẵng,G.4,5,98218,xskt.com.vn,2026-10-05T23:06:47+07:00
2026-09-09,mt,Đà Nẵng,G.4,6,79594,xskt.com.vn,2026-10-05T23:06:47+07:00
2026-09-09,mt,Đà Nẵng,G.4,7,91746,xskt.com.vn,2026-10-05T23:06:47+07:00
2026-09-09,mt,Đà Nẵng,G.3,1,25901,xskt.com.vn,2026-10-05T23:06:47+07:00
2026-09-09,mt,Đà Nẵng,G.3,2,15757,xskt.com.vn,2026-10-05T23:06:47+07:00
2026-09-09,mt,Đà Nẵng,G.2,1,34294,xskt.com.vn,2026-10-05T23:06:47+07:00
2026-09-09,mt,Đà Nẵng,G.1,1,37719,xskt.com.vn,2026-10-05T23:06:47+07:00
2026-09-09,mt,Đà Nẵng,ĐB,1,312908,xskt.com.vn,2026-10-05T23:06:47+07:00
2026-09-10,mt,Bình Định,G.8,1,77,xskt.com.vn,2026-10-05T23:06:48+07:00
2026-09-10,mt,Bình Định,G.7,1,002,xskt.com.vn,2026-10-05T23:06:48+07:00
2026-09-10,mt,Bình Định,G.6,1,5681,xskt.com.vn,2026-10-05T23:06:48+07:00
2026-09-10,mt,Bình Định,G.6,2,0002,xskt.com.vn,2026-10-05T23:06:48+07:00
2026-09-10,mt,Bình Định,G.6,3,5700,xskt.com.vn,2026-10-05T23:06:48+07:00
2026-09-10,mt,Bình Định,G.5,1,6242,xskt.com.vn,2026-10-05T23:06:48+07:00
2026-09-10,mt,Bình Định,G.4,1,50957,xskt.com.vn,2026-10-05T23:06:48+07:00
2026-09-10,mt,Bình Định,G.4,2,12504,xskt.com.vn,2026-10-05T23:06:48+07:00
2026-09-10,mt,Bình Định,G.4,3,99885,xskt.com.vn,2026-10-05T23:06:48+07:00
2026-09-10,mt,Bình Định,G.4,4,35512,xskt.com.vn,2026-10-05T23:06:48+07:00
2026-09-10,mt,Bình Định,G.4,5,92490,xskt.com.vn,2026-10-05T23:06:48+07:00
2026-09-10,mt,Bình Định,G.4,6,51383,xskt.com.vn,2026-10-05T23:06:48+07:00
2026-09-10,mt,Bình Định,G.4,7,61358,xskt.com.vn,2026-10-05T23:06:48+07:00
2026-09-10,mt,Bình Định,G.3,1,38445,xskt.com.vn,2026-10-05T23:06:48+07:00
2026-09-10,mt,Bình Định,G.3,2,39349,xskt.com.vn,2026-10-05T23:06:48+07:00
2026-09-10,mt,Bình Định,G.2,1,52001,xskt.com.vn,2026-10-05T23:06:48+07:00
2026-09-10,mt,Bình Định,G.1,1,70432,xskt.com.vn,2026-10-05T23:06:48+07:00
2026-09-10,mt,Bình Định,ĐB,1,132406,xskt.com.vn,2026-10-05T23:06:48+07:00
2026-09-10,mt,Quảng Bình,G.8,1,62,xskt.com.vn,2026-10-05T23:06:48+07:00
2026-09-10,mt,Quảng Bình,G.7,1,129,xskt.com.vn,2026-10-05T23:06:48+07:00
2026-09-10,mt,Quảng Bình,G.6,1,9525,xskt.com.vn,2026-10-05T23:06:48+07:00
2026-09-10,mt,Quảng Bình,G.6,2,8343,xskt.com.vn,2026-10-05T23:06:48+07:00
2026-09-10,mt,Quảng Bình,G.6,3,6730,xskt.com.vn,2026-10-05T23:06:48+07:00
2026-09-10,mt,Quảng Bình,G.5,1,8544,xskt.com.vn,2026-10-05T23:06:48+07:00
2026-09-10,mt,Quảng Bình,G.4,1,21128,xskt.com.vn,2026-10-05T23:06:48+07:00
2026-09-10,mt,Quảng Bình,G.4,2,37507,xskt.com.vn,2026-10-05T23:06:48+07:00
2026-09-10,mt,Quảng Bình,G.4,3,86464,xskt.com.vn,2026-10-05T23:06:48+07:00
2026-09-10,mt,Quảng Bình,G.4,4,24950,xskt.com.vn,2026-10-05T23:06:48+07:00
2026-09-10,mt,Quảng Bình,G.4,5,90099,xskt.com.vn,2026-10-05T23:06:48+07:00
2026-09-10,mt,Quảng Bình,G.4,6,57047,xskt.com.vn,2026-10-05T23:06:48+07:00
2026-09-10,mt,Quảng Bình,G.4,7,08759,xskt.com.vn,2026-10-05T23:06:48+07:00
2026-09-10,mt,Quảng Bình,G.3,1,83967,xskt.com.vn,2026-10-05T23:06:48+07:00
2026-09-10,mt,Quảng Bình,G.3,2,13940,xskt.com.vn,2026-10-05T23:06:48+07:00
2026-09-10,mt,Quảng Bình,G.2,1,52774,xskt.com.vn,2026-10-05T23:06:48+07:00
2026-09-10,mt,Quảng Bình,G.1,1,23670,xskt.com.vn,2026-10-05T23:06:48+07:00
2026-09-10,mt,Quảng Bình,ĐB,1,197163,xskt.com.vn,2026-10-05T23:06:48+07:00
2026-09-10,mt,Quảng Trị,G.8,1,88,xskt.com.vn,2026-10-05T23:06:48+07:00
2026-09-10,mt,Quảng Trị,G.7,1,602,xskt.com.vn,2026-10-05T23:06:48+07:00
2026-09-10,mt,Quảng Trị,G.6,1,2044,xskt.com.vn,2026-10-05T23:06:48+07:00
2026-09-10,mt,Quảng Trị,G.6,2,7872,xskt.com.vn,2026-10-05T23:06:48+07:00
2026-09-10,mt,Quảng Trị,G.6,3,7735,xskt.com.vn,2026-10-05T23:06:48+07:00
2026-09-10,mt,Quảng Trị,G.5,1,7641,xskt.com.vn,2026-10-05T23:06:48+07:00
2026-09-10,mt,Quảng Trị,G.4,1,84383,xskt.com.vn,2026-10-05T23:06:48+07:00
2026-09-10,mt,Quảng Trị,G.4,2,04270,xskt.com.vn,2026-10-05T23:06:48+07:00
2026-09-10,mt,Quảng Trị,G.4,3,01717,xskt.com.vn,2026-10-05T23:06:48+07:00
2026-09-10,mt,Quảng Trị,G.4,4,38075,xskt.com.vn,2026-10-05T23:06:48+07:00
2026-09-10,mt,Quảng Trị,G.4,5,32619,xskt.com.vn,2026-10-05T23:06:48+07:00
2026-09-10,mt,Quảng Trị,G.4,6,65598,xskt.com.vn,2026-10-05T23:06:48+07:00
2026-09-10,mt,Quảng Trị,G.4,7,14368,xskt.com.vn,2026-10-05T23:06:48+07:00
2026-09-10,mt,Quảng Trị,G.3,1,47800,xskt.com.vn,2026-10-05T23:06:48+07:00
2026-09-10,mt,Quảng Trị,G.3,2,19695,xskt.com.vn,2026-10-05T23:06:48+07:00
2026-09-10,mt,Quảng Trị,G.2,1,69918,xskt.com.vn,2026-10-05T23:06:48+07:00
2026-09-10,mt,Quảng Trị,G.1,1,34428,xskt.com.vn,2026-10-05T23:06:48+07:00
2026-09-10,mt,Quảng Trị,ĐB,1,428380,xskt.com.vn,2026-10-05T23:06:48+07:00
2026-09-11,mt,Gia Lai,G.8,1,20,xskt.com.vn,2026-10-05T23:06:48+07:00
2026-09-11,mt,Gia Lai,G.7,1,971,xskt.com.vn,2026-10-05T23:06:48+07:00
2026-09-11,mt,Gia Lai,G.6,1,4431,xskt.com.vn,2026-10-05T23:06:48+07:00
2026-09-11,mt,Gia Lai,G.6,2,8429,xskt.com.vn,2026-10-05T23:06:48+07:00
2026-09-11,mt,Gia Lai,G.6,3,8500,xskt.com.vn,2026-10-05T23:06:48+07:00
2026-09-11,mt,Gia Lai,G.5,1,0840,xskt.com.vn,2026-10-05T23:06:48+07:00
2026-09-11,mt,Gia Lai,G.4,1,55669,xskt.com.vn,2026-10-05T23:06:48+07:00
2026-09-11,mt,Gia Lai,G.4,2,00396,xskt.com.vn,2026-10-05T23:06:48+07:00
2026-09-11,mt,Gia Lai,G.4,3,72701,xskt.com.vn,2026-10-05T23:06:48+07:00
2026-09-11,mt,Gia Lai,G.4,4,12702,xskt.com.vn,2026-10-05T23:06:48+07:00
2026-09-11,mt,Gia Lai,G.4,5,70575,xskt.com.vn,2026-10-05T23:06:48+07:00
2026-09-11,mt,Gia Lai,G.4,6,86730,xskt.com.vn,2026-10-05T23:06:48+07:00
2026-09-11,mt,Gia Lai,G.4,7,84834,xskt.com.vn,2026-10-05T23:06:48+07:00
2026-09-11,mt,Gia Lai,G.3,1,84423,xskt.com.vn,2026-10-05T23:06:48+07:00
2026-09-11,mt,Gia Lai,G.3,2,64054,xskt.com.vn,2026-10-05T23:06:48+07:00
2026-09-11,mt,Gia Lai,G.2,1,30608,xskt.com.vn,2026-10-05T23:06:48+07:00
2026-09-11,mt,Gia Lai,G.1,1,07715,xskt.com.vn,2026-10-05T23:06:48+07:00
2026-09-11,mt,Gia Lai,ĐB,1,824706,xskt.com.vn,2026-10-05T23:06:48+07:00
2026-09-11,mt,Ninh Thuận,G.8,1,10,xskt.com.vn,2026-10-05T23:06:48+07:00
2026-09-11,mt,Ninh Thuận,G.7,1,311,xskt.com.vn,2026-10-05T23:06:48+07:00
2026-09-11,mt,Ninh Thuận,G.6,1,6956,xskt.com.vn,2026-10-05T23:06:48+07:00
2026-09-11,mt,Ninh Thuận,G.6,2,5786,xskt.com.vn,2026-10-05T23:06:48+07:00
2026-09-11,mt,Ninh Thuận,G.6,3,2818,xskt.com.vn,2026-10-05T23:06:48+07:00
2026-09-11,mt,Ninh Thuận,G.5,1,5668,xskt.com.vn,2026-10-05T23:06:48+07:00
2026-09-11,mt,Ninh Thuận,G.4,1,25775,xskt.com.vn,2026-10-05T23:06:48+07:00
2026-09-11,mt,Ninh Thuận,G.4,2,62014,xskt.com.vn,2026-10-05T23:06:48+07:00
2026-09-11,mt,Ninh Thuận,G.4,3,63407,xskt.com.vn,2026-10-05T23:06:48+07:00
2026-09-11,mt,Ninh Thuận,G.4,4,69783,xskt.com.vn,2026-10-05T23:06:48+07:00
2026-09-11,mt,Ninh Thuận,G.4,5,01098,xskt.com.vn,2026-10-05T23:06:48+07:00
2026-09-11,mt,Ninh Thuận,G.4,6,96055,xskt.com.vn,2026-10-05T23:06:48+07:00
2026-09-11,mt,Ninh Thuận,G.4,7,42551,xskt.com.vn,2026-10-05T23:06:48+07:00
2026-09-11,mt,Ninh Thuận,G.3,1,86963,xskt.com.vn,2026-10-05T23:06:48+07:00
2026-09-11,mt,Ninh Thuận,G.3,2,19040,xskt.com.vn,2026-10-05T23:06:48+07:00
2026-09-11,mt,Ninh Thuận,G.2,1,63607,xskt.com.vn,2026-10-05T23:06:48+07:00
2026-09-11,mt,Ninh Thuận,G.1,1,91088,xskt.com.vn,2026-10-05T23:06:48+07:00
2026-09-11,mt,Ninh Thuận,ĐB,1,308363,xskt.com.vn,2026-10-05T23:06:48+07:00
2026-09-12,mt,Quảng Ngãi,G.8,1,67,xskt.com.vn,2026-10-05T23:06:48+07:00
2026-09-12,mt,Quảng Ngãi,G.7,1,835,xskt.com.vn,2026-10-05T23:06:48+07:00
2026-09-12,mt,Quảng Ngãi,G.6,1,9224,xskt.com.vn,2026-10-05T23:06:48+07:00
2026-09-12,mt,Quảng Ngãi,G.6,2,9967,xskt.com.vn,2026-10-05T23:06:48+07:00
2026-09-12,mt,Quảng Ngãi,G.6,3,9311,xskt.com.vn,2026-10-05T23:06:48+07:00
2026-09-12,mt,Quảng Ngãi,G.5,1,4830,xskt.com.vn,2026-10-05T23:06:48+07:00
2026-09-12,mt,Quảng Ngãi,G.4,1,39613,xskt.com.vn,2026-10-05T23:06:48+07:00
2026-09-12,mt,Quảng Ngãi,G.4,2,08704,xskt.com.vn,2026-10-05T23:06:48+07:00
2026-09-12,mt,Quảng Ngãi,G.4,3,90130,xskt.com.vn,2026-10-05T23:06:48+07:00
2026-09-12,mt,Quảng Ngãi,G.4,4,74473,xskt.com.vn,2026-10-05T23:06:48+07:00
2026-09-12,mt,Quảng Ngãi,G.4,5,88451,xskt.com.vn,2026-10-05T23:06:48+07:00
2026-09-12,mt,Quảng Ngãi,G.4,6,78059,xskt.com.vn,2026-10-05T23:06:48+07:00
2026-09-12,mt,Quảng Ngãi,G.4,7,06509,xskt.com.vn,2026-10-05T23:06:48+07:00
2026-09-12,mt,Quảng Ngãi,G.3,1,61884,xskt.com.vn,2026-10-05T23:06:48+07:00
2026-09-12,mt,Quảng Ngãi,G.3,2,49963,xskt.com.vn,2026-10-05T23:06:48+07:00
2026-09-12,mt,Quảng Ngãi,G.2,1,42205,xskt.com.vn,2026-10-05T23:06:48+07:00
2026-09-12,mt,Quảng Ngãi,G.1,1,70058,xskt.com.vn,2026-10-05T23:06:48+07:00
2026-09-12,mt,Quảng Ngãi,ĐB,1,777730,xskt.com.vn,2026-10-05T23:06:48+07:00
2026-09-12,mt,Đà Nẵng,G.8,1,28,xskt.com.vn,2026-10-05T23:06:48+07:00
2026-09-12,mt,Đà Nẵng,G.7,1,729,xskt.com.vn,2026-10-05T23:06:48+07:00
2026-09-12,mt,Đà Nẵng,G.6,1,9659,xskt.com.vn,2026-10-05T23:06:48+07:00
2026-09-12,mt,Đà Nẵng,G.6,2,8420,xskt.com.vn,2026-10-05T23:06:48+07:00
2026-09-12,mt,Đà Nẵng,G.6,3,5845,xskt.com.vn,2026-10-05T23:06:48+07:00
2026-09-12,mt,Đà Nẵng,G.5,1,2636,xskt.com.vn,2026-10-05T23:06:48+07:00
2026-09-12,mt,Đà Nẵng,G.4,1,54679,xskt.com.vn,2026-10-05T23:06:48+07:00
2026-09-12,mt,Đà Nẵng,G.4,2,84168,xskt.com.vn,2026-10-05T23:06:48+07:00
2026-09-12,mt,Đà Nẵng,G.4,3,08550,xskt.com.vn,2026-10-05T23:06:48+07:00
2026-09-12,mt,Đà Nẵng,G.4,4,26685,xskt.com.vn,2026-10-05T23:06:48+07:00
2026-09-12,mt,Đà Nẵng,G.4,5,89925,xskt.com.vn,2026-10-05T23:06:48+07:00
2026-09-12,mt,Đà Nẵng,G.4,6,54889,xskt.com.vn,2026-10-05T23:06:48+07:00
2026-09-12,mt,Đà Nẵng,G.4,7,52982,xskt.com.vn,2026-10-05T23:06:48+07:00
2026-09-12,mt,Đà Nẵng,G.3,1,09820,xskt.com.vn,2026-10-05T23:06:48+07:00
2026-09-12,mt,Đà Nẵng,G.3,2,44922,xskt.com.vn,2026-10-05T23:06:48+07:00
2026-09-12,mt,Đà Nẵng,G.2,1,38300,xskt.com.vn,2026-10-05T23:06:48+07:00
2026-09-12,mt,Đà Nẵng,G.1,1,39318,xskt.com.vn,2026-10-05T23:06:48+07:00
2026-09-12,mt,Đà Nẵng,ĐB,1,968058,xskt.com.vn,2026-10-05T23:06:48+07:00
2026-09-12,mt,Đắk Nông,G.8,1,20,xskt.com.vn,2026-10-05T23:06:48+07:00
2026-09-12,mt,Đắk Nông,G.7,1,320,xskt.com.vn,2026-10-05T23:06:48+07:00
2026-09-12,mt,Đắk Nông,G.6,1,1403,xskt.com.vn,2026-10-05T23:06:48+07:00
2026-09-12,mt,Đắk Nông,G.6,2,7681,xskt.com.vn,2026-10-05T23:06:48+07:00
2026-09-12,mt,Đắk Nông,G.6,3,6976,xskt.com.vn,2026-10-05T23:06:48+07:00
2026-09-12,mt,Đắk Nông,G.5,1,5175,xskt.com.vn,2026-10-05T23:06:48+07:00
2026-09-12,mt,Đắk Nông,G.4,1,54752,xskt.com.vn,2026-10-05T23:06:48+07:00
2026-09-12,mt,Đắk Nông,G.4,2,50681,xskt.com.vn,2026-10-05T23:06:48+07:00
2026-09-12,mt,Đắk Nông,G.4,3,22883,xskt.com.vn,2026-10-05T23:06:48+07:00
2026-09-12,mt,Đắk Nông,G.4,4,71899,xskt.com.vn,2026-10-05T23:06:48+07:00
2026-09-12,mt,Đắk Nông,G.4,5,08360,xskt.com.vn,2026-10-05T23:06:48+07:00
2026-09-12,mt,Đắk Nông,G.4,6,61199,xskt.com.vn,2026-10-05T23:06:48+07:00
2026-09-12,mt,Đắk Nông,G.4,7,30727,xskt.com.vn,2026-10-05T23:06:48+07:00
2026-09-12,mt,Đắk Nông,G.3,1,62181,xskt.com.vn,2026-10-05T23:06:48+07:00
2026-09-12,mt,Đắk Nông,G.3,2,21436,xskt.com.vn,2026-10-05T23:06:48+07:00
2026-09-12,mt,Đắk Nông,G.2,1,08444,xskt.com.vn,2026-10-05T23:06:48+07:00
2026-09-12,mt,Đắk Nông,G.1,1,76684,xskt.com.vn,2026-10-05T23:06:48+07:00
2026-09-12,mt,Đắk Nông,ĐB,1,036304,xskt.com.vn,2026-10-05T23:06:48+07:00
2026-09-13,mt,Khánh Hòa,G.8,1,47,xskt.com.vn,2026-10-05T23:06:49+07:00
2026-09-13,mt,Khánh Hòa,G.7,1,492,xskt.com.vn,2026-10-05T23:06:49+07:00
2026-09-13,mt,Khánh Hòa,G.6,1,2363,xskt.com.vn,2026-10-05T23:06:49+07:00
2026-09-13,mt,Khánh Hòa,G.6,2,4339,xskt.com.vn,2026-10-05T23:06:49+07:00
2026-09-13,mt,Khánh Hòa,G.6,3,7619,xskt.com.vn,2026-10-05T23:06:49+07:00
2026-09-13,mt,Khánh Hòa,G.5,1,3812,xskt.com.vn,2026-10-05T23:06:49+07:00
2026-09-13,mt,Khánh Hòa,G.4,1,03382,xskt.com.vn,2026-10-05T23:06:49+07:00
2026-09-13,mt,Khánh Hòa,G.4,2,73290,xskt.com.vn,2026-10-05T23:06:49+07:00
2026-09-13,mt,Khánh Hòa,G.4,3,37293,xskt.com.vn,2026-10-05T23:06:49+07:00
2026-09-13,mt,Khánh Hòa,G.4,4,27590,xskt.com.vn,2026-10-05T23:06:49+07:00
2026-09-13,mt,Khánh Hòa,G.4,5,71696,xskt.com.vn,2026-10-05T23:06:49+07:00
2026-09-13,mt,Khánh Hòa,G.4,6,44096,xskt.com.vn,2026-10-05T23:06:49+07:00
2026-09-13,mt,Khánh Hòa,G.4,7,19495,xskt.com.vn,2026-10-05T23:06:49+07:00
2026-09-13,mt,Khánh Hòa,G.3,1,52074,xskt.com.vn,2026-10-05T23:06:49+07:00
2026-09-13,mt,Khánh Hòa,G.3,2,54167,xskt.com.vn,2026-10-05T23:06:49+07:00
2026-09-13,mt,Khánh Hòa,G.2,1,38802,xskt.com.vn,2026-10-05T23:06:49+07:00
2026-09-13,mt,Khánh Hòa,G.1,1,52031,xskt.com.vn,2026-10-05T23:06:49+07:00
2026-09-13,mt,Khánh Hòa,ĐB,1,601414,xskt.com.vn,2026-10-05T23:06:49+07:00
2026-09-13,mt,Kon Tum,G.8,1,50,xskt.com.vn,2026-10-05T23:06:49+07:00
2026-09-13,mt,Kon Tum,G.7,1,711,xskt.com.vn,2026-10-05T23:06:49+07:00
2026-09-13,mt,Kon Tum,G.6,1,4583,xskt.com.vn,2026-10-05T23:06:49+07:00
2026-09-13,mt,Kon Tum,G.6,2,8601,xskt.com.vn,2026-10-05T23:06:49+07:00
2026-09-13,mt,Kon Tum,G.6,3,3906,xskt.com.vn,2026-10-05T23:06:49+07:00
2026-09-13,mt,Kon Tum,G.5,1,5626,xskt.com.vn,2026-10-05T23:06:49+07:00
2026-09-13,mt,Kon Tum,G.4,1,28709,xskt.com.vn,2026-10-05T23:06:49+07:00
2026-09-13,mt,Kon Tum,G.4,2,27439,xskt.com.vn,2026-10-05T23:06:49+07:00
2026-09-13,mt,Kon Tum,G.4,3,97569,xskt.com.vn,2026-10-05T23:06:49+07:00
2026-09-13,mt,Kon Tum,G.4,4,67925,xskt.com.vn,2026-10-05T23:06:49+07:00
2026-09-13,mt,Kon Tum,G.4,5,06186,xskt.com.vn,2026-10-05T23:06:49+07:00
2026-09-13,mt,Kon Tum,G.4,6,61317,xskt.com.vn,2026-10-05T23:06:49+07:00
2026-09-13,mt,Kon Tum,G.4,7,50493,xskt.com.vn,2026-10-05T23:06:49+07:00
2026-09-13,mt,Kon Tum,G.3,1,49781,xskt.com.vn,2026-10-05T23:06:49+07:00
2026-09-13,mt,Kon Tum,G.3,2,45241,xskt.com.vn,2026-10-05T23:06:49+07:00
2026-09-13,mt,Kon Tum,G.2,1,27754,xskt.com.vn,2026-10-05T23:06:49+07:00
2026-09-13,mt,Kon Tum,G.1,1,10834,xskt.com.vn,2026-10-05T23:06:49+07:00
2026-09-13,mt,Kon Tum,ĐB,1,609878,xskt.com.vn,2026-10-05T23:06:49+07:00
2026-09-13,mt,Thừa Thiên Huế,G.8,1,65,xskt.com.vn,2026-10-05T23:06:49+07:00
2026-09-13,mt,Thừa Thiên Huế,G.7,1,981,xskt.com.vn,2026-10-05T23:06:49+07:00
2026-09-13,mt,Thừa Thiên Huế,G.6,1,9664,xskt.com.vn,2026-10-05T23:06:49+07:00
2026-09-13,mt,Thừa Thiên Huế,G.6,2,0178,xskt.com.vn,2026-10-05T23:06:49+07:00
2026-09-13,mt,Thừa Thiên Huế,G.6,3,1792,xskt.com.vn,2026-10-05T23:06:49+07:00
2026-09-13,mt,Thừa Thiên Huế,G.5,1,7086,xskt.com.vn,2026-10-05T23:06:49+07:00
2026-09-13,mt,Thừa Thiên Huế,G.4,1,38219,xskt.com.vn,2026-10-05T23:06:49+07:00
2026-09-13,mt,Thừa Thiên Huế,G.4,2,19693,xskt.com.vn,2026-10-05T23:06:49+07:00
2026-09-13,mt,Thừa Thiên Huế,G.4,3,04545,xskt.com.vn,2026-10-05T23:06:49+07:00
2026-09-13,mt,Thừa Thiên Huế,G.4,4,85923,xskt.com.vn,2026-10-05T23:06:49+07:00
2026-09-13,mt,Thừa Thiên Huế,G.4,5,26016,xskt.com.vn,2026-10-05T23:06:49+07:00
2026-09-13,mt,Thừa Thiên Huế,G.4,6,78963,xskt.com.vn,2026-10-05T23:06:49+07:00
2026-09-13,mt,Thừa Thiên Huế,G.4,7,49324,xskt.com.vn,2026-10-05T23:06:49+07:00
2026-09-13,mt,Thừa Thiên Huế,G.3,1,53637,xskt.com.vn,2026-10-05T23:06:49+07:00
2026-09-13,mt,Thừa Thiên Huế,G.3,2,27771,xskt.com.vn,2026-10-05T23:06:49+07:00
2026-09-13,mt,Thừa Thiên Huế,G.2,1,52536,xskt.com.vn,2026-10-05T23:06:49+07:00
2026-09-13,mt,Thừa Thiên Huế,G.1,1,86378,xskt.com.vn,2026-10-05T23:06:49+07:00
2026-09-13,mt,Thừa Thiên Huế,ĐB,1,236430,xskt.com.vn,2026-10-05T23:06:49+07:00
2026-09-14,mt,Phú Yên,G.8,1,06,xskt.com.vn,2026-10-05T23:06:49+07:00
2026-09-14,mt,Phú Yên,G.7,1,597,xskt.com.vn,2026-10-05T23:06:49+07:00
2026-09-14,mt,Phú Yên,G.6,1,7086,xskt.com.vn,2026-10-05T23:06:49+07:00
2026-09-14,mt,Phú Yên,G.6,2,3414,xskt.com.vn,2026-10-05T23:06:49+07:00
2026-09-14,mt,Phú Yên,G.6,3,0252,xskt.com.vn,2026-10-05T23:06:49+07:00
2026-09-14,mt,Phú Yên,G.5,1,9449,xskt.com.vn,2026-10-05T23:06:49+07:00
2026-09-14,mt,Phú Yên,G.4,1,41968,xskt.com.vn,2026-10-05T23:06:49+07:00
2026-09-14,mt,Phú Yên,G.4,2,54745,xskt.com.vn,2026-10-05T23:06:49+07:00
2026-09-14,mt,Phú Yên,G.4,3,63328,xskt.com.vn,2026-10-05T23:06:49+07:00
2026-09-14,mt,Phú Yên,G.4,4,49233,xskt.com.vn,2026-10-05T23:06:49+07:00
2026-09-14,mt,Phú Yên,G.4,5,28212,xskt.com.vn,2026-10-05T23:06:49+07:00
2026-09-14,mt,Phú Yên,G.4,6,14611,xskt.com.vn,2026-10-05T23:06:49+07:00
2026-09-14,mt,Phú Yên,G.4,7,14430,xskt.com.vn,2026-10-05T23:06:49+07:00
2026-09-14,mt,Phú Yên,G.3,1,86446,xskt.com.vn,2026-10-05T23:06:49+07:00
2026-09-14,mt,Phú Yên,G.3,2,49392,xskt.com.vn,2026-10-05T23:06:49+07:00
2026-09-14,mt,Phú Yên,G.2,1,86507,xskt.com.vn,2026-10-05T23:06:49+07:00
2026-09-14,mt,Phú Yên,G.1,1,09500,xskt.com.vn,2026-10-05T23:06:49+07:00
2026-09-14,mt,Phú Yên,ĐB,1,315501,xskt.com.vn,2026-10-05T23:06:49+07:00
2026-09-14,mt,Thừa Thiên Huế,G.8,1,31,xskt.com.vn,2026-10-05T23:06:49+07:00
2026-09-14,mt,Thừa Thiên Huế,G.7,1,888,xskt.com.vn,2026-10-05T23:06:49+07:00
2026-09-14,mt,Thừa Thiên Huế,G.6,1,9957,xskt.com.vn,2026-10-05T23:06:49+07:00
2026-09-14,mt,Thừa Thiên Huế,G.6,2,1454,xskt.com.vn,2026-10-05T23:06:49+07:00
2026-09-14,mt,Thừa Thiên Huế,G.6,3,9851,xskt.com.vn,2026-10-05T23:06:49+07:00
2026-09-14,mt,Thừa Thiên Huế,G.5,1,8220,xskt.com.vn,2026-10-05T23:06:49+07:00
2026-09-14,mt,Thừa Thiên Huế,G.4,1,38181,xskt.com.vn,2026-10-05T23:06:49+07:00
2026-09-14,mt,Thừa Thiên Huế,G.4,2,31656,xskt.com.vn,2026-10-05T23:06:49+07:00
2026-09-14,mt,Thừa Thiên Huế,G.4,3,85267,xskt.com.vn,2026-10-05T23:06:49+07:00
2026-09-14,mt,Thừa Thiên Huế,G.4,4,98201,xskt.com.vn,2026-10-05T23:06:49+07:00
2026-09-14,mt,Thừa Thiên Huế,G.4,5,19951,xskt.com.vn,2026-10-05T23:06:49+07:00
2026-09-14,mt,Thừa Thiên Huế,G.4,6,39545,xskt.com.vn,2026-10-05T23:06:49+07:00
2026-09-14,mt,Thừa Thiên Huế,G.4,7,01871,xskt.com.vn,2026-10-05T23:06:49+07:00
2026-09-14,mt,Thừa Thiên Huế,G.3,1,69188,xskt.com.vn,2026-10-05T23:06:49+07:00
2026-09-14,mt,Thừa Thiên Huế,G.3,2,44700,xskt.com.vn,2026-10-05T23:06:49+07:00
2026-09-14,mt,Thừa Thiên Huế,G.2,1,39864,xskt.com.vn,2026-10-05T23:06:49+07:00
2026-09-14,mt,Thừa Thiên Huế,G.1,1,60125,xskt.com.vn,2026-10-05T23:06:49+07:00
2026-09-14,mt,Thừa Thiên Huế,ĐB,1,542650,xskt.com.vn,2026-10-05T23:06:49+07:00
2026-09-15,mt,Quảng Nam,G.8,1,29,xskt.com.vn,2026-10-05T23:06:50+07:00
2026-09-15,mt,Quảng Nam,G.7,1,945,xskt.com.vn,2026-10-05T23:06:50+07:00
2026-09-15,mt,Quảng Nam,G.6,1,2979,xskt.com.vn,2026-10-05T23:06:50+07:00
2026-09-15,mt,Quảng Nam,G.6,2,2793,xskt.com.vn,2026-10-05T23:06:50+07:00
2026-09-15,mt,Quảng Nam,G.6,3,1599,xskt.com.vn,2026-10-05T23:06:50+07:00
2026-09-15,mt,Quảng Nam,G.5,1,8053,xskt.com.vn,2026-10-05T23:06:50+07:00
2026-09-15,mt,Quảng Nam,G.4,1,00907,xskt.com.vn,2026-10-05T23:06:50+07:00
2026-09-15,mt,Quảng Nam,G.4,2,03094,xskt.com.vn,2026-10-05T23:06:50+07:00
2026-09-15,mt,Quảng Nam,G.4,3,05209,xskt.com.vn,2026-10-05T23:06:50+07:00
2026-09-15,mt,Quảng Nam,G.4,4,75625,xskt.com.vn,2026-10-05T23:06:50+07:00
2026-09-15,mt,Quảng Nam,G.4,5,06594,xskt.com.vn,2026-10-05T23:06:50+07:00
2026-09-15,mt,Quảng Nam,G.4,6,86167,xskt.com.vn,2026-10-05T23:06:50+07:00
2026-09-15,mt,Quảng Nam,G.4,7,95571,xskt.com.vn,2026-10-05T23:06:50+07:00
2026-09-15,mt,Quảng Nam,G.3,1,28490,xskt.com.vn,2026-10-05T23:06:50+07:00
2026-09-15,mt,Quảng Nam,G.3,2,28487,xskt.com.vn,2026-10-05T23:06:50+07:00
2026-09-15,mt,Quảng Nam,G.2,1,83060,xskt.com.vn,2026-10-05T23:06:50+07:00
2026-09-15,mt,Quảng Nam,G.1,1,85630,xskt.com.vn,2026-10-05T23:06:50+07:00
2026-09-15,mt,Quảng Nam,ĐB,1,309428,xskt.com.vn,2026-10-05T23:06:50+07:00
2026-09-15,mt,Đắk Lắk,G.8,1,36,xskt.com.vn,2026-10-05T23:06:50+07:00
2026-09-15,mt,Đắk Lắk,G.7,1,463,xskt.com.vn,2026-10-05T23:06:50+07:00
2026-09-15,mt,Đắk Lắk,G.6,1,4581,xskt.com.vn,2026-10-05T23:06:50+07:00
2026-09-15,mt,Đắk Lắk,G.6,2,5511,xskt.com.vn,2026-10-05T23:06:50+07:00
2026-09-15,mt,Đắk Lắk,G.6,3,9577,xskt.com.vn,2026-10-05T23:06:50+07:00
2026-09-15,mt,Đắk Lắk,G.5,1,6757,xskt.com.vn,2026-10-05T23:06:50+07:00
2026-09-15,mt,Đắk Lắk,G.4,1,71728,xskt.com.vn,2026-10-05T23:06:50+07:00
2026-09-15,mt,Đắk Lắk,G.4,2,03353,xskt.com.vn,2026-10-05T23:06:50+07:00
2026-09-15,mt,Đắk Lắk,G.4,3,14760,xskt.com.vn,2026-10-05T23:06:50+07:00
2026-09-15,mt,Đắk Lắk,G.4,4,06711,xskt.com.vn,2026-10-05T23:06:50+07:00
2026-09-15,mt,Đắk Lắk,G.4,5,07421,xskt.com.vn,2026-10-05T23:06:50+07:00
2026-09-15,mt,Đắk Lắk,G.4,6,26293,xskt.com.vn,2026-10-05T23:06:50+07:00
2026-09-15,mt,Đắk Lắk,G.4,7,35966,xskt.com.vn,2026-10-05T23:06:50+07:00
2026-09-15,mt,Đắk Lắk,G.3,1,94801,xskt.com.vn,2026-10-05T23:06:50+07:00
2026-09-15,mt,Đắk Lắk,G.3,2,89143,xskt.com.vn,2026-10-05T23:06:50+07:00
2026-09-15,mt,Đắk Lắk,G.2,1,46393,xskt.com.vn,2026-10-05T23:06:50+07:00
2026-09-15,mt,Đắk Lắk,G.1,1,32220,xskt.com.vn,2026-10-05T23:06:50+07:00
2026-09-15,mt,Đắk Lắk,ĐB,1,528841,xskt.com.vn,2026-10-05T23:06:50+07:00
2026-09-16,mt,Khánh Hòa,G.8,1,65,xskt.com.vn,2026-10-05T23:06:50+07:00
2026-09-16,mt,Khánh Hòa,G.7,1,496,xskt.com.vn,2026-10-05T23:06:50+07:00
2026-09-16,mt,Khánh Hòa,G.6,1,6657,xskt.com.vn,2026-10-05T23:06:50+07:00
2026-09-16,mt,Khánh Hòa,G.6,2,2245,xskt.com.vn,2026-10-05T23:06:50+07:00
2026-09-16,mt,Khánh Hòa,G.6,3,0105,xskt.com.vn,2026-10-05T23:06:50+07:00
2026-09-16,mt,Khánh Hòa,G.5,1,4260,xskt.com.vn,2026-10-05T23:06:50+07:00
2026-09-16,mt,Khánh Hòa,G.4,1,64458,xskt.com.vn,2026-10-05T23:06:50+07:00
2026-09-16,mt,Khánh Hòa,G.4,2,41275,xskt.com.vn,2026-10-05T23:06:50+07:00
2026-09-16,mt,Khánh Hòa,G.4,3,23199,xskt.com.vn,2026-10-05T23:06:50+07:00
2026-09-16,mt,Khánh Hòa,G.4,4,14446,xskt.com.vn,2026-10-05T23:06:50+07:00
2026-09-16,mt,Khánh Hòa,G.4,5,07553,xskt.com.vn,2026-10-05T23:06:50+07:00
2026-09-16,mt,Khánh Hòa,G.4,6,20644,xskt.com.vn,2026-10-05T23:06:50+07:00
2026-09-16,mt,Khánh Hòa,G.4,7,18189,xskt.com.vn,2026-10-05T23:06:50+07:00
2026-09-16,mt,Khánh Hòa,G.3,1,90697,xskt.com.vn,2026-10-05T23:06:50+07:00
2026-09-16,mt,Khánh Hòa,G.3,2,62884,xskt.com.vn,2026-10-05T23:06:50+07:00
2026-09-16,mt,Khánh Hòa,G.2,1,76617,xskt.com.vn,2026-10-05T23:06:50+07:00
2026-09-16,mt,Khánh Hòa,G.1,1,01025,xskt.com.vn,2026-10-05T23:06:50+07:00
2026-09-16,mt,Khánh Hòa,ĐB,1,672316,xskt.com.vn,2026-10-05T23:06:50+07:00
2026-09-16,mt,Đà Nẵng,G.8,1,23,xskt.com.vn,2026-10-05T23:06:50+07:00
2026-09-16,mt,Đà Nẵng,G.7,1,247,xskt.com.vn,2026-10-05T23:06:50+07:00
2026-09-16,mt,Đà Nẵng,G.6,1,6817,xskt.com.vn,2026-10-05T23:06:50+07:00
2026-09-16,mt,Đà Nẵng,G.6,2,7711,xskt.com.vn,2026-10-05T23:06:50+07:00
2026-09-16,mt,Đà Nẵng,G.6,3,0991,xskt.com.vn,2026-10-05T23:06:50+07:00
2026-09-16,mt,Đà Nẵng,G.5,1,1052,xskt.com.vn,2026-10-05T23:06:50+07:00
2026-09-16,mt,Đà Nẵng,G.4,1,84493,xskt.com.vn,2026-10-05T23:06:50+07:00
2026-09-16,mt,Đà Nẵng,G.4,2,61110,xskt.com.vn,2026-10-05T23:06:50+07:00
2026-09-16,mt,Đà Nẵng,G.4,3,38818,xskt.com.vn,2026-10-05T23:06:50+07:00
2026-09-16,mt,Đà Nẵng,G.4,4,08491,xskt.com.vn,2026-10-05T23:06:50+07:00
2026-09-16,mt,Đà Nẵng,G.4,5,12786,xskt.com.vn,2026-10-05T23:06:50+07:00
2026-09-16,mt,Đà Nẵng,G.4,6,99794,xskt.com.vn,2026-10-05T23:06:50+07:00
2026-09-16,mt,Đà Nẵng,G.4,7,24947,xskt.com.vn,2026-10-05T23:06:50+07:00
2026-09-16,mt,Đà Nẵng,G.3,1,29235,xskt.com.vn,2026-10-05T23:06:50+07:00
2026-09-16,mt,Đà Nẵng,G.3,2,57387,xskt.com.vn,2026-10-05T23:06:50+07:00
2026-09-16,mt,Đà Nẵng,G.2,1,04910,xskt.com.vn,2026-10-05T23:06:50+07:00
2026-09-16,mt,Đà Nẵng,G.1,1,90069,xskt.com.vn,2026-10-05T23:06:50+07:00
2026-09-16,mt,Đà Nẵng,ĐB,1,173506,xskt.com.vn,2026-10-05T23:06:50+07:00
2026-09-17,mt,Bình Định,G.8,1,72,xskt.com.vn,2026-10-05T23:06:50+07:00
2026-09-17,mt,Bình Định,G.7,1,234,xskt.com.vn,2026-10-05T23:06:50+07:00
2026-09-17,mt,Bình Định,G.6,1,6908,xskt.com.vn,2026-10-05T23:06:50+07:00
2026-09-17,mt,Bình Định,G.6,2,8207,xskt.com.vn,2026-10-05T23:06:50+07:00
2026-09-17,mt,Bình Định,G.6,3,4855,xskt.com.vn,2026-10-05T23:06:50+07:00
2026-09-17,mt,Bình Định,G.5,1,6359,xskt.com.vn,2026-10-05T23:06:50+07:00
2026-09-17,mt,Bình Định,G.4,1,22006,xskt.com.vn,2026-10-05T23:06:50+07:00
2026-09-17,mt,Bình Định,G.4,2,25854,xskt.com.vn,2026-10-05T23:06:50+07:00
2026-09-17,mt,Bình Định,G.4,3,01644,xskt.com.vn,2026-10-05T23:06:50+07:00
2026-09-17,mt,Bình Định,G.4,4,23571,xskt.com.vn,2026-10-05T23:06:50+07:00
2026-09-17,mt,Bình Định,G.4,5,16094,xskt.com.vn,2026-10-05T23:06:50+07:00
2026-09-17,mt,Bình Định,G.4,6,07004,xskt.com.vn,2026-10-05T23:06:50+07:00
2026-09-17,mt,Bình Định,G.4,7,74909,xskt.com.vn,2026-10-05T23:06:50+07:00
2026-09-17,mt,Bình Định,G.3,1,57579,xskt.com.vn,2026-10-05T23:06:50+07:00
2026-09-17,mt,Bình Định,G.3,2,03875,xskt.com.vn,2026-10-05T23:06:50+07:00
2026-09-17,mt,Bình Định,G.2,1,86893,xskt.com.vn,2026-10-05T23:06:50+07:00
2026-09-17,mt,Bình Định,G.1,1,03219,xskt.com.vn,2026-10-05T23:06:50+07:00
2026-09-17,mt,Bình Định,ĐB,1,100501,xskt.com.vn,2026-10-05T23:06:50+07:00
2026-09-17,mt,Quảng Bình,G.8,1,48,xskt.com.vn,2026-10-05T23:06:50+07:00
2026-09-17,mt,Quảng Bình,G.7,1,940,xskt.com.vn,2026-10-05T23:06:50+07:00
2026-09-17,mt,Quảng Bình,G.6,1,0316,xskt.com.vn,2026-10-05T23:06:50+07:00
2026-09-17,mt,Quảng Bình,G.6,2,9554,xskt.com.vn,2026-10-05T23:06:50+07:00
2026-09-17,mt,Quảng Bình,G.6,3,6630,xskt.com.vn,2026-10-05T23:06:50+07:00
2026-09-17,mt,Quảng Bình,G.5,1,5486,xskt.com.vn,2026-10-05T23:06:50+07:00
2026-09-17,mt,Quảng Bình,G.4,1,29079,xskt.com.vn,2026-10-05T23:06:50+07:00
2026-09-17,mt,Quảng Bình,G.4,2,15555,xskt.com.vn,2026-10-05T23:06:50+07:00
2026-09-17,mt,Quảng Bình,G.4,3,28226,xskt.com.vn,2026-10-05T23:06:50+07:00
2026-09-17,mt,Quảng Bình,G.4,4,64228,xskt.com.vn,2026-10-05T23:06:50+07:00
2026-09-17,mt,Quảng Bình,G.4,5,22374,xskt.com.vn,2026-10-05T23:06:50+07:00
2026-09-17,mt,Quảng Bình,G.4,6,69195,xskt.com.vn,2026-10-05T23:06:50+07:00
2026-09-17,mt,Quảng Bình,G.4,7,72923,xskt.com.vn,2026-10-05T23:06:50+07:00
2026-09-17,mt,Quảng Bình,G.3,1,90480,xskt.com.vn,2026-10-05T23:06:50+07:00
2026-09-17,mt,Quảng Bình,G.3,2,24948,xskt.com.vn,2026-10-05T23:06:50+07:00
2026-09-17,mt,Quảng Bình,G.2,1,56386,xskt.com.vn,2026-10-05T23:06:50+07:00
2026-09-17,mt,Quảng Bình,G.1,1,41048,xskt.com.vn,2026-10-05T23:06:50+07:00
2026-09-17,mt,Quảng Bình,ĐB,1,343365,xskt.com.vn,2026-10-05T23:06:50+07:00
2026-09-17,mt,Quảng Trị,G.8,1,68,xskt.com.vn,2026-10-05T23:06:50+07:00
2026-09-17,mt,Quảng Trị,G.7,1,986,xskt.com.vn,2026-10-05T23:06:50+07:00
2026-09-17,mt,Quảng Trị,G.6,1,6003,xskt.com.vn,2026-10-05T23:06:50+07:00
2026-09-17,mt,Quảng Trị,G.6,2,0554,xskt.com.vn,2026-10-05T23:06:50+07:00
2026-09-17,mt,Quảng Trị,G.6,3,3130,xskt.com.vn,2026-10-05T23:06:50+07:00
2026-09-17,mt,Quảng Trị,G.5,1,4904,xskt.com.vn,2026-10-05T23:06:50+07:00
2026-09-17,mt,Quảng Trị,G.4,1,07549,xskt.com.vn,2026-10-05T23:06:50+07:00
2026-09-17,mt,Quảng Trị,G.4,2,05180,xskt.com.vn,2026-10-05T23:06:50+07:00
2026-09-17,mt,Quảng Trị,G.4,3,37996,xskt.com.vn,2026-10-05T23:06:50+07:00
2026-09-17,mt,Quảng Trị,G.4,4,57781,xskt.com.vn,2026-10-05T23:06:50+07:00
2026-09-17,mt,Quảng Trị,G.4,5,96607,xskt.com.vn,2026-10-05T23:06:50+07:00
2026-09-17,mt,Quảng Trị,G.4,6,44598,xskt.com.vn,2026-10-05T23:06:50+07:00
2026-09-17,mt,Quảng Trị,G.4,7,13326,xskt.com.vn,2026-10-05T23:06:50+07:00
2026-09-17,mt,Quảng Trị,G.3,1,35294,xskt.com.vn,2026-10-05T23:06:50+07:00
2026-09-17,mt,Quảng Trị,G.3,2,48374,xskt.com.vn,2026-10-05T23:06:50+07:00
2026-09-17,mt,Quảng Trị,G.2,1,03156,xskt.com.vn,2026-10-05T23:06:50+07:00
2026-09-17,mt,Quảng Trị,G.1,1,85307,xskt.com.vn,2026-10-05T23:06:50+07:00
2026-09-17,mt,Quảng Trị,ĐB,1,187794,xskt.com.vn,2026-10-05T23:06:50+07:00
2026-09-18,mt,Gia Lai,G.8,1,68,xskt.com.vn,2026-10-05T23:06:51+07:00
2026-09-18,mt,Gia Lai,G.7,1,840,xskt.com.vn,2026-10-05T23:06:51+07:00
2026-09-18,mt,Gia Lai,G.6,1,2278,xskt.com.vn,2026-10-05T23:06:51+07:00
2026-09-18,mt,Gia Lai,G.6,2,0333,xskt.com.vn,2026-10-05T23:06:51+07:00
2026-09-18,mt,Gia Lai,G.6,3,2231,xskt.com.vn,2026-10-05T23:06:51+07:00
2026-09-18,mt,Gia Lai,G.5,1,7648,xskt.com.vn,2026-10-05T23:06:51+07:00
2026-09-18,mt,Gia Lai,G.4,1,78949,xskt.com.vn,2026-10-05T23:06:51+07:00
2026-09-18,mt,Gia Lai,G.4,2,39826,xskt.com.vn,2026-10-05T23:06:51+07:00
2026-09-18,mt,Gia Lai,G.4,3,02935,xskt.com.vn,2026-10-05T23:06:51+07:00
2026-09-18,mt,Gia Lai,G.4,4,36880,xskt.com.vn,2026-10-05T23:06:51+07:00
2026-09-18,mt,Gia Lai,G.4,5,27691,xskt.com.vn,2026-10-05T23:06:51+07:00
2026-09-18,mt,Gia Lai,G.4,6,44075,xskt.com.vn,2026-10-05T23:06:51+07:00
2026-09-18,mt,Gia Lai,G.4,7,25115,xskt.com.vn,2026-10-05T23:06:51+07:00
2026-09-18,mt,Gia Lai,G.3,1,54625,xskt.com.vn,2026-10-05T23:06:51+07:00
2026-09-18,mt,Gia Lai,G.3,2,77343,xskt.com.vn,2026-10-05T23:06:51+07:00
2026-09-18,mt,Gia Lai,G.2,1,97834,xskt.com.vn,2026-10-05T23:06:51+07:00
2026-09-18,mt,Gia Lai,G.1,1,33285,xskt.com.vn,2026-10-05T23:06:51+07:00
2026-09-18,mt,Gia Lai,ĐB,1,049669,xskt.com.vn,2026-10-05T23:06:51+07:00
2026-09-18,mt,Ninh Thuận,G.8,1,94,xskt.com.vn,2026-10-05T23:06:51+07:00
2026-09-18,mt,Ninh Thuận,G.7,1,621,xskt.com.vn,2026-10-05T23:06:51+07:00
2026-09-18,mt,Ninh Thuận,G.6,1,7003,xskt.com.vn,2026-10-05T23:06:51+07:00
2026-09-18,mt,Ninh Thuận,G.6,2,4063,xskt.com.vn,2026-10-05T23:06:51+07:00
2026-09-18,mt,Ninh Thuận,G.6,3,6769,xskt.com.vn,2026-10-05T23:06:51+07:00
2026-09-18,mt,Ninh Thuận,G.5,1,2571,xskt.com.vn,2026-10-05T23:06:51+07:00
2026-09-18,mt,Ninh Thuận,G.4,1,54013,xskt.com.vn,2026-10-05T23:06:51+07:00
2026-09-18,mt,Ninh Thuận,G.4,2,69471,xskt.com.vn,2026-10-05T23:06:51+07:00
2026-09-18,mt,Ninh Thuận,G.4,3,23594,xskt.com.vn,2026-10-05T23:06:51+07:00
2026-09-18,mt,Ninh Thuận,G.4,4,79868,xskt.com.vn,2026-10-05T23:06:51+07:00
2026-09-18,mt,Ninh Thuận,G.4,5,33700,xskt.com.vn,2026-10-05T23:06:51+07:00
2026-09-18,mt,Ninh Thuận,G.4,6,38389,xskt.com.vn,2026-10-05T23:06:51+07:00
2026-09-18,mt,Ninh Thuận,G.4,7,81934,xskt.com.vn,2026-10-05T23:06:51+07:00
2026-09-18,mt,Ninh Thuận,G.3,1,58974,xskt.com.vn,2026-10-05T23:06:51+07:00
2026-09-18,mt,Ninh Thuận,G.3,2,12645,xskt.com.vn,2026-10-05T23:06:51+07:00
2026-09-18,mt,Ninh Thuận,G.2,1,48808,xskt.com.vn,2026-10-05T23:06:51+07:00
2026-09-18,mt,Ninh Thuận,G.1,1,48955,xskt.com.vn,2026-10-05T23:06:51+07:00
2026-09-18,mt,Ninh Thuận,ĐB,1,142554,xskt.com.vn,2026-10-05T23:06:51+07:00
2026-09-19,mt,Quảng Ngãi,G.8,1,11,xskt.com.vn,2026-10-05T23:06:51+07:00
2026-09-19,mt,Quảng Ngãi,G.7,1,236,xskt.com.vn,2026-10-05T23:06:51+07:00
2026-09-19,mt,Quảng Ngãi,G.6,1,7806,xskt.com.vn,2026-10-05T23:06:51+07:00
2026-09-19,mt,Quảng Ngãi,G.6,2,9198,xskt.com.vn,2026-10-05T23:06:51+07:00
2026-09-19,mt,Quảng Ngãi,G.6,3,2937,xskt.com.vn,2026-10-05T23:06:51+07:00
2026-09-19,mt,Quảng Ngãi,G.5,1,7526,xskt.com.vn,2026-10-05T23:06:51+07:00
2026-09-19,mt,Quảng Ngãi,G.4,1,87355,xskt.com.vn,2026-10-05T23:06:51+07:00
2026-09-19,mt,Quảng Ngãi,G.4,2,38052,xskt.com.vn,2026-10-05T23:06:51+07:00
2026-09-19,mt,Quảng Ngãi,G.4,3,28874,xskt.com.vn,2026-10-05T23:06:51+07:00
2026-09-19,mt,Quảng Ngãi,G.4,4,81274,xskt.com.vn,2026-10-05T23:06:51+07:00
2026-09-19,mt,Quảng Ngãi,G.4,5,30186,xskt.com.vn,2026-10-05T23:06:51+07:00
2026-09-19,mt,Quảng Ngãi,G.4,6,04605,xskt.com.vn,2026-10-05T23:06:51+07:00
2026-09-19,mt,Quảng Ngãi,G.4,7,96792,xskt.com.vn,2026-10-05T23:06:51+07:00
2026-09-19,mt,Quảng Ngãi,G.3,1,20504,xskt.com.vn,2026-10-05T23:06:51+07:00
2026-09-19,mt,Quảng Ngãi,G.3,2,73701,xskt.com.vn,2026-10-05T23:06:51+07:00
2026-09-19,mt,Quảng Ngãi,G.2,1,51019,xskt.com.vn,2026-10-05T23:06:51+07:00
2026-09-19,mt,Quảng Ngãi,G.1,1,86113,xskt.com.vn,2026-10-05T23:06:51+07:00
2026-09-19,mt,Quảng Ngãi,ĐB,1,159585,xskt.com.vn,2026-10-05T23:06:51+07:00
2026-09-19,mt,Đà Nẵng,G.8,1,59,xskt.com.vn,2026-10-05T23:06:51+07:00
2026-09-19,mt,Đà Nẵng,G.7,1,748,xskt.com.vn,2026-10-05T23:06:51+07:00
2026-09-19,mt,Đà Nẵng,G.6,1,0445,xskt.com.vn,2026-10-05T23:06:51+07:00
2026-09-19,mt,Đà Nẵng,G.6,2,0265,xskt.com.vn,2026-10-05T23:06:51+07:00
2026-09-19,mt,Đà Nẵng,G.6,3,2238,xskt.com.vn,2026-10-05T23:06:51+07:00
2026-09-19,mt,Đà Nẵng,G.5,1,2011,xskt.com.vn,2026-10-05T23:06:51+07:00
2026-09-19,mt,Đà Nẵng,G.4,1,71064,xskt.com.vn,2026-10-05T23:06:51+07:00
2026-09-19,mt,Đà Nẵng,G.4,2,26547,xskt.com.vn,2026-10-05T23:06:51+07:00
2026-09-19,mt,Đà Nẵng,G.4,3,69240,xskt.com.vn,2026-10-05T23:06:51+07:00
2026-09-19,mt,Đà Nẵng,G.4,4,72287,xskt.com.vn,2026-10-05T23:06:51+07:00
2026-09-19,mt,Đà Nẵng,G.4,5,49195,xskt.com.vn,2026-10-05T23:06:51+07:00
2026-09-19,mt,Đà Nẵng,G.4,6,91773,xskt.com.vn,2026-10-05T23:06:51+07:00
2026-09-19,mt,Đà Nẵng,G.4,7,97406,xskt.com.vn,2026-10-05T23:06:51+07:00
2026-09-19,mt,Đà Nẵng,G.3,1,90063,xskt.com.vn,2026-10-05T23:06:51+07:00
2026-09-19,mt,Đà Nẵng,G.3,2,87306,xskt.com.vn,2026-10-05T23:06:51+07:00
2026-09-19,mt,Đà Nẵng,G.2,1,99261,xskt.com.vn,2026-10-05T23:06:51+07:00
2026-09-19,mt,Đà Nẵng,G.1,1,76319,xskt.com.vn,2026-10-05T23:06:51+07:00
2026-09-19,mt,Đà Nẵng,ĐB,1,159464,xskt.com.vn,2026-10-05T23:06:51+07:00
2026-09-19,mt,Đắk Nông,G.8,1,31,xskt.com.vn,2026-10-05T23:06:51+07:00
2026-09-19,mt,Đắk Nông,G.7,1,561,xskt.com.vn,2026-10-05T23:06:51+07:00
2026-09-19,mt,Đắk Nông,G.6,1,0650,xskt.com.vn,2026-10-05T23:06:51+07:00
2026-09-19,mt,Đắk Nông,G.6,2,4444,xskt.com.vn,2026-10-05T23:06:51+07:00
2026-09-19,mt,Đắk Nông,G.6,3,6562,xskt.com.vn,2026-10-05T23:06:51+07:00
2026-09-19,mt,Đắk Nông,G.5,1,7212,xskt.com.vn,2026-10-05T23:06:51+07:00
2026-09-19,mt,Đắk Nông,G.4,1,09506,xskt.com.vn,2026-10-05T23:06:51+07:00
2026-09-19,mt,Đắk Nông,G.4,2,88877,xskt.com.vn,2026-10-05T23:06:51+07:00
2026-09-19,mt,Đắk Nông,G.4,3,31912,xskt.com.vn,2026-10-05T23:06:51+07:00
2026-09-19,mt,Đắk Nông,G.4,4,59528,xskt.com.vn,2026-10-05T23:06:51+07:00
2026-09-19,mt,Đắk Nông,G.4,5,11259,xskt.com.vn,2026-10-05T23:06:51+07:00
2026-09-19,mt,Đắk Nông,G.4,6,68000,xskt.com.vn,2026-10-05T23:06:51+07:00
2026-09-19,mt,Đắk Nông,G.4,7,88391,xskt.com.vn,2026-10-05T23:06:51+07:00
2026-09-19,mt,Đắk Nông,G.3,1,90094,xskt.com.vn,2026-10-05T23:06:51+07:00
2026-09-19,mt,Đắk Nông,G.3,2,27983,xskt.com.vn,2026-10-05T23:06:51+07:00
2026-09-19,mt,Đắk Nông,G.2,1,26377,xskt.com.vn,2026-10-05T23:06:51+07:00
2026-09-19,mt,Đắk Nông,G.1,1,04218,xskt.com.vn,2026-10-05T23:06:51+07:00
2026-09-19,mt,Đắk Nông,ĐB,1,020239,xskt.com.vn,2026-10-05T23:06:51+07:00
2026-09-20,mt,Khánh Hòa,G.8,1,02,xskt.com.vn,2026-10-05T23:06:52+07:00
2026-09-20,mt,Khánh Hòa,G.7,1,578,xskt.com.vn,2026-10-05T23:06:52+07:00
2026-09-20,mt,Khánh Hòa,G.6,1,8140,xskt.com.vn,2026-10-05T23:06:52+07:00
2026-09-20,mt,Khánh Hòa,G.6,2,8841,xskt.com.vn,2026-10-05T23:06:52+07:00
2026-09-20,mt,Khánh Hòa,G.6,3,0988,xskt.com.vn,2026-10-05T23:06:52+07:00
2026-09-20,mt,Khánh Hòa,G.5,1,6304,xskt.com.vn,2026-10-05T23:06:52+07:00
2026-09-20,mt,Khánh Hòa,G.4,1,88048,xskt.com.vn,2026-10-05T23:06:52+07:00
2026-09-20,mt,Khánh Hòa,G.4,2,79128,xskt.com.vn,2026-10-05T23:06:52+07:00
2026-09-20,mt,Khánh Hòa,G.4,3,82867,xskt.com.vn,2026-10-05T23:06:52+07:00
2026-09-20,mt,Khánh Hòa,G.4,4,59323,xskt.com.vn,2026-10-05T23:06:52+07:00
2026-09-20,mt,Khánh Hòa,G.4,5,34039,xskt.com.vn,2026-10-05T23:06:52+07:00
2026-09-20,mt,Khánh Hòa,G.4,6,05818,xskt.com.vn,2026-10-05T23:06:52+07:00
2026-09-20,mt,Khánh Hòa,G.4,7,72881,xskt.com.vn,2026-10-05T23:06:52+07:00
2026-09-20,mt,Khánh Hòa,G.3,1,01556,xskt.com.vn,2026-10-05T23:06:52+07:00
2026-09-20,mt,Khánh Hòa,G.3,2,65043,xskt.com.vn,2026-10-05T23:06:52+07:00
2026-09-20,mt,Khánh Hòa,G.2,1,66451,xskt.com.vn,2026-10-05T23:06:52+07:00
2026-09-20,mt,Khánh Hòa,G.1,1,88612,xskt.com.vn,2026-10-05T23:06:52+07:00
2026-09-20,mt,Khánh Hòa,ĐB,1,921848,xskt.com.vn,2026-10-05T23:06:52+07:00
2026-09-20,mt,Kon Tum,G.8,1,38,xskt.com.vn,2026-10-05T23:06:52+07:00
2026-09-20,mt,Kon Tum,G.7,1,120,xskt.com.vn,2026-10-05T23:06:52+07:00
2026-09-20,mt,Kon Tum,G.6,1,1979,xskt.com.vn,2026-10-05T23:06:52+07:00
2026-09-20,mt,Kon Tum,G.6,2,0637,xskt.com.vn,2026-10-05T23:06:52+07:00
2026-09-20,mt,Kon Tum,G.6,3,2031,xskt.com.vn,2026-10-05T23:06:52+07:00
2026-09-20,mt,Kon Tum,G.5,1,6917,xskt.com.vn,2026-10-05T23:06:52+07:00
2026-09-20,mt,Kon Tum,G.4,1,00119,xskt.com.vn,2026-10-05T23:06:52+07:00
2026-09-20,mt,Kon Tum,G.4,2,66820,xskt.com.vn,2026-10-05T23:06:52+07:00
2026-09-20,mt,Kon Tum,G.4,3,31722,xskt.com.vn,2026-10-05T23:06:52+07:00
2026-09-20,mt,Kon Tum,G.4,4,48668,xskt.com.vn,2026-10-05T23:06:52+07:00
2026-09-20,mt,Kon Tum,G.4,5,59080,xskt.com.vn,2026-10-05T23:06:52+07:00
2026-09-20,mt,Kon Tum,G.4,6,40539,xskt.com.vn,2026-10-05T23:06:52+07:00
2026-09-20,mt,Kon Tum,G.4,7,65210,xskt.com.vn,2026-10-05T23:06:52+07:00
2026-09-20,mt,Kon Tum,G.3,1,33849,xskt.com.vn,2026-10-05T23:06:52+07:00
2026-09-20,mt,Kon Tum,G.3,2,59078,xskt.com.vn,2026-10-05T23:06:52+07:00
2026-09-20,mt,Kon Tum,G.2,1,47012,xskt.com.vn,2026-10-05T23:06:52+07:00
2026-09-20,mt,Kon Tum,G.1,1,72351,xskt.com.vn,2026-10-05T23:06:52+07:00
2026-09-20,mt,Kon Tum,ĐB,1,595460,xskt.com.vn,2026-10-05T23:06:52+07:00
2026-09-20,mt,Thừa Thiên Huế,G.8,1,05,xskt.com.vn,2026-10-05T23:06:52+07:00
2026-09-20,mt,Thừa Thiên Huế,G.7,1,592,xskt.com.vn,2026-10-05T23:06:52+07:00
2026-09-20,mt,Thừa Thiên Huế,G.6,1,1933,xskt.com.vn,2026-10-05T23:06:52+07:00
2026-09-20,mt,Thừa Thiên Huế,G.6,2,0269,xskt.com.vn,2026-10-05T23:06:52+07:00
2026-09-20,mt,Thừa Thiên Huế,G.6,3,4372,xskt.com.vn,2026-10-05T23:06:52+07:00
2026-09-20,mt,Thừa Thiên Huế,G.5,1,8969,xskt.com.vn,2026-10-05T23:06:52+07:00
2026-09-20,mt,Thừa Thiên Huế,G.4,1,01692,xskt.com.vn,2026-10-05T23:06:52+07:00
2026-09-20,mt,Thừa Thiên Huế,G.4,2,75000,xskt.com.vn,2026-10-05T23:06:52+07:00
2026-09-20,mt,Thừa Thiên Huế,G.4,3,79908,xskt.com.vn,2026-10-05T23:06:52+07:00
2026-09-20,mt,Thừa Thiên Huế,G.4,4,41138,xskt.com.vn,2026-10-05T23:06:52+07:00
2026-09-20,mt,Thừa Thiên Huế,G.4,5,93056,xskt.com.vn,2026-10-05T23:06:52+07:00
2026-09-20,mt,Thừa Thiên Huế,G.4,6,45751,xskt.com.vn,2026-10-05T23:06:52+07:00
2026-09-20,mt,Thừa Thiên Huế,G.4,7,64615,xskt.com.vn,2026-10-05T23:06:52+07:00
2026-09-20,mt,Thừa Thiên Huế,G.3,1,08142,xskt.com.vn,2026-10-05T23:06:52+07:00
2026-09-20,mt,Thừa Thiên Huế,G.3,2,35339,xskt.com.vn,2026-10-05T23:06:52+07:00
2026-09-20,mt,Thừa Thiên Huế,G.2,1,40371,xskt.com.vn,2026-10-05T23:06:52+07:00
2026-09-20,mt,Thừa Thiên Huế,G.1,1,12242,xskt.com.vn,2026-10-05T23:06:52+07:00
2026-09-20,mt,Thừa Thiên Huế,ĐB,1,172613,xskt.com.vn,2026-10-05T23:06:52+07:00
2026-09-21,mt,Phú Yên,G.8,1,92,xskt.com.vn,2026-10-05T23:06:52+07:00
2026-09-21,mt,Phú Yên,G.7,1,334,xskt.com.vn,2026-10-05T23:06:52+07:00
2026-09-21,mt,Phú Yên,G.6,1,8570,xskt.com.vn,2026-10-05T23:06:52+07:00
2026-09-21,mt,Phú Yên,G.6,2,6420,xskt.com.vn,2026-10-05T23:06:52+07:00
2026-09-21,mt,Phú Yên,G.6,3,5510,xskt.com.vn,2026-10-05T23:06:52+07:00
2026-09-21,mt,Phú Yên,G.5,1,1436,xskt.com.vn,2026-10-05T23:06:52+07:00
2026-09-21,mt,Phú Yên,G.4,1,99123,xskt.com.vn,2026-10-05T23:06:52+07:00
2026-09-21,mt,Phú Yên,G.4,2,48855,xskt.com.vn,2026-10-05T23:06:52+07:00
2026-09-21,mt,Phú Yên,G.4,3,82396,xskt.com.vn,2026-10-05T23:06:52+07:00
2026-09-21,mt,Phú Yên,G.4,4,92841,xskt.com.vn,2026-10-05T23:06:52+07:00
2026-09-21,mt,Phú Yên,G.4,5,46121,xskt.com.vn,2026-10-05T23:06:52+07:00
2026-09-21,mt,Phú Yên,G.4,6,70246,xskt.com.vn,2026-10-05T23:06:52+07:00
2026-09-21,mt,Phú Yên,G.4,7,70979,xskt.com.vn,2026-10-05T23:06:52+07:00
2026-09-21,mt,Phú Yên,G.3,1,41132,xskt.com.vn,2026-10-05T23:06:52+07:00
2026-09-21,mt,Phú Yên,G.3,2,95816,xskt.com.vn,2026-10-05T23:06:52+07:00
2026-09-21,mt,Phú Yên,G.2,1,27981,xskt.com.vn,2026-10-05T23:06:52+07:00
2026-09-21,mt,Phú Yên,G.1,1,12423,xskt.com.vn,2026-10-05T23:06:52+07:00
2026-09-21,mt,Phú Yên,ĐB,1,291869,xskt.com.vn,2026-10-05T23:06:52+07:00
2026-09-21,mt,Thừa Thiên Huế,G.8,1,90,xskt.com.vn,2026-10-05T23:06:52+07:00
2026-09-21,mt,Thừa Thiên Huế,G.7,1,816,xskt.com.vn,2026-10-05T23:06:52+07:00
2026-09-21,mt,Thừa Thiên Huế,G.6,1,9613,xskt.com.vn,2026-10-05T23:06:52+07:00
2026-09-21,mt,Thừa Thiên Huế,G.6,2,1009,xskt.com.vn,2026-10-05T23:06:52+07:00
2026-09-21,mt,Thừa Thiên Huế,G.6,3,4055,xskt.com.vn,2026-10-05T23:06:52+07:00
2026-09-21,mt,Thừa Thiên Huế,G.5,1,9224,xskt.com.vn,2026-10-05T23:06:52+07:00
2026-09-21,mt,Thừa Thiên Huế,G.4,1,31454,xskt.com.vn,2026-10-05T23:06:52+07:00
2026-09-21,mt,Thừa Thiên Huế,G.4,2,61392,xskt.com.vn,2026-10-05T23:06:52+07:00
2026-09-21,mt,Thừa Thiên Huế,G.4,3,79288,xskt.com.vn,2026-10-05T23:06:52+07:00
2026-09-21,mt,Thừa Thiên Huế,G.4,4,24175,xskt.com.vn,2026-10-05T23:06:52+07:00
2026-09-21,mt,Thừa Thiên Huế,G.4,5,14997,xskt.com.vn,2026-10-05T23:06:52+07:00
2026-09-21,mt,Thừa Thiên Huế,G.4,6,28476,xskt.com.vn,2026-10-05T23:06:52+07:00
2026-09-21,mt,Thừa Thiên Huế,G.4,7,50841,xskt.com.vn,2026-10-05T23:06:52+07:00
2026-09-21,mt,Thừa Thiên Huế,G.3,1,03575,xskt.com.vn,2026-10-05T23:06:52+07:00
2026-09-21,mt,Thừa Thiên Huế,G.3,2,85066,xskt.com.vn,2026-10-05T23:06:52+07:00
2026-09-21,mt,Thừa Thiên Huế,G.2,1,85843,xskt.com.vn,2026-10-05T23:06:52+07:00
2026-09-21,mt,Thừa Thiên Huế,G.1,1,94413,xskt.com.vn,2026-10-05T23:06:52+07:00
2026-09-21,mt,Thừa Thiên Huế,ĐB,1,626790,xskt.com.vn,2026-10-05T23:06:52+07:00
2026-09-22,mt,Quảng Nam,G.8,1,14,xskt.com.vn,2026-10-05T23:06:52+07:00
2026-09-22,mt,Quảng Nam,G.7,1,736,xskt.com.vn,2026-10-05T23:06:52+07:00
2026-09-22,mt,Quảng Nam,G.6,1,9930,xskt.com.vn,2026-10-05T23:06:52+07:00
2026-09-22,mt,Quảng Nam,G.6,2,9130,xskt.com.vn,2026-10-05T23:06:52+07:00
2026-09-22,mt,Quảng Nam,G.6,3,2767,xskt.com.vn,2026-10-05T23:06:52+07:00
2026-09-22,mt,Quảng Nam,G.5,1,7345,xskt.com.vn,2026-10-05T23:06:52+07:00
2026-09-22,mt,Quảng Nam,G.4,1,88296,xskt.com.vn,2026-10-05T23:06:52+07:00
2026-09-22,mt,Quảng Nam,G.4,2,48910,xskt.com.vn,2026-10-05T23:06:52+07:00
2026-09-22,mt,Quảng Nam,G.4,3,07375,xskt.com.vn,2026-10-05T23:06:52+07:00
2026-09-22,mt,Quảng Nam,G.4,4,70286,xskt.com.vn,2026-10-05T23:06:52+07:00
2026-09-22,mt,Quảng Nam,G.4,5,02929,xskt.com.vn,2026-10-05T23:06:52+07:00
2026-09-22,mt,Quảng Nam,G.4,6,96689,xskt.com.vn,2026-10-05T23:06:52+07:00
2026-09-22,mt,Quảng Nam,G.4,7,93455,xskt.com.vn,2026-10-05T23:06:52+07:00
2026-09-22,mt,Quảng Nam,G.3,1,17663,xskt.com.vn,2026-10-05T23:06:52+07:00
2026-09-22,mt,Quảng Nam,G.3,2,53773,xskt.com.vn,2026-10-05T23:06:52+07:00
2026-09-22,mt,Quảng Nam,G.2,1,84127,xskt.com.vn,2026-10-05T23:06:52+07:00
2026-09-22,mt,Quảng Nam,G.1,1,10641,xskt.com.vn,2026-10-05T23:06:52+07:00
2026-09-22,mt,Quảng Nam,ĐB,1,729996,xskt.com.vn,2026-10-05T23:06:52+07:00
2026-09-22,mt,Đắk Lắk,G.8,1,09,xskt.com.vn,2026-10-05T23:06:52+07:00
2026-09-22,mt,Đắk Lắk,G.7,1,008,xskt.com.vn,2026-10-05T23:06:52+07:00
2026-09-22,mt,Đắk Lắk,G.6,1,1216,xskt.com.vn,2026-10-05T23:06:52+07:00
2026-09-22,mt,Đắk Lắk,G.6,2,4238,xskt.com.vn,2026-10-05T23:06:52+07:00
2026-09-22,mt,Đắk Lắk,G.6,3,5555,xskt.com.vn,2026-10-05T23:06:52+07:00
2026-09-22,mt,Đắk Lắk,G.5,1,9521,xskt.com.vn,2026-10-05T23:06:52+07:00
2026-09-22,mt,Đắk Lắk,G.4,1,35163,xskt.com.vn,2026-10-05T23:06:52+07:00
2026-09-22,mt,Đắk Lắk,G.4,2,04139,xskt.com.vn,2026-10-05T23:06:52+07:00
2026-09-22,mt,Đắk Lắk,G.4,3,80453,xskt.com.vn,2026-10-05T23:06:52+07:00
2026-09-22,mt,Đắk Lắk,G.4,4,84450,xskt.com.vn,2026-10-05T23:06:52+07:00
2026-09-22,mt,Đắk Lắk,G.4,5,91083,xskt.com.vn,2026-10-05T23:06:52+07:00
2026-09-22,mt,Đắk Lắk,G.4,6,49243,xskt.com.vn,2026-10-05T23:06:52+07:00
2026-09-22,mt,Đắk Lắk,G.4,7,04646,xskt.com.vn,2026-10-05T23:06:52+07:00
2026-09-22,mt,Đắk Lắk,G.3,1,58849,xskt.com.vn,2026-10-05T23:06:52+07:00
2026-09-22,mt,Đắk Lắk,G.3,2,58527,xskt.com.vn,2026-10-05T23:06:52+07:00
2026-09-22,mt,Đắk Lắk,G.2,1,45425,xskt.com.vn,2026-10-05T23:06:52+07:00
2026-09-22,mt,Đắk Lắk,G.1,1,68607,xskt.com.vn,2026-10-05T23:06:52+07:00
2026-09-22,mt,Đắk Lắk,ĐB,1,256155,xskt.com.vn,2026-10-05T23:06:52+07:00
2026-09-23,mt,Khánh Hòa,G.8,1,35,xskt.com.vn,2026-10-05T23:06:53+07:00
2026-09-23,mt,Khánh Hòa,G.7,1,376,xskt.com.vn,2026-10-05T23:06:53+07:00
2026-09-23,mt,Khánh Hòa,G.6,1,8070,xskt.com.vn,2026-10-05T23:06:53+07:00
2026-09-23,mt,Khánh Hòa,G.6,2,3241,xskt.com.vn,2026-10-05T23:06:53+07:00
2026-09-23,mt,Khánh Hòa,G.6,3,0194,xskt.com.vn,2026-10-05T23:06:53+07:00
2026-09-23,mt,Khánh Hòa,G.5,1,4135,xskt.com.vn,2026-10-05T23:06:53+07:00
2026-09-23,mt,Khánh Hòa,G.4,1,90825,xskt.com.vn,2026-10-05T23:06:53+07:00
2026-09-23,mt,Khánh Hòa,G.4,2,80982,xskt.com.vn,2026-10-05T23:06:53+07:00
2026-09-23,mt,Khánh Hòa,G.4,3,78875,xskt.com.vn,2026-10-05T23:06:53+07:00
2026-09-23,mt,Khánh Hòa,G.4,4,79043,xskt.com.vn,2026-10-05T23:06:53+07:00
2026-09-23,mt,Khánh Hòa,G.4,5,95986,xskt.com.vn,2026-10-05T23:06:53+07:00
2026-09-23,mt,Khánh Hòa,G.4,6,21931,xskt.com.vn,2026-10-05T23:06:53+07:00
2026-09-23,mt,Khánh Hòa,G.4,7,28413,xskt.com.vn,2026-10-05T23:06:53+07:00
2026-09-23,mt,Khánh Hòa,G.3,1,01756,xskt.com.vn,2026-10-05T23:06:53+07:00
2026-09-23,mt,Khánh Hòa,G.3,2,64635,xskt.com.vn,2026-10-05T23:06:53+07:00
2026-09-23,mt,Khánh Hòa,G.2,1,61216,xskt.com.vn,2026-10-05T23:06:53+07:00
2026-09-23,mt,Khánh Hòa,G.1,1,10518,xskt.com.vn,2026-10-05T23:06:53+07:00
2026-09-23,mt,Khánh Hòa,ĐB,1,001370,xskt.com.vn,2026-10-05T23:06:53+07:00
2026-09-23,mt,Đà Nẵng,G.8,1,58,xskt.com.vn,2026-10-05T23:06:53+07:00
2026-09-23,mt,Đà Nẵng,G.7,1,587,xskt.com.vn,2026-10-05T23:06:53+07:00
2026-09-23,mt,Đà Nẵng,G.6,1,4625,xskt.com.vn,2026-10-05T23:06:53+07:00
2026-09-23,mt,Đà Nẵng,G.6,2,4606,xskt.com.vn,2026-10-05T23:06:53+07:00
2026-09-23,mt,Đà Nẵng,G.6,3,9673,xskt.com.vn,2026-10-05T23:06:53+07:00
2026-09-23,mt,Đà Nẵng,G.5,1,7725,xskt.com.vn,2026-10-05T23:06:53+07:00
2026-09-23,mt,Đà Nẵng,G.4,1,93257,xskt.com.vn,2026-10-05T23:06:53+07:00
2026-09-23,mt,Đà Nẵng,G.4,2,19528,xskt.com.vn,2026-10-05T23:06:53+07:00
2026-09-23,mt,Đà Nẵng,G.4,3,28931,xskt.com.vn,2026-10-05T23:06:53+07:00
2026-09-23,mt,Đà Nẵng,G.4,4,44759,xskt.com.vn,2026-10-05T23:06:53+07:00
2026-09-23,mt,Đà Nẵng,G.4,5,03443,xskt.com.vn,2026-10-05T23:06:53+07:00
2026-09-23,mt,Đà Nẵng,G.4,6,78386,xskt.com.vn,2026-10-05T23:06:53+07:00
2026-09-23,mt,Đà Nẵng,G.4,7,43038,xskt.com.vn,2026-10-05T23:06:53+07:00
2026-09-23,mt,Đà Nẵng,G.3,1,23603,xskt.com.vn,2026-10-05T23:06:53+07:00
2026-09-23,mt,Đà Nẵng,G.3,2,12203,xskt.com.vn,2026-10-05T23:06:53+07:00
2026-09-23,mt,Đà Nẵng,G.2,1,35390,xskt.com.vn,2026-10-05T23:06:53+07:00
2026-09-23,mt,Đà Nẵng,G.1,1,50920,xskt.com.vn,2026-10-05T23:06:53+07:00
2026-09-23,mt,Đà Nẵng,ĐB,1,756753,xskt.com.vn,2026-10-05T23:06:53+07:00
2026-09-24,mt,Bình Định,G.8,1,97,xskt.com.vn,2026-10-05T23:06:53+07:00
2026-09-24,mt,Bình Định,G.7,1,850,xskt.com.vn,2026-10-05T23:06:53+07:00
2026-09-24,mt,Bình Định,G.6,1,6724,xskt.com.vn,2026-10-05T23:06:53+07:00
2026-09-24,mt,Bình Định,G.6,2,0678,xskt.com.vn,2026-10-05T23:06:53+07:00
2026-09-24,mt,Bình Định,G.6,3,1108,xskt.com.vn,2026-10-05T23:06:53+07:00
2026-09-24,mt,Bình Định,G.5,1,7166,xskt.com.vn,2026-10-05T23:06:53+07:00
2026-09-24,mt,Bình Định,G.4,1,78263,xskt.com.vn,2026-10-05T23:06:53+07:00
2026-09-24,mt,Bình Định,G.4,2,32417,xskt.com.vn,2026-10-05T23:06:53+07:00
2026-09-24,mt,Bình Định,G.4,3,58426,xskt.com.vn,2026-10-05T23:06:53+07:00
2026-09-24,mt,Bình Định,G.4,4,71860,xskt.com.vn,2026-10-05T23:06:53+07:00
2026-09-24,mt,Bình Định,G.4,5,25610,xskt.com.vn,2026-10-05T23:06:53+07:00
2026-09-24,mt,Bình Định,G.4,6,78320,xskt.com.vn,2026-10-05T23:06:53+07:00
2026-09-24,mt,Bình Định,G.4,7,17361,xskt.com.vn,2026-10-05T23:06:53+07:00
2026-09-24,mt,Bình Định,G.3,1,05058,xskt.com.vn,2026-10-05T23:06:53+07:00
2026-09-24,mt,Bình Định,G.3,2,60400,xskt.com.vn,2026-10-05T23:06:53+07:00
2026-09-24,mt,Bình Định,G.2,1,14561,xskt.com.vn,2026-10-05T23:06:53+07:00
2026-09-24,mt,Bình Định,G.1,1,33001,xskt.com.vn,2026-10-05T23:06:53+07:00
2026-09-24,mt,Bình Định,ĐB,1,273746,xskt.com.vn,2026-10-05T23:06:53+07:00
2026-09-24,mt,Quảng Bình,G.8,1,99,xskt.com.vn,2026-10-05T23:06:53+07:00
2026-09-24,mt,Quảng Bình,G.7,1,026,xskt.com.vn,2026-10-05T23:06:53+07:00
2026-09-24,mt,Quảng Bình,G.6,1,2200,xskt.com.vn,2026-10-05T23:06:53+07:00
2026-09-24,mt,Quảng Bình,G.6,2,3063,xskt.com.vn,2026-10-05T23:06:53+07:00
2026-09-24,mt,Quảng Bình,G.6,3,9989,xskt.com.vn,2026-10-05T23:06:53+07:00
2026-09-24,mt,Quảng Bình,G.5,1,1776,xskt.com.vn,2026-10-05T23:06:53+07:00
2026-09-24,mt,Quảng Bình,G.4,1,10994,xskt.com.vn,2026-10-05T23:06:53+07:00
2026-09-24,mt,Quảng Bình,G.4,2,54143,xskt.com.vn,2026-10-05T23:06:53+07:00
2026-09-24,mt,Quảng Bình,G.4,3,47657,xskt.com.vn,2026-10-05T23:06:53+07:00
2026-09-24,mt,Quảng Bình,G.4,4,79053,xskt.com.vn,2026-10-05T23:06:53+07:00
2026-09-24,mt,Quảng Bình,G.4,5,69766,xskt.com.vn,2026-10-05T23:06:53+07:00
2026-09-24,mt,Quảng Bình,G.4,6,91838,xskt.com.vn,2026-10-05T23:06:53+07:00
2026-09-24,mt,Quảng Bình,G.4,7,73946,xskt.com.vn,2026-10-05T23:06:53+07:00
2026-09-24,mt,Quảng Bình,G.3,1,05936,xskt.com.vn,2026-10-05T23:06:53+07:00
2026-09-24,mt,Quảng Bình,G.3,2,80970,xskt.com.vn,2026-10-05T23:06:53+07:00
2026-09-24,mt,Quảng Bình,G.2,1,20922,xskt.com.vn,2026-10-05T23:06:53+07:00
2026-09-24,mt,Quảng Bình,G.1,1,06702,xskt.com.vn,2026-10-05T23:06:53+07:00
2026-09-24,mt,Quảng Bình,ĐB,1,562479,xskt.com.vn,2026-10-05T23:06:53+07:00
2026-09-24,mt,Quảng Trị,G.8,1,03,xskt.com.vn,2026-10-05T23:06:53+07:00
2026-09-24,mt,Quảng Trị,G.7,1,169,xskt.com.vn,2026-10-05T23:06:53+07:00
2026-09-24,mt,Quảng Trị,G.6,1,3925,xskt.com.vn,2026-10-05T23:06:53+07:00
2026-09-24,mt,Quảng Trị,G.6,2,4587,xskt.com.vn,2026-10-05T23:06:53+07:00
2026-09-24,mt,Quảng Trị,G.6,3,2116,xskt.com.vn,2026-10-05T23:06:53+07:00
2026-09-24,mt,Quảng Trị,G.5,1,7113,xskt.com.vn,2026-10-05T23:06:53+07:00
2026-09-24,mt,Quảng Trị,G.4,1,37139,xskt.com.vn,2026-10-05T23:06:53+07:00
2026-09-24,mt,Quảng Trị,G.4,2,23843,xskt.com.vn,2026-10-05T23:06:53+07:00
2026-09-24,mt,Quảng Trị,G.4,3,25369,xskt.com.vn,2026-10-05T23:06:53+07:00
2026-09-24,mt,Quảng Trị,G.4,4,60522,xskt.com.vn,2026-10-05T23:06:53+07:00
2026-09-24,mt,Quảng Trị,G.4,5,62731,xskt.com.vn,2026-10-05T23:06:53+07:00
2026-09-24,mt,Quảng Trị,G.4,6,00877,xskt.com.vn,2026-10-05T23:06:53+07:00
2026-09-24,mt,Quảng Trị,G.4,7,43780,xskt.com.vn,2026-10-05T23:06:53+07:00
2026-09-24,mt,Quảng Trị,G.3,1,83111,xskt.com.vn,2026-10-05T23:06:53+07:00
2026-09-24,mt,Quảng Trị,G.3,2,05456,xskt.com.vn,2026-10-05T23:06:53+07:00
2026-09-24,mt,Quảng Trị,G.2,1,25740,xskt.com.vn,2026-10-05T23:06:53+07:00
2026-09-24,mt,Quảng Trị,G.1,1,17227,xskt.com.vn,2026-10-05T23:06:53+07:00
2026-09-24,mt,Quảng Trị,ĐB,1,662102,xskt.com.vn,2026-10-05T23:06:53+07:00
2026-09-25,mt,Gia Lai,G.8,1,13,xskt.com.vn,2026-10-05T23:06:54+07:00
2026-09-25,mt,Gia Lai,G.7,1,217,xskt.com.vn,2026-10-05T23:06:54+07:00
2026-09-25,mt,Gia Lai,G.6,1,1901,xskt.com.vn,2026-10-05T23:06:54+07:00
2026-09-25,mt,Gia Lai,G.6,2,2099,xskt.com.vn,2026-10-05T23:06:54+07:00
2026-09-25,mt,Gia Lai,G.6,3,2205,xskt.com.vn,2026-10-05T23:06:54+07:00
2026-09-25,mt,Gia Lai,G.5,1,6015,xskt.com.vn,2026-10-05T23:06:54+07:00
2026-09-25,mt,Gia Lai,G.4,1,57789,xskt.com.vn,2026-10-05T23:06:54+07:00
2026-09-25,mt,Gia Lai,G.4,2,49892,xskt.com.vn,2026-10-05T23:06:54+07:00
2026-09-25,mt,Gia Lai,G.4,3,59360,xskt.com.vn,2026-10-05T23:06:54+07:00
2026-09-25,mt,Gia Lai,G.4,4,90601,xskt.com.vn,2026-10-05T23:06:54+07:00
2026-09-25,mt,Gia Lai,G.4,5,19151,xskt.com.vn,2026-10-05T23:06:54+07:00
2026-09-25,mt,Gia Lai,G.4,6,93388,xskt.com.vn,2026-10-05T23:06:54+07:00
2026-09-25,mt,Gia Lai,G.4,7,84950,xskt.com.vn,2026-10-05T23:06:54+07:00
2026-09-25,mt,Gia Lai,G.3,1,51688,xskt.com.vn,2026-10-05T23:06:54+07:00
2026-09-25,mt,Gia Lai,G.3,2,71432,xskt.com.vn,2026-10-05T23:06:54+07:00
2026-09-25,mt,Gia Lai,G.2,1,81957,xskt.com.vn,2026-10-05T23:06:54+07:00
2026-09-25,mt,Gia Lai,G.1,1,90284,xskt.com.vn,2026-10-05T23:06:54+07:00
2026-09-25,mt,Gia Lai,ĐB,1,905589,xskt.com.vn,2026-10-05T23:06:54+07:00
2026-09-25,mt,Ninh Thuận,G.8,1,95,xskt.com.vn,2026-10-05T23:06:54+07:00
2026-09-25,mt,Ninh Thuận,G.7,1,947,xskt.com.vn,2026-10-05T23:06:54+07:00
2026-09-25,mt,Ninh Thuận,G.6,1,2029,xskt.com.vn,2026-10-05T23:06:54+07:00
2026-09-25,mt,Ninh Thuận,G.6,2,4629,xskt.com.vn,2026-10-05T23:06:54+07:00
2026-09-25,mt,Ninh Thuận,G.6,3,3509,xskt.com.vn,2026-10-05T23:06:54+07:00
2026-09-25,mt,Ninh Thuận,G.5,1,8504,xskt.com.vn,2026-10-05T23:06:54+07:00
2026-09-25,mt,Ninh Thuận,G.4,1,17615,xskt.com.vn,2026-10-05T23:06:54+07:00
2026-09-25,mt,Ninh Thuận,G.4,2,04691,xskt.com.vn,2026-10-05T23:06:54+07:00
2026-09-25,mt,Ninh Thuận,G.4,3,13353,xskt.com.vn,2026-10-05T23:06:54+07:00
2026-09-25,mt,Ninh Thuận,G.4,4,24917,xskt.com.vn,2026-10-05T23:06:54+07:00
2026-09-25,mt,Ninh Thuận,G.4,5,86677,xskt.com.vn,2026-10-05T23:06:54+07:00
2026-09-25,mt,Ninh Thuận,G.4,6,62825,xskt.com.vn,2026-10-05T23:06:54+07:00
2026-09-25,mt,Ninh Thuận,G.4,7,92946,xskt.com.vn,2026-10-05T23:06:54+07:00
2026-09-25,mt,Ninh Thuận,G.3,1,60076,xskt.com.vn,2026-10-05T23:06:54+07:00
2026-09-25,mt,Ninh Thuận,G.3,2,61855,xskt.com.vn,2026-10-05T23:06:54+07:00
2026-09-25,mt,Ninh Thuận,G.2,1,97389,xskt.com.vn,2026-10-05T23:06:54+07:00
2026-09-25,mt,Ninh Thuận,G.1,1,37378,xskt.com.vn,2026-10-05T23:06:54+07:00
2026-09-25,mt,Ninh Thuận,ĐB,1,783153,xskt.com.vn,2026-10-05T23:06:54+07:00
2026-09-26,mt,Quảng Ngãi,G.8,1,35,xskt.com.vn,2026-10-05T23:06:54+07:00
2026-09-26,mt,Quảng Ngãi,G.7,1,731,xskt.com.vn,2026-10-05T23:06:54+07:00
2026-09-26,mt,Quảng Ngãi,G.6,1,7067,xskt.com.vn,2026-10-05T23:06:54+07:00
2026-09-26,mt,Quảng Ngãi,G.6,2,1207,xskt.com.vn,2026-10-05T23:06:54+07:00
2026-09-26,mt,Quảng Ngãi,G.6,3,5570,xskt.com.vn,2026-10-05T23:06:54+07:00
2026-09-26,mt,Quảng Ngãi,G.5,1,5567,xskt.com.vn,2026-10-05T23:06:54+07:00
2026-09-26,mt,Quảng Ngãi,G.4,1,94743,xskt.com.vn,2026-10-05T23:06:54+07:00
2026-09-26,mt,Quảng Ngãi,G.4,2,08955,xskt.com.vn,2026-10-05T23:06:54+07:00
2026-09-26,mt,Quảng Ngãi,G.4,3,18061,xskt.com.vn,2026-10-05T23:06:54+07:00
2026-09-26,mt,Quảng Ngãi,G.4,4,56577,xskt.com.vn,2026-10-05T23:06:54+07:00
2026-09-26,mt,Quảng Ngãi,G.4,5,73018,xskt.com.vn,2026-10-05T23:06:54+07:00
2026-09-26,mt,Quảng Ngãi,G.4,6,57940,xskt.com.vn,2026-10-05T23:06:54+07:00
2026-09-26,mt,Quảng Ngãi,G.4,7,42794,xskt.com.vn,2026-10-05T23:06:54+07:00
2026-09-26,mt,Quảng Ngãi,G.3,1,91692,xskt.com.vn,2026-10-05T23:06:54+07:00
2026-09-26,mt,Quảng Ngãi,G.3,2,48175,xskt.com.vn,2026-10-05T23:06:54+07:00
2026-09-26,mt,Quảng Ngãi,G.2,1,83000,xskt.com.vn,2026-10-05T23:06:54+07:00
2026-09-26,mt,Quảng Ngãi,G.1,1,00717,xskt.com.vn,2026-10-05T23:06:54+07:00
2026-09-26,mt,Quảng Ngãi,ĐB,1,424087,xskt.com.vn,2026-10-05T23:06:54+07:00
2026-09-26,mt,Đà Nẵng,G.8,1,76,xskt.com.vn,2026-10-05T23:06:54+07:00
2026-09-26,mt,Đà Nẵng,G.7,1,550,xskt.com.vn,2026-10-05T23:06:54+07:00
2026-09-26,mt,Đà Nẵng,G.6,1,9157,xskt.com.vn,2026-10-05T23:06:54+07:00
2026-09-26,mt,Đà Nẵng,G.6,2,1669,xskt.com.vn,2026-10-05T23:06:54+07:00
2026-09-26,mt,Đà Nẵng,G.6,3,1226,xskt.com.vn,2026-10-05T23:06:54+07:00
2026-09-26,mt,Đà Nẵng,G.5,1,1049,xskt.com.vn,2026-10-05T23:06:54+07:00
2026-09-26,mt,Đà Nẵng,G.4,1,22790,xskt.com.vn,2026-10-05T23:06:54+07:00
2026-09-26,mt,Đà Nẵng,G.4,2,73809,xskt.com.vn,2026-10-05T23:06:54+07:00
2026-09-26,mt,Đà Nẵng,G.4,3,44055,xskt.com.vn,2026-10-05T23:06:54+07:00
2026-09-26,mt,Đà Nẵng,G.4,4,37304,xskt.com.vn,2026-10-05T23:06:54+07:00
2026-09-26,mt,Đà Nẵng,G.4,5,64280,xskt.com.vn,2026-10-05T23:06:54+07:00
2026-09-26,mt,Đà Nẵng,G.4,6,54357,xskt.com.vn,2026-10-05T23:06:54+07:00
2026-09-26,mt,Đà Nẵng,G.4,7,65648,xskt.com.vn,2026-10-05T23:06:54+07:00
2026-09-26,mt,Đà Nẵng,G.3,1,40620,xskt.com.vn,2026-10-05T23:06:54+07:00
2026-09-26,mt,Đà Nẵng,G.3,2,78046,xskt.com.vn,2026-10-05T23:06:54+07:00
2026-09-26,mt,Đà Nẵng,G.2,1,74691,xskt.com.vn,2026-10-05T23:06:54+07:00
2026-09-26,mt,Đà Nẵng,G.1,1,90309,xskt.com.vn,2026-10-05T23:06:54+07:00
2026-09-26,mt,Đà Nẵng,ĐB,1,517662,xskt.com.vn,2026-10-05T23:06:54+07:00
2026-09-26,mt,Đắk Nông,G.8,1,76,xskt.com.vn,2026-10-05T23:06:54+07:00
2026-09-26,mt,Đắk Nông,G.7,1,109,xskt.com.vn,2026-10-05T23:06:54+07:00
2026-09-26,mt,Đắk Nông,G.6,1,8556,xskt.com.vn,2026-10-05T23:06:54+07:00
2026-09-26,mt,Đắk Nông,G.6,2,5323,xskt.com.vn,2026-10-05T23:06:54+07:00
2026-09-26,mt,Đắk Nông,G.6,3,9427,xskt.com.vn,2026-10-05T23:06:54+07:00
2026-09-26,mt,Đắk Nông,G.5,1,2515,xskt.com.vn,2026-10-05T23:06:54+07:00
2026-09-26,mt,Đắk Nông,G.4,1,08872,xskt.com.vn,2026-10-05T23:06:54+07:00
2026-09-26,mt,Đắk Nông,G.4,2,99195,xskt.com.vn,2026-10-05T23:06:54+07:00
2026-09-26,mt,Đắk Nông,G.4,3,09544,xskt.com.vn,2026-10-05T23:06:54+07:00
2026-09-26,mt,Đắk Nông,G.4,4,97284,xskt.com.vn,2026-10-05T23:06:54+07:00
2026-09-26,mt,Đắk Nông,G.4,5,36066,xskt.com.vn,2026-10-05T23:06:54+07:00
2026-09-26,mt,Đắk Nông,G.4,6,09411,xskt.com.vn,2026-10-05T23:06:54+07:00
2026-09-26,mt,Đắk Nông,G.4,7,16028,xskt.com.vn,2026-10-05T23:06:54+07:00
2026-09-26,mt,Đắk Nông,G.3,1,89503,xskt.com.vn,2026-10-05T23:06:54+07:00
2026-09-26,mt,Đắk Nông,G.3,2,43788,xskt.com.vn,2026-10-05T23:06:54+07:00
2026-09-26,mt,Đắk Nông,G.2,1,47979,xskt.com.vn,2026-10-05T23:06:54+07:00
2026-09-26,mt,Đắk Nông,G.1,1,59582,xskt.com.vn,2026-10-05T23:06:54+07:00
2026-09-26,mt,Đắk Nông,ĐB,1,965444,xskt.com.vn,2026-10-05T23:06:54+07:00
2026-09-27,mt,Khánh Hòa,G.8,1,88,xskt.com.vn,2026-10-05T23:06:54+07:00
2026-09-27,mt,Khánh Hòa,G.7,1,426,xskt.com.vn,2026-10-05T23:06:54+07:00
2026-09-27,mt,Khánh Hòa,G.6,1,0522,xskt.com.vn,2026-10-05T23:06:54+07:00
2026-09-27,mt,Khánh Hòa,G.6,2,0255,xskt.com.vn,2026-10-05T23:06:54+07:00
2026-09-27,mt,Khánh Hòa,G.6,3,1992,xskt.com.vn,2026-10-05T23:06:54+07:00
2026-09-27,mt,Khánh Hòa,G.5,1,7057,xskt.com.vn,2026-10-05T23:06:54+07:00
2026-09-27,mt,Khánh Hòa,G.4,1,76091,xskt.com.vn,2026-10-05T23:06:54+07:00
2026-09-27,mt,Khánh Hòa,G.4,2,05801,xskt.com.vn,2026-10-05T23:06:54+07:00
2026-09-27,mt,Khánh Hòa,G.4,3,72191,xskt.com.vn,2026-10-05T23:06:54+07:00
2026-09-27,mt,Khánh Hòa,G.4,4,94341,xskt.com.vn,2026-10-05T23:06:54+07:00
2026-09-27,mt,Khánh Hòa,G.4,5,07373,xskt.com.vn,2026-10-05T23:06:54+07:00
2026-09-27,mt,Khánh Hòa,G.4,6,11504,xskt.com.vn,2026-10-05T23:06:54+07:00
2026-09-27,mt,Khánh Hòa,G.4,7,79485,xskt.com.vn,2026-10-05T23:06:54+07:00
2026-09-27,mt,Khánh Hòa,G.3,1,59462,xskt.com.vn,2026-10-05T23:06:54+07:00
2026-09-27,mt,Khánh Hòa,G.3,2,39997,xskt.com.vn,2026-10-05T23:06:54+07:00
2026-09-27,mt,Khánh Hòa,G.2,1,04851,xskt.com.vn,2026-10-05T23:06:54+07:00
2026-09-27,mt,Khánh Hòa,G.1,1,89395,xskt.com.vn,2026-10-05T23:06:54+07:00
2026-09-27,mt,Khánh Hòa,ĐB,1,239458,xskt.com.vn,2026-10-05T23:06:54+07:00
2026-09-27,mt,Kon Tum,G.8,1,89,xskt.com.vn,2026-10-05T23:06:54+07:00
2026-09-27,mt,Kon Tum,G.7,1,695,xskt.com.vn,2026-10-05T23:06:54+07:00
2026-09-27,mt,Kon Tum,G.6,1,4797,xskt.com.vn,2026-10-05T23:06:54+07:00
2026-09-27,mt,Kon Tum,G.6,2,7724,xskt.com.vn,2026-10-05T23:06:54+07:00
2026-09-27,mt,Kon Tum,G.6,3,6628,xskt.com.vn,2026-10-05T23:06:54+07:00
2026-09-27,mt,Kon Tum,G.5,1,2311,xskt.com.vn,2026-10-05T23:06:54+07:00
2026-09-27,mt,Kon Tum,G.4,1,06669,xskt.com.vn,2026-10-05T23:06:54+07:00
2026-09-27,mt,Kon Tum,G.4,2,18443,xskt.com.vn,2026-10-05T23:06:54+07:00
2026-09-27,mt,Kon Tum,G.4,3,04370,xskt.com.vn,2026-10-05T23:06:54+07:00
2026-09-27,mt,Kon Tum,G.4,4,97082,xskt.com.vn,2026-10-05T23:06:54+07:00
2026-09-27,mt,Kon Tum,G.4,5,16601,xskt.com.vn,2026-10-05T23:06:54+07:00
2026-09-27,mt,Kon Tum,G.4,6,59712,xskt.com.vn,2026-10-05T23:06:54+07:00
2026-09-27,mt,Kon Tum,G.4,7,54139,xskt.com.vn,2026-10-05T23:06:54+07:00
2026-09-27,mt,Kon Tum,G.3,1,71807,xskt.com.vn,2026-10-05T23:06:54+07:00
2026-09-27,mt,Kon Tum,G.3,2,49675,xskt.com.vn,2026-10-05T23:06:54+07:00
2026-09-27,mt,Kon Tum,G.2,1,12750,xskt.com.vn,2026-10-05T23:06:54+07:00
2026-09-27,mt,Kon Tum,G.1,1,99139,xskt.com.vn,2026-10-05T23:06:54+07:00
2026-09-27,mt,Kon Tum,ĐB,1,595822,xskt.com.vn,2026-10-05T23:06:54+07:00
2026-09-27,mt,Thừa Thiên Huế,G.8,1,81,xskt.com.vn,2026-10-05T23:06:54+07:00
2026-09-27,mt,Thừa Thiên Huế,G.7,1,655,xskt.com.vn,2026-10-05T23:06:54+07:00
2026-09-27,mt,Thừa Thiên Huế,G.6,1,5359,xskt.com.vn,2026-10-05T23:06:54+07:00
2026-09-27,mt,Thừa Thiên Huế,G.6,2,9101,xskt.com.vn,2026-10-05T23:06:54+07:00
2026-09-27,mt,Thừa Thiên Huế,G.6,3,8103,xskt.com.vn,2026-10-05T23:06:54+07:00
2026-09-27,mt,Thừa Thiên Huế,G.5,1,4743,xskt.com.vn,2026-10-05T23:06:54+07:00
2026-09-27,mt,Thừa Thiên Huế,G.4,1,09340,xskt.com.vn,2026-10-05T23:06:54+07:00
2026-09-27,mt,Thừa Thiên Huế,G.4,2,22238,xskt.com.vn,2026-10-05T23:06:54+07:00
2026-09-27,mt,Thừa Thiên Huế,G.4,3,46308,xskt.com.vn,2026-10-05T23:06:54+07:00
2026-09-27,mt,Thừa Thiên Huế,G.4,4,49039,xskt.com.vn,2026-10-05T23:06:54+07:00
2026-09-27,mt,Thừa Thiên Huế,G.4,5,34626,xskt.com.vn,2026-10-05T23:06:54+07:00
2026-09-27,mt,Thừa Thiên Huế,G.4,6,14548,xskt.com.vn,2026-10-05T23:06:54+07:00
2026-09-27,mt,Thừa Thiên Huế,G.4,7,56611,xskt.com.vn,2026-10-05T23:06:54+07:00
2026-09-27,mt,Thừa Thiên Huế,G.3,1,10397,xskt.com.vn,2026-10-05T23:06:54+07:00
2026-09-27,mt,Thừa Thiên Huế,G.3,2,86002,xskt.com.vn,2026-10-05T23:06:54+07:00
2026-09-27,mt,Thừa Thiên Huế,G.2,1,66445,xskt.com.vn,2026-10-05T23:06:54+07:00
2026-09-27,mt,Thừa Thiên Huế,G.1,1,31869,xskt.com.vn,2026-10-05T23:06:54+07:00
2026-09-27,mt,Thừa Thiên Huế,ĐB,1,794632,xskt.com.vn,2026-10-05T23:06:54+07:00
2026-09-28,mt,Phú Yên,G.8,1,39,xskt.com.vn,2026-10-05T23:06:55+07:00
2026-09-28,mt,Phú Yên,G.7,1,155,xskt.com.vn,2026-10-05T23:06:55+07:00
2026-09-28,mt,Phú Yên,G.6,1,2381,xskt.com.vn,2026-10-05T23:06:55+07:00
2026-09-28,mt,Phú Yên,G.6,2,9245,xskt.com.vn,2026-10-05T23:06:55+07:00
2026-09-28,mt,Phú Yên,G.6,3,5291,xskt.com.vn,2026-10-05T23:06:55+07:00
2026-09-28,mt,Phú Yên,G.5,1,2074,xskt.com.vn,2026-10-05T23:06:55+07:00
2026-09-28,mt,Phú Yên,G.4,1,84311,xskt.com.vn,2026-10-05T23:06:55+07:00
2026-09-28,mt,Phú Yên,G.4,2,16228,xskt.com.vn,2026-10-05T23:06:55+07:00
2026-09-28,mt,Phú Yên,G.4,3,91745,xskt.com.vn,2026-10-05T23:06:55+07:00
2026-09-28,mt,Phú Yên,G.4,4,04262,xskt.com.vn,2026-10-05T23:06:55+07:00
2026-09-28,mt,Phú Yên,G.4,5,63115,xskt.com.vn,2026-10-05T23:06:55+07:00
2026-09-28,mt,Phú Yên,G.4,6,57034,xskt.com.vn,2026-10-05T23:06:55+07:00
2026-09-28,mt,Phú Yên,G.4,7,19556,xskt.com.vn,2026-10-05T23:06:55+07:00
2026-09-28,mt,Phú Yên,G.3,1,84968,xskt.com.vn,2026-10-05T23:06:55+07:00
2026-09-28,mt,Phú Yên,G.3,2,94724,xskt.com.vn,2026-10-05T23:06:55+07:00
2026-09-28,mt,Phú Yên,G.2,1,19751,xskt.com.vn,2026-10-05T23:06:55+07:00
2026-09-28,mt,Phú Yên,G.1,1,31964,xskt.com.vn,2026-10-05T23:06:55+07:00
2026-09-28,mt,Phú Yên,ĐB,1,197498,xskt.com.vn,2026-10-05T23:06:55+07:00
2026-09-28,mt,Thừa Thiên Huế,G.8,1,81,xskt.com.vn,2026-10-05T23:06:55+07:00
2026-09-28,mt,Thừa Thiên Huế,G.7,1,366,xskt.com.vn,2026-10-05T23:06:55+07:00
2026-09-28,mt,Thừa Thiên Huế,G.6,1,9082,xskt.com.vn,2026-10-05T23:06:55+07:00
2026-09-28,mt,Thừa Thiên Huế,G.6,2,0198,xskt.com.vn,2026-10-05T23:06:55+07:00
2026-09-28,mt,Thừa Thiên Huế,G.6,3,5606,xskt.com.vn,2026-10-05T23:06:55+07:00
2026-09-28,mt,Thừa Thiên Huế,G.5,1,7036,xskt.com.vn,2026-10-05T23:06:55+07:00
2026-09-28,mt,Thừa Thiên Huế,G.4,1,31700,xskt.com.vn,2026-10-05T23:06:55+07:00
2026-09-28,mt,Thừa Thiên Huế,G.4,2,72539,xskt.com.vn,2026-10-05T23:06:55+07:00
2026-09-28,mt,Thừa Thiên Huế,G.4,3,31954,xskt.com.vn,2026-10-05T23:06:55+07:00
2026-09-28,mt,Thừa Thiên Huế,G.4,4,56556,xskt.com.vn,2026-10-05T23:06:55+07:00
2026-09-28,mt,Thừa Thiên Huế,G.4,5,89286,xskt.com.vn,2026-10-05T23:06:55+07:00
2026-09-28,mt,Thừa Thiên Huế,G.4,6,82401,xskt.com.vn,2026-10-05T23:06:55+07:00
2026-09-28,mt,Thừa Thiên Huế,G.4,7,48635,xskt.com.vn,2026-10-05T23:06:55+07:00
2026-09-28,mt,Thừa Thiên Huế,G.3,1,65148,xskt.com.vn,2026-10-05T23:06:55+07:00
2026-09-28,mt,Thừa Thiên Huế,G.3,2,70997,xskt.com.vn,2026-10-05T23:06:55+07:00
2026-09-28,mt,Thừa Thiên Huế,G.2,1,39200,xskt.com.vn,2026-10-05T23:06:55+07:00
2026-09-28,mt,Thừa Thiên Huế,G.1,1,89371,xskt.com.vn,2026-10-05T23:06:55+07:00
2026-09-28,mt,Thừa Thiên Huế,ĐB,1,233622,xskt.com.vn,2026-10-05T23:06:55+07:00
2026-09-29,mt,Quảng Nam,G.8,1,98,xskt.com.vn,2026-10-05T23:09:30+07:00
2026-09-29,mt,Quảng Nam,G.7,1,956,xskt.com.vn,2026-10-05T23:09:30+07:00
2026-09-29,mt,Quảng Nam,G.6,1,9791,xskt.com.vn,2026-10-05T23:09:30+07:00
2026-09-29,mt,Quảng Nam,G.6,2,6638,xskt.com.vn,2026-10-05T23:09:30+07:00
2026-09-29,mt,Quảng Nam,G.6,3,4557,xskt.com.vn,2026-10-05T23:09:30+07:00
2026-09-29,mt,Quảng Nam,G.5,1,6470,xskt.com.vn,2026-10-05T23:09:30+07:00
2026-09-29,mt,Quảng Nam,G.4,1,27500,xskt.com.vn,2026-10-05T23:09:30+07:00
2026-09-29,mt,Quảng Nam,G.4,2,64548,xskt.com.vn,2026-10-05T23:09:30+07:00
2026-09-29,mt,Quảng Nam,G.4,3,02028,xskt.com.vn,2026-10-05T23:09:30+07:00
2026-09-29,mt,Quảng Nam,G.4,4,06299,xskt.com.vn,2026-10-05T23:09:30+07:00
2026-09-29,mt,Quảng Nam,G.4,5,54344,xskt.com.vn,2026-10-05T23:09:30+07:00
2026-09-29,mt,Quảng Nam,G.4,6,81682,xskt.com.vn,2026-10-05T23:09:30+07:00
2026-09-29,mt,Quảng Nam,G.4,7,13282,xskt.com.vn,2026-10-05T23:09:30+07:00
2026-09-29,mt,Quảng Nam,G.3,1,10948,xskt.com.vn,2026-10-05T23:09:30+07:00
2026-09-29,mt,Quảng Nam,G.3,2,00530,xskt.com.vn,2026-10-05T23:09:30+07:00
2026-09-29,mt,Quảng Nam,G.2,1,14015,xskt.com.vn,2026-10-05T23:09:30+07:00
2026-09-29,mt,Quảng Nam,G.1,1,68019,xskt.com.vn,2026-10-05T23:09:30+07:00
2026-09-29,mt,Quảng Nam,ĐB,1,776132,xskt.com.vn,2026-10-05T23:09:30+07:00
2026-09-29,mt,Đắk Lắk,G.8,1,63,xskt.com.vn,2026-10-05T23:09:30+07:00
2026-09-29,mt,Đắk Lắk,G.7,1,528,xskt.com.vn,2026-10-05T23:09:30+07:00
2026-09-29,mt,Đắk Lắk,G.6,1,9122,xskt.com.vn,2026-10-05T23:09:30+07:00
2026-09-29,mt,Đắk Lắk,G.6,2,0187,xskt.com.vn,2026-10-05T23:09:30+07:00
2026-09-29,mt,Đắk Lắk,G.6,3,0133,xskt.com.vn,2026-10-05T23:09:30+07:00
2026-09-29,mt,Đắk Lắk,G.5,1,7897,xskt.com.vn,2026-10-05T23:09:30+07:00
2026-09-29,mt,Đắk Lắk,G.4,1,61708,xskt.com.vn,2026-10-05T23:09:30+07:00
2026-09-29,mt,Đắk Lắk,G.4,2,62252,xskt.com.vn,2026-10-05T23:09:30+07:00
2026-09-29,mt,Đắk Lắk,G.4,3,27407,xskt.com.vn,2026-10-05T23:09:30+07:00
2026-09-29,mt,Đắk Lắk,G.4,4,30355,xskt.com.vn,2026-10-05T23:09:30+07:00
2026-09-29,mt,Đắk Lắk,G.4,5,29184,xskt.com.vn,2026-10-05T23:09:30+07:00
2026-09-29,mt,Đắk Lắk,G.4,6,27064,xskt.com.vn,2026-10-05T23:09:30+07:00
2026-09-29,mt,Đắk Lắk,G.4,7,41849,xskt.com.vn,2026-10-05T23:09:30+07:00
2026-09-29,mt,Đắk Lắk,G.3,1,50137,xskt.com.vn,2026-10-05T23:09:30+07:00
2026-09-29,mt,Đắk Lắk,G.3,2,76589,xskt.com.vn,2026-10-05T23:09:30+07:00
2026-09-29,mt,Đắk Lắk,G.2,1,53245,xskt.com.vn,2026-10-05T23:09:30+07:00
2026-09-29,mt,Đắk Lắk,G.1,1,29672,xskt.com.vn,2026-10-05T23:09:30+07:00
2026-09-29,mt,Đắk Lắk,ĐB,1,600990,xskt.com.vn,2026-10-05T23:09:30+07:00
2026-09-30,mt,Khánh Hòa,G.8,1,61,xskt.com.vn,2026-10-05T23:06:55+07:00
2026-09-30,mt,Khánh Hòa,G.7,1,238,xskt.com.vn,2026-10-05T23:06:55+07:00
2026-09-30,mt,Khánh Hòa,G.6,1,7161,xskt.com.vn,2026-10-05T23:06:55+07:00
2026-09-30,mt,Khánh Hòa,G.6,2,4922,xskt.com.vn,2026-10-05T23:06:55+07:00
2026-09-30,mt,Khánh Hòa,G.6,3,7302,xskt.com.vn,2026-10-05T23:06:55+07:00
2026-09-30,mt,Khánh Hòa,G.5,1,4923,xskt.com.vn,2026-10-05T23:06:55+07:00
2026-09-30,mt,Khánh Hòa,G.4,1,79900,xskt.com.vn,2026-10-05T23:06:55+07:00
2026-09-30,mt,Khánh Hòa,G.4,2,96075,xskt.com.vn,2026-10-05T23:06:55+07:00
2026-09-30,mt,Khánh Hòa,G.4,3,96967,xskt.com.vn,2026-10-05T23:06:55+07:00
2026-09-30,mt,Khánh Hòa,G.4,4,70626,xskt.com.vn,2026-10-05T23:06:55+07:00
2026-09-30,mt,Khánh Hòa,G.4,5,35135,xskt.com.vn,2026-10-05T23:06:55+07:00
2026-09-30,mt,Khánh Hòa,G.4,6,12022,xskt.com.vn,2026-10-05T23:06:55+07:00
2026-09-30,mt,Khánh Hòa,G.4,7,89882,xskt.com.vn,2026-10-05T23:06:55+07:00
2026-09-30,mt,Khánh Hòa,G.3,1,21821,xskt.com.vn,2026-10-05T23:06:55+07:00
2026-09-30,mt,Khánh Hòa,G.3,2,14590,xskt.com.vn,2026-10-05T23:06:55+07:00
2026-09-30,mt,Khánh Hòa,G.2,1,81929,xskt.com.vn,2026-10-05T23:06:55+07:00
2026-09-30,mt,Khánh Hòa,G.1,1,67015,xskt.com.vn,2026-10-05T23:06:55+07:00
2026-09-30,mt,Khánh Hòa,ĐB,1,903468,xskt.com.vn,2026-10-05T23:06:55+07:00
2026-09-30,mt,Đà Nẵng,G.8,1,75,xskt.com.vn,2026-10-05T23:06:55+07:00
2026-09-30,mt,Đà Nẵng,G.7,1,451,xskt.com.vn,2026-10-05T23:06:55+07:00
2026-09-30,mt,Đà Nẵng,G.6,1,0206,xskt.com.vn,2026-10-05T23:06:55+07:00
2026-09-30,mt,Đà Nẵng,G.6,2,0140,xskt.com.vn,2026-10-05T23:06:55+07:00
2026-09-30,mt,Đà Nẵng,G.6,3,0882,xskt.com.vn,2026-10-05T23:06:55+07:00
2026-09-30,mt,Đà Nẵng,G.5,1,1340,xskt.com.vn,2026-10-05T23:06:55+07:00
2026-09-30,mt,Đà Nẵng,G.4,1,42607,xskt.com.vn,2026-10-05T23:06:55+07:00
2026-09-30,mt,Đà Nẵng,G.4,2,71881,xskt.com.vn,2026-10-05T23:06:55+07:00
2026-09-30,mt,Đà Nẵng,G.4,3,76274,xskt.com.vn,2026-10-05T23:06:55+07:00
2026-09-30,mt,Đà Nẵng,G.4,4,63099,xskt.com.vn,2026-10-05T23:06:55+07:00
2026-09-30,mt,Đà Nẵng,G.4,5,83797,xskt.com.vn,2026-10-05T23:06:55+07:00
2026-09-30,mt,Đà Nẵng,G.4,6,03702,xskt.com.vn,2026-10-05T23:06:55+07:00
2026-09-30,mt,Đà Nẵng,G.4,7,02551,xskt.com.vn,2026-10-05T23:06:55+07:00
2026-09-30,mt,Đà Nẵng,G.3,1,08889,xskt.com.vn,2026-10-05T23:06:55+07:00
2026-09-30,mt,Đà Nẵng,G.3,2,52752,xskt.com.vn,2026-10-05T23:06:55+07:00
2026-09-30,mt,Đà Nẵng,G.2,1,69542,xskt.com.vn,2026-10-05T23:06:55+07:00
2026-09-30,mt,Đà Nẵng,G.1,1,90146,xskt.com.vn,2026-10-05T23:06:55+07:00
2026-09-30,mt,Đà Nẵng,ĐB,1,682963,xskt.com.vn,2026-10-05T23:06:55+07:00
2026-10-01,mt,Bình Định,G.8,1,03,xskt.com.vn,2026-10-05T23:06:56+07:00
2026-10-01,mt,Bình Định,G.7,1,958,xskt.com.vn,2026-10-05T23:06:56+07:00
2026-10-01,mt,Bình Định,G.6,1,8495,xskt.com.vn,2026-10-05T23:06:56+07:00
2026-10-01,mt,Bình Định,G.6,2,3765,xskt.com.vn,2026-10-05T23:06:56+07:00
2026-10-01,mt,Bình Định,G.6,3,4697,xskt.com.vn,2026-10-05T23:06:56+07:00
2026-10-01,mt,Bình Định,G.5,1,2470,xskt.com.vn,2026-10-05T23:06:56+07:00
2026-10-01,mt,Bình Định,G.4,1,91001,xskt.com.vn,2026-10-05T23:06:56+07:00
2026-10-01,mt,Bình Định,G.4,2,53074,xskt.com.vn,2026-10-05T23:06:56+07:00
2026-10-01,mt,Bình Định,G.4,3,92097,xskt.com.vn,2026-10-05T23:06:56+07:00
2026-10-01,mt,Bình Định,G.4,4,46306,xskt.com.vn,2026-10-05T23:06:56+07:00
2026-10-01,mt,Bình Định,G.4,5,81022,xskt.com.vn,2026-10-05T23:06:56+07:00
2026-10-01,mt,Bình Định,G.4,6,51437,xskt.com.vn,2026-10-05T23:06:56+07:00
2026-10-01,mt,Bình Định,G.4,7,89118,xskt.com.vn,2026-10-05T23:06:56+07:00
2026-10-01,mt,Bình Định,G.3,1,67244,xskt.com.vn,2026-10-05T23:06:56+07:00
2026-10-01,mt,Bình Định,G.3,2,46733,xskt.com.vn,2026-10-05T23:06:56+07:00
2026-10-01,mt,Bình Định,G.2,1,59112,xskt.com.vn,2026-10-05T23:06:56+07:00
2026-10-01,mt,Bình Định,G.1,1,43702,xskt.com.vn,2026-10-05T23:06:56+07:00
2026-10-01,mt,Bình Định,ĐB,1,067632,xskt.com.vn,2026-10-05T23:06:56+07:00
2026-10-01,mt,Quảng Bình,G.8,1,05,xskt.com.vn,2026-10-05T23:06:56+07:00
2026-10-01,mt,Quảng Bình,G.7,1,724,xskt.com.vn,2026-10-05T23:06:56+07:00
2026-10-01,mt,Quảng Bình,G.6,1,0785,xskt.com.vn,2026-10-05T23:06:56+07:00
2026-10-01,mt,Quảng Bình,G.6,2,9771,xskt.com.vn,2026-10-05T23:06:56+07:00
2026-10-01,mt,Quảng Bình,G.6,3,0548,xskt.com.vn,2026-10-05T23:06:56+07:00
2026-10-01,mt,Quảng Bình,G.5,1,8682,xskt.com.vn,2026-10-05T23:06:56+07:00
2026-10-01,mt,Quảng Bình,G.4,1,60667,xskt.com.vn,2026-10-05T23:06:56+07:00
2026-10-01,mt,Quảng Bình,G.4,2,98255,xskt.com.vn,2026-10-05T23:06:56+07:00
2026-10-01,mt,Quảng Bình,G.4,3,73940,xskt.com.vn,2026-10-05T23:06:56+07:00
2026-10-01,mt,Quảng Bình,G.4,4,69355,xskt.com.vn,2026-10-05T23:06:56+07:00
2026-10-01,mt,Quảng Bình,G.4,5,21523,xskt.com.vn,2026-10-05T23:06:56+07:00
2026-10-01,mt,Quảng Bình,G.4,6,25550,xskt.com.vn,2026-10-05T23:06:56+07:00
2026-10-01,mt,Quảng Bình,G.4,7,39683,xskt.com.vn,2026-10-05T23:06:56+07:00
2026-10-01,mt,Quảng Bình,G.3,1,81960,xskt.com.vn,2026-10-05T23:06:56+07:00
2026-10-01,mt,Quảng Bình,G.3,2,30912,xskt.com.vn,2026-10-05T23:06:56+07:00
2026-10-01,mt,Quảng Bình,G.2,1,54642,xskt.com.vn,2026-10-05T23:06:56+07:00
2026-10-01,mt,Quảng Bình,G.1,1,96546,xskt.com.vn,2026-10-05T23:06:56+07:00
2026-10-01,mt,Quảng Bình,ĐB,1,382536,xskt.com.vn,2026-10-05T23:06:56+07:00
2026-10-01,mt,Quảng Trị,G.8,1,05,xskt.com.vn,2026-10-05T23:06:56+07:00
2026-10-01,mt,Quảng Trị,G.7,1,481,xskt.com.vn,2026-10-05T23:06:56+07:00
2026-10-01,mt,Quảng Trị,G.6,1,1112,xskt.com.vn,2026-10-05T23:06:56+07:00
2026-10-01,mt,Quảng Trị,G.6,2,0087,xskt.com.vn,2026-10-05T23:06:56+07:00
2026-10-01,mt,Quảng Trị,G.6,3,9786,xskt.com.vn,2026-10-05T23:06:56+07:00
2026-10-01,mt,Quảng Trị,G.5,1,8143,xskt.com.vn,2026-10-05T23:06:56+07:00
2026-10-01,mt,Quảng Trị,G.4,1,74386,xskt.com.vn,2026-10-05T23:06:56+07:00
2026-10-01,mt,Quảng Trị,G.4,2,42375,xskt.com.vn,2026-10-05T23:06:56+07:00
2026-10-01,mt,Quảng Trị,G.4,3,14734,xskt.com.vn,2026-10-05T23:06:56+07:00
2026-10-01,mt,Quảng Trị,G.4,4,06068,xskt.com.vn,2026-10-05T23:06:56+07:00
2026-10-01,mt,Quảng Trị,G.4,5,62498,xskt.com.vn,2026-10-05T23:06:56+07:00
2026-10-01,mt,Quảng Trị,G.4,6,84828,xskt.com.vn,2026-10-05T23:06:56+07:00
2026-10-01,mt,Quảng Trị,G.4,7,88279,xskt.com.vn,2026-10-05T23:06:56+07:00
2026-10-01,mt,Quảng Trị,G.3,1,36643,xskt.com.vn,2026-10-05T23:06:56+07:00
2026-10-01,mt,Quảng Trị,G.3,2,58437,xskt.com.vn,2026-10-05T23:06:56+07:00
2026-10-01,mt,Quảng Trị,G.2,1,16447,xskt.com.vn,2026-10-05T23:06:56+07:00
2026-10-01,mt,Quảng Trị,G.1,1,42669,xskt.com.vn,2026-10-05T23:06:56+07:00
2026-10-01,mt,Quảng Trị,ĐB,1,114471,xskt.com.vn,2026-10-05T23:06:56+07:00
2026-10-02,mt,Gia Lai,G.8,1,17,xskt.com.vn,2026-10-05T23:06:56+07:00
2026-10-02,mt,Gia Lai,G.7,1,933,xskt.com.vn,2026-10-05T23:06:56+07:00
2026-10-02,mt,Gia Lai,G.6,1,6038,xskt.com.vn,2026-10-05T23:06:56+07:00
2026-10-02,mt,Gia Lai,G.6,2,1409,xskt.com.vn,2026-10-05T23:06:56+07:00
2026-10-02,mt,Gia Lai,G.6,3,2019,xskt.com.vn,2026-10-05T23:06:56+07:00
2026-10-02,mt,Gia Lai,G.5,1,6916,xskt.com.vn,2026-10-05T23:06:56+07:00
2026-10-02,mt,Gia Lai,G.4,1,88487,xskt.com.vn,2026-10-05T23:06:56+07:00
2026-10-02,mt,Gia Lai,G.4,2,63299,xskt.com.vn,2026-10-05T23:06:56+07:00
2026-10-02,mt,Gia Lai,G.4,3,32890,xskt.com.vn,2026-10-05T23:06:56+07:00
2026-10-02,mt,Gia Lai,G.4,4,67168,xskt.com.vn,2026-10-05T23:06:56+07:00
2026-10-02,mt,Gia Lai,G.4,5,29773,xskt.com.vn,2026-10-05T23:06:56+07:00
2026-10-02,mt,Gia Lai,G.4,6,54521,xskt.com.vn,2026-10-05T23:06:56+07:00
2026-10-02,mt,Gia Lai,G.4,7,43861,xskt.com.vn,2026-10-05T23:06:56+07:00
2026-10-02,mt,Gia Lai,G.3,1,75706,xskt.com.vn,2026-10-05T23:06:56+07:00
2026-10-02,mt,Gia Lai,G.3,2,86911,xskt.com.vn,2026-10-05T23:06:56+07:00
2026-10-02,mt,Gia Lai,G.2,1,11544,xskt.com.vn,2026-10-05T23:06:56+07:00
2026-10-02,mt,Gia Lai,G.1,1,42267,xskt.com.vn,2026-10-05T23:06:56+07:00
2026-10-02,mt,Gia Lai,ĐB,1,518348,xskt.com.vn,2026-10-05T23:06:56+07:00
2026-10-02,mt,Ninh Thuận,G.8,1,92,xskt.com.vn,2026-10-05T23:06:56+07:00
2026-10-02,mt,Ninh Thuận,G.7,1,252,xskt.com.vn,2026-10-05T23:06:56+07:00
2026-10-02,mt,Ninh Thuận,G.6,1,6683,xskt.com.vn,2026-10-05T23:06:56+07:00
2026-10-02,mt,Ninh Thuận,G.6,2,9386,xskt.com.vn,2026-10-05T23:06:56+07:00
2026-10-02,mt,Ninh Thuận,G.6,3,3012,xskt.com.vn,2026-10-05T23:06:56+07:00
2026-10-02,mt,Ninh Thuận,G.5,1,6477,xskt.com.vn,2026-10-05T23:06:56+07:00
2026-10-02,mt,Ninh Thuận,G.4,1,64339,xskt.com.vn,2026-10-05T23:06:56+07:00
2026-10-02,mt,Ninh Thuận,G.4,2,74834,xskt.com.vn,2026-10-05T23:06:56+07:00
2026-10-02,mt,Ninh Thuận,G.4,3,60782,xskt.com.vn,2026-10-05T23:06:56+07:00
2026-10-02,mt,Ninh Thuận,G.4,4,86082,xskt.com.vn,2026-10-05T23:06:56+07:00
2026-10-02,mt,Ninh Thuận,G.4,5,21046,xskt.com.vn,2026-10-05T23:06:56+07:00
2026-10-02,mt,Ninh Thuận,G.4,6,16019,xskt.com.vn,2026-10-05T23:06:56+07:00
2026-10-02,mt,Ninh Thuận,G.4,7,11048,xskt.com.vn,2026-10-05T23:06:56+07:00
2026-10-02,mt,Ninh Thuận,G.3,1,64827,xskt.com.vn,2026-10-05T23:06:56+07:00
2026-10-02,mt,Ninh Thuận,G.3,2,40399,xskt.com.vn,2026-10-05T23:06:56+07:00
2026-10-02,mt,Ninh Thuận,G.2,1,61240,xskt.com.vn,2026-10-05T23:06:56+07:00
2026-10-02,mt,Ninh Thuận,G.1,1,95440,xskt.com.vn,2026-10-05T23:06:56+07:00
2026-10-02,mt,Ninh Thuận,ĐB,1,254403,xskt.com.vn,2026-10-05T23:06:56+07:00
2026-10-03,mt,Quảng Ngãi,G.8,1,88,xskt.com.vn,2026-10-05T23:06:57+07:00
2026-10-03,mt,Quảng Ngãi,G.7,1,293,xskt.com.vn,2026-10-05T23:06:57+07:00
2026-10-03,mt,Quảng Ngãi,G.6,1,0703,xskt.com.vn,2026-10-05T23:06:57+07:00
2026-10-03,mt,Quảng Ngãi,G.6,2,1202,xskt.com.vn,2026-10-05T23:06:57+07:00
2026-10-03,mt,Quảng Ngãi,G.6,3,8675,xskt.com.vn,2026-10-05T23:06:57+07:00
2026-10-03,mt,Quảng Ngãi,G.5,1,5821,xskt.com.vn,2026-10-05T23:06:57+07:00
2026-10-03,mt,Quảng Ngãi,G.4,1,33433,xskt.com.vn,2026-10-05T23:06:57+07:00
2026-10-03,mt,Quảng Ngãi,G.4,2,84864,xskt.com.vn,2026-10-05T23:06:57+07:00
2026-10-03,mt,Quảng Ngãi,G.4,3,16537,xskt.com.vn,2026-10-05T23:06:57+07:00
2026-10-03,mt,Quảng Ngãi,G.4,4,48770,xskt.com.vn,2026-10-05T23:06:57+07:00
2026-10-03,mt,Quảng Ngãi,G.4,5,60760,xskt.com.vn,2026-10-05T23:06:57+07:00
2026-10-03,mt,Quảng Ngãi,G.4,6,13798,xskt.com.vn,2026-10-05T23:06:57+07:00
2026-10-03,mt,Quảng Ngãi,G.4,7,52386,xskt.com.vn,2026-10-05T23:06:57+07:00
2026-10-03,mt,Quảng Ngãi,G.3,1,90229,xskt.com.vn,2026-10-05T23:06:57+07:00
2026-10-03,mt,Quảng Ngãi,G.3,2,17835,xskt.com.vn,2026-10-05T23:06:57+07:00
2026-10-03,mt,Quảng Ngãi,G.2,1,84865,xskt.com.vn,2026-10-05T23:06:57+07:00
2026-10-03,mt,Quảng Ngãi,G.1,1,69869,xskt.com.vn,2026-10-05T23:06:57+07:00
2026-10-03,mt,Quảng Ngãi,ĐB,1,834136,xskt.com.vn,2026-10-05T23:06:57+07:00
2026-10-03,mt,Đà Nẵng,G.8,1,17,xskt.com.vn,2026-10-05T23:06:57+07:00
2026-10-03,mt,Đà Nẵng,G.7,1,925,xskt.com.vn,2026-10-05T23:06:57+07:00
2026-10-03,mt,Đà Nẵng,G.6,1,8122,xskt.com.vn,2026-10-05T23:06:57+07:00
2026-10-03,mt,Đà Nẵng,G.6,2,2455,xskt.com.vn,2026-10-05T23:06:57+07:00
2026-10-03,mt,Đà Nẵng,G.6,3,2107,xskt.com.vn,2026-10-05T23:06:57+07:00
2026-10-03,mt,Đà Nẵng,G.5,1,0360,xskt.com.vn,2026-10-05T23:06:57+07:00
2026-10-03,mt,Đà Nẵng,G.4,1,12964,xskt.com.vn,2026-10-05T23:06:57+07:00
2026-10-03,mt,Đà Nẵng,G.4,2,96591,xskt.com.vn,2026-10-05T23:06:57+07:00
2026-10-03,mt,Đà Nẵng,G.4,3,13839,xskt.com.vn,2026-10-05T23:06:57+07:00
2026-10-03,mt,Đà Nẵng,G.4,4,00787,xskt.com.vn,2026-10-05T23:06:57+07:00
2026-10-03,mt,Đà Nẵng,G.4,5,25551,xskt.com.vn,2026-10-05T23:06:57+07:00
2026-10-03,mt,Đà Nẵng,G.4,6,82833,xskt.com.vn,2026-10-05T23:06:57+07:00
2026-10-03,mt,Đà Nẵng,G.4,7,52309,xskt.com.vn,2026-10-05T23:06:57+07:00
2026-10-03,mt,Đà Nẵng,G.3,1,30395,xskt.com.vn,2026-10-05T23:06:57+07:00
2026-10-03,mt,Đà Nẵng,G.3,2,37082,xskt.com.vn,2026-10-05T23:06:57+07:00
2026-10-03,mt,Đà Nẵng,G.2,1,51473,xskt.com.vn,2026-10-05T23:06:57+07:00
2026-10-03,mt,Đà Nẵng,G.1,1,50281,xskt.com.vn,2026-10-05T23:06:57+07:00
2026-10-03,mt,Đà Nẵng,ĐB,1,180321,xskt.com.vn,2026-10-05T23:06:57+07:00
2026-10-03,mt,Đắk Nông,G.8,1,71,xskt.com.vn,2026-10-05T23:06:57+07:00
2026-10-03,mt,Đắk Nông,G.7,1,449,xskt.com.vn,2026-10-05T23:06:57+07:00
2026-10-03,mt,Đắk Nông,G.6,1,7456,xskt.com.vn,2026-10-05T23:06:57+07:00
2026-10-03,mt,Đắk Nông,G.6,2,2667,xskt.com.vn,2026-10-05T23:06:57+07:00
2026-10-03,mt,Đắk Nông,G.6,3,5755,xskt.com.vn,2026-10-05T23:06:57+07:00
2026-10-03,mt,Đắk Nông,G.5,1,4244,xskt.com.vn,2026-10-05T23:06:57+07:00
2026-10-03,mt,Đắk Nông,G.4,1,64977,xskt.com.vn,2026-10-05T23:06:57+07:00
2026-10-03,mt,Đắk Nông,G.4,2,52366,xskt.com.vn,2026-10-05T23:06:57+07:00
2026-10-03,mt,Đắk Nông,G.4,3,77602,xskt.com.vn,2026-10-05T23:06:57+07:00
2026-10-03,mt,Đắk Nông,G.4,4,04674,xskt.com.vn,2026-10-05T23:06:57+07:00
2026-10-03,mt,Đắk Nông,G.4,5,51055,xskt.com.vn,2026-10-05T23:06:57+07:00
2026-10-03,mt,Đắk Nông,G.4,6,33792,xskt.com.vn,2026-10-05T23:06:57+07:00
2026-10-03,mt,Đắk Nông,G.4,7,90227,xskt.com.vn,2026-10-05T23:06:57+07:00
2026-10-03,mt,Đắk Nông,G.3,1,54832,xskt.com.vn,2026-10-05T23:06:57+07:00
2026-10-03,mt,Đắk Nông,G.3,2,02967,xskt.com.vn,2026-10-05T23:06:57+07:00
2026-10-03,mt,Đắk Nông,G.2,1,17183,xskt.com.vn,2026-10-05T23:06:57+07:00
2026-10-03,mt,Đắk Nông,G.1,1,74599,xskt.com.vn,2026-10-05T23:06:57+07:00
2026-10-03,mt,Đắk Nông,ĐB,1,206949,xskt.com.vn,2026-10-05T23:06:57+07:00
2026-10-04,mt,Khánh Hòa,G.8,1,54,xskt.com.vn,2026-10-05T23:06:57+07:00
2026-10-04,mt,Khánh Hòa,G.7,1,108,xskt.com.vn,2026-10-05T23:06:57+07:00
2026-10-04,mt,Khánh Hòa,G.6,1,2331,xskt.com.vn,2026-10-05T23:06:57+07:00
2026-10-04,mt,Khánh Hòa,G.6,2,6507,xskt.com.vn,2026-10-05T23:06:57+07:00
2026-10-04,mt,Khánh Hòa,G.6,3,9246,xskt.com.vn,2026-10-05T23:06:57+07:00
2026-10-04,mt,Khánh Hòa,G.5,1,4317,xskt.com.vn,2026-10-05T23:06:57+07:00
2026-10-04,mt,Khánh Hòa,G.4,1,07060,xskt.com.vn,2026-10-05T23:06:57+07:00
2026-10-04,mt,Khánh Hòa,G.4,2,22036,xskt.com.vn,2026-10-05T23:06:57+07:00
2026-10-04,mt,Khánh Hòa,G.4,3,61951,xskt.com.vn,2026-10-05T23:06:57+07:00
2026-10-04,mt,Khánh Hòa,G.4,4,39925,xskt.com.vn,2026-10-05T23:06:57+07:00
2026-10-04,mt,Khánh Hòa,G.4,5,05260,xskt.com.vn,2026-10-05T23:06:57+07:00
2026-10-04,mt,Khánh Hòa,G.4,6,85941,xskt.com.vn,2026-10-05T23:06:57+07:00
2026-10-04,mt,Khánh Hòa,G.4,7,47714,xskt.com.vn,2026-10-05T23:06:57+07:00
2026-10-04,mt,Khánh Hòa,G.3,1,22091,xskt.com.vn,2026-10-05T23:06:57+07:00
2026-10-04,mt,Khánh Hòa,G.3,2,06493,xskt.com.vn,2026-10-05T23:06:57+07:00
2026-10-04,mt,Khánh Hòa,G.2,1,44791,xskt.com.vn,2026-10-05T23:06:57+07:00
2026-10-04,mt,Khánh Hòa,G.1,1,61130,xskt.com.vn,2026-10-05T23:06:57+07:00
2026-10-04,mt,Khánh Hòa,ĐB,1,115641,xskt.com.vn,2026-10-05T23:06:57+07:00
2026-10-04,mt,Kon Tum,G.8,1,06,xskt.com.vn,2026-10-05T23:06:57+07:00
2026-10-04,mt,Kon Tum,G.7,1,864,xskt.com.vn,2026-10-05T23:06:57+07:00
2026-10-04,mt,Kon Tum,G.6,1,3575,xskt.com.vn,2026-10-05T23:06:57+07:00
2026-10-04,mt,Kon Tum,G.6,2,8807,xskt.com.vn,2026-10-05T23:06:57+07:00
2026-10-04,mt,Kon Tum,G.6,3,3649,xskt.com.vn,2026-10-05T23:06:57+07:00
2026-10-04,mt,Kon Tum,G.5,1,7996,xskt.com.vn,2026-10-05T23:06:57+07:00
2026-10-04,mt,Kon Tum,G.4,1,43679,xskt.com.vn,2026-10-05T23:06:57+07:00
2026-10-04,mt,Kon Tum,G.4,2,05275,xskt.com.vn,2026-10-05T23:06:57+07:00
2026-10-04,mt,Kon Tum,G.4,3,71781,xskt.com.vn,2026-10-05T23:06:57+07:00
2026-10-04,mt,Kon Tum,G.4,4,99400,xskt.com.vn,2026-10-05T23:06:57+07:00
2026-10-04,mt,Kon Tum,G.4,5,59476,xskt.com.vn,2026-10-05T23:06:57+07:00
2026-10-04,mt,Kon Tum,G.4,6,34349,xskt.com.vn,2026-10-05T23:06:57+07:00
2026-10-04,mt,Kon Tum,G.4,7,24389,xskt.com.vn,2026-10-05T23:06:57+07:00
2026-10-04,mt,Kon Tum,G.3,1,73740,xskt.com.vn,2026-10-05T23:06:57+07:00
2026-10-04,mt,Kon Tum,G.3,2,69425,xskt.com.vn,2026-10-05T23:06:57+07:00
2026-10-04,mt,Kon Tum,G.2,1,60705,xskt.com.vn,2026-10-05T23:06:57+07:00
2026-10-04,mt,Kon Tum,G.1,1,16662,xskt.com.vn,2026-10-05T23:06:57+07:00
2026-10-04,mt,Kon Tum,ĐB,1,217053,xskt.com.vn,2026-10-05T23:06:57+07:00
2026-10-04,mt,Thừa Thiên Huế,G.8,1,62,xskt.com.vn,2026-10-05T23:06:57+07:00
2026-10-04,mt,Thừa Thiên Huế,G.7,1,985,xskt.com.vn,2026-10-05T23:06:57+07:00
2026-10-04,mt,Thừa Thiên Huế,G.6,1,6208,xskt.com.vn,2026-10-05T23:06:57+07:00
2026-10-04,mt,Thừa Thiên Huế,G.6,2,3554,xskt.com.vn,2026-10-05T23:06:57+07:00
2026-10-04,mt,Thừa Thiên Huế,G.6,3,5580,xskt.com.vn,2026-10-05T23:06:57+07:00
2026-10-04,mt,Thừa Thiên Huế,G.5,1,0874,xskt.com.vn,2026-10-05T23:06:57+07:00
2026-10-04,mt,Thừa Thiên Huế,G.4,1,54426,xskt.com.vn,2026-10-05T23:06:57+07:00
2026-10-04,mt,Thừa Thiên Huế,G.4,2,58447,xskt.com.vn,2026-10-05T23:06:57+07:00
2026-10-04,mt,Thừa Thiên Huế,G.4,3,32791,xskt.com.vn,2026-10-05T23:06:57+07:00
2026-10-04,mt,Thừa Thiên Huế,G.4,4,62608,xskt.com.vn,2026-10-05T23:06:57+07:00
2026-10-04,mt,Thừa Thiên Huế,G.4,5,98300,xskt.com.vn,2026-10-05T23:06:57+07:00
2026-10-04,mt,Thừa Thiên Huế,G.4,6,59283,xskt.com.vn,2026-10-05T23:06:57+07:00
2026-10-04,mt,Thừa Thiên Huế,G.4,7,72515,xskt.com.vn,2026-10-05T23:06:57+07:00
2026-10-04,mt,Thừa Thiên Huế,G.3,1,47847,xskt.com.vn,2026-10-05T23:06:57+07:00
2026-10-04,mt,Thừa Thiên Huế,G.3,2,99696,xskt.com.vn,2026-10-05T23:06:57+07:00
2026-10-04,mt,Thừa Thiên Huế,G.2,1,51736,xskt.com.vn,2026-10-05T23:06:57+07:00
2026-10-04,mt,Thừa Thiên Huế,G.1,1,29529,xskt.com.vn,2026-10-05T23:06:57+07:00
2026-10-04,mt,Thừa Thiên Huế,ĐB,1,951235,xskt.com.vn,2026-10-05T23:06:57+07:00
2026-10-05,mt,Phú Yên,G.8,1,72,xskt.com.vn,2026-10-05T23:06:57+07:00
2026-10-05,mt,Phú Yên,G.7,1,310,xskt.com.vn,2026-10-05T23:06:57+07:00
2026-10-05,mt,Phú Yên,G.6,1,2280,xskt.com.vn,2026-10-05T23:06:57+07:00
2026-10-05,mt,Phú Yên,G.6,2,1256,xskt.com.vn,2026-10-05T23:06:57+07:00
2026-10-05,mt,Phú Yên,G.6,3,2587,xskt.com.vn,2026-10-05T23:06:57+07:00
2026-10-05,mt,Phú Yên,G.5,1,0107,xskt.com.vn,2026-10-05T23:06:57+07:00
2026-10-05,mt,Phú Yên,G.4,1,53512,xskt.com.vn,2026-10-05T23:06:57+07:00
2026-10-05,mt,Phú Yên,G.4,2,21300,xskt.com.vn,2026-10-05T23:06:57+07:00
2026-10-05,mt,Phú Yên,G.4,3,89212,xskt.com.vn,2026-10-05T23:06:57+07:00
2026-10-05,mt,Phú Yên,G.4,4,45173,xskt.com.vn,2026-10-05T23:06:57+07:00
2026-10-05,mt,Phú Yên,G.4,5,25196,xskt.com.vn,2026-10-05T23:06:57+07:00
2026-10-05,mt,Phú Yên,G.4,6,72586,xskt.com.vn,2026-10-05T23:06:57+07:00
2026-10-05,mt,Phú Yên,G.4,7,65817,xskt.com.vn,2026-10-05T23:06:57+07:00
2026-10-05,mt,Phú Yên,G.3,1,80504,xskt.com.vn,2026-10-05T23:06:57+07:00
2026-10-05,mt,Phú Yên,G.3,2,76581,xskt.com.vn,2026-10-05T23:06:57+07:00
2026-10-05,mt,Phú Yên,G.2,1,45402,xskt.com.vn,2026-10-05T23:06:57+07:00
2026-10-05,mt,Phú Yên,G.1,1,74244,xskt.com.vn,2026-10-05T23:06:57+07:00
2026-10-05,mt,Phú Yên,ĐB,1,918260,xskt.com.vn,2026-10-05T23:06:57+07:00
2026-10-05,mt,Thừa Thiên Huế,G.8,1,32,xskt.com.vn,2026-10-05T23:06:57+07:00
2026-10-05,mt,Thừa Thiên Huế,G.7,1,709,xskt.com.vn,2026-10-05T23:06:57+07:00
2026-10-05,mt,Thừa Thiên Huế,G.6,1,7306,xskt.com.vn,2026-10-05T23:06:57+07:00
2026-10-05,mt,Thừa Thiên Huế,G.6,2,5631,xskt.com.vn,2026-10-05T23:06:57+07:00
2026-10-05,mt,Thừa Thiên Huế,G.6,3,5808,xskt.com.vn,2026-10-05T23:06:57+07:00
2026-10-05,mt,Thừa Thiên Huế,G.5,1,4366,xskt.com.vn,2026-10-05T23:06:57+07:00
2026-10-05,mt,Thừa Thiên Huế,G.4,1,95101,xskt.com.vn,2026-10-05T23:06:57+07:00
2026-10-05,mt,Thừa Thiên Huế,G.4,2,34116,xskt.com.vn,2026-10-05T23:06:57+07:00
2026-10-05,mt,Thừa Thiên Huế,G.4,3,92655,xskt.com.vn,2026-10-05T23:06:57+07:00
2026-10-05,mt,Thừa Thiên Huế,G.4,4,35498,xskt.com.vn,2026-10-05T23:06:57+07:00
2026-10-05,mt,Thừa Thiên Huế,G.4,5,87124,xskt.com.vn,2026-10-05T23:06:57+07:00
2026-10-05,mt,Thừa Thiên Huế,G.4,6,62137,xskt.com.vn,2026-10-05T23:06:57+07:00
2026-10-05,mt,Thừa Thiên Huế,G.4,7,69034,xskt.com.vn,2026-10-05T23:06:57+07:00
2026-10-05,mt,Thừa Thiên Huế,G.3,1,73217,xskt.com.vn,2026-10-05T23:06:57+07:00
2026-10-05,mt,Thừa Thiên Huế,G.3,2,56441,xskt.com.vn,2026-10-05T23:06:57+07:00
2026-10-05,mt,Thừa Thiên Huế,G.2,1,82982,xskt.com.vn,2026-10-05T23:06:57+07:00
2026-10-05,mt,Thừa Thiên Huế,G.1,1,88389,xskt.com.vn,2026-10-05T23:06:57+07:00
2026-10-05,mt,Thừa Thiên Huế,ĐB,1,921241,xskt.com.vn,2026-10-05T23:06:57+07:00
