target_date,anchor_date,special,suffix,model_prob,model_rank,loto,source,recorded_at_utc,actual_special,exact,reversed,loto_hits
2026-09-01,2026-08-31,30972,72,0.0100696715783014,38,47 68 10 22 83 95 14 57 52 96 80 83 41 14 55 74 55 29 00 54 01 32 01 56 73 99,git,2026-09-01T08:00:26Z,05521,0,0,7
2026-09-02,2026-09-01,77054,54,0.012413276338951,2,26 58 24 32 15 82 79 76 68 49 32 76 01 62 49 17 34 86 67 79 54 34 99 87 87 36,git,2026-09-01T19:03:56Z,44542,0,0,7
2026-09-03,2026-09-02,03102,02,0.0093455777059399,78,84 07 99 92 51 21 18 28 78 27 42 60 61 86 86 64 58 02 17 68 01 12 60 75 18 61,git,2026-09-02T15:06:11Z,39511,0,0,4
2026-09-04,2026-09-03,92597,97,0.0102454076212536,34,22 82 61 71 35 39 17 29 86 67 46 13 97 34 51 95 21 14 33 45 91 17 96 03 05 65,git,2026-09-03T15:00:19Z,50066,0,0,3
2026-09-05,2026-09-04,72399,99,0.0095950198935903,66,77 11 94 84 24 85 95 85 09 50 32 56 92 85 01 05 40 33 14 96 02 99 97 21 03 38,git,2026-09-05T08:18:45Z,24037,0,0,6
2026-09-06,2026-09-05,36263,63,0.009823726536526,54,05 91 38 46 91 51 73 76 75 09 95 34 74 28 32 63 20 09 87 74 56 02 92 13 83 33,git,2026-09-05T22:39:11Z,61435,0,0,7
2026-09-07,2026-09-06,04917,17,0.011049901439789,10,24 74 52 37 62 89 16 34 75 98 99 52 04 97 55 77 55 57 01 56 83 52 39 57 57 33,git,2026-09-07T11:00:03Z,34990,0,0,10
2026-09-08,2026-09-07,45620,20,0.0094317498526602,89,77 50 37 49 47 43 12 30 31 02 40 75 17 31 88 67 13 52 92 64 33 88 08 05 59 31,git,2026-09-08T06:29:54Z,39687,0,0,4
2026-09-09,2026-09-08,98974,74,0.0093811516280403,98,37 96 71 73 42 45 96 42 70 11 92 83 91 06 94 27 94 67 96 13 91 41 66 12 85 99,git,2026-09-09T01:59:19Z,94504,0,0,6
2026-09-10,2026-09-09,15820,20,0.0097671971458661,65,11 83 46 65 07 35 70 67 10 07 52 21 97 20 03 51 20 94 52 13 68 21 34 81 12 32,git,2026-09-09T17:12:41Z,30981,0,0,5
2026-09-11,2026-09-10,24936,36,0.010854238206391,6,20 01 10 37 53 01 04 93 83 98 41 97 96 95 26 74 21 23 01 68 15 05 48 69 16 73,git,2026-09-10T16:51:30Z,29352,0,0,7
2026-09-12,2026-09-11,70899,99,0.0096552532087111,81,85 83 92 32 60 34 21 95 92 80 31 12 15 54 95 22 71 65 31 55 58 89 62 49 83 19,git,2026-09-12T06:28:07Z,58851,0,0,5
2026-09-13,2026-09-12,71733,33,0.009808361264217,60,21 70 53 20 64 96 01 64 81 32 85 61 63 30 34 99 34 02 83 71 22 69 89 90 36 93,git,2026-09-13T11:05:48Z,83799,0,0,5
2026-09-14,2026-09-13,24464,64,0.0101287752965013,14,84 15 97 46 92 16 57 08 54 45 43 45 64 78 13 28 06 73 52 26 70 86 12 72 58 88,git,2026-09-14T07:32:54Z,74522,0,0,6
2026-09-15,2026-09-14,68631,31,0.010003881843559,40,71 24 30 86 87 01 43 66 45 61 01 08 57 38 93 51 79 99 63 00 23 28 05 18 22 45,git,2026-09-15T05:21:27Z,31429,0,0,4
2026-09-16,2026-09-15,31153,53,0.0099799313644306,53,49 03 49 80 46 39 88 53 86 28 03 27 95 21 23 61 76 26 45 75 49 61 96 33 79 74,git,2026-09-16T00:37:57Z,96344,0,0,6
2026-09-17,2026-09-16,88505,05,0.0099925009928297,39,78 28 97 28 86 38 14 83 41 60 20 38 43 22 81 20 58 18 16 06 76 14 61 55 43 36,git,2026-09-16T13:58:26Z,71960,0,0,8
2026-09-18,2026-09-17,26097,97,0.0100260171166206,38,00 54 78 51 82 35 92 27 09 83 22 79 02 45 28 04 69 57 33 63 48 97 77 68 37 53,git,2026-09-17T19:22:13Z,27367,0,0,8
2026-09-19,2026-09-18,79912,12,0.0101950302688219,5,99 34 13 54 85 59 19 62 28 10 45 51 80 48 02 58 76 68 89 18 14 83 55 91 60 94,git,2026-09-19T06:26:05Z,73412,1,0,6
2026-09-20,2026-09-19,77417,17,0.0098962200036887,96,16 85 69 80 10 77 11 02 79 68 25 87 20 55 45 31 73 70 70 45 46 55 23 67 14 66,git,2026-09-20T10:44:18Z,21538,0,0,7
2026-09-21,2026-09-20,42872,72,0.0103213771857654,24,57 28 49 85 50 41 17 33 90 66 82 77 20 84 16 46 86 07 76 64 79 89 36 83 23 37,git,2026-09-20T14:27:24Z,40432,0,0,5
2026-09-22,2026-09-21,26953,53,0.0100183762887526,19,29 09 38 13 27 19 96 11 03 93 71 44 11 55 13 58 13 37 39 56 29 33 21 37 93 63,git,2026-09-21T12:56:08Z,31922,0,0,7
2026-09-23,2026-09-22,26151,51,0.0099687779554707,93,10 45 15 12 59 88 86 99 94 39 31 86 70 41 38 80 38 49 16 67 43 71 34 24 95 62,git,2026-09-23T00:30:10Z,76406,0,0,9
2026-09-24,2026-09-23,04329,29,0.0099767500889566,70,08 41 01 02 37 88 98 12 56 77 29 29 91 05 44 64 11 68 73 38 35 40 26 17 68 28,git,2026-09-24T09:33:45Z,78196,0,0,5
2026-09-25,2026-09-24,77772,72,0.0099745772436899,67,90 52 12 46 53 87 39 35 15 72 28 17 22 31 63 59 68 44 75 33 82 05 40 77 21 24,git,2026-09-24T14:23:14Z,34465,0,0,4
2026-09-26,2026-09-25,39657,57,0.0099328606892981,65,90 34 31 40 96 10 65 38 63 44 27 89 12 97 07 22 44 49 91 56 52 31 10 67 72 22,git,2026-09-26T09:59:36Z,18132,0,0,5
2026-09-27,2026-09-26,09017,17,0.0099845284290502,53,63 14 71 78 27 35 31 40 49 38 42 10 34 74 26 11 15 24 86 21 17 82 24 83 32 45,git,2026-09-27T05:02:47Z,55473,0,0,7
2026-09-28,2026-09-27,35061,61,0.0099238412963932,60,85 38 02 60 48 09 92 59 80 22 62 32 44 30 39 97 25 63 50 61 58 24 02 13 34 64,git,2026-09-27T11:48:03Z,77115,0,0,5
2026-09-29,2026-09-28,26460,60,0.0100297233431123,34,82 60 42 13 33 66 13 55 81 49 08 43 63 89 87 82 93 54 35 22 70 42 44 87 35 26,git,2026-09-28T14:37:51Z,05651,0,0,6
2026-09-30,2026-09-29,27124,24,0.0099649648240176,76,89 11 49 37 94 05 63 54 92 85 81 50 72 15 07 53 69 77 28 74 64 94 77 93 55 82,git,2026-09-29T13:22:10Z,95242,0,1,4
2026-10-01,2026-09-30,54130,30,0.0098997437409634,73,41 09 98 63 43 59 17 52 71 75 53 70 82 09 82 43 19 86 96 05 29 29 66 43 67 48,pipeline,2026-09-30T18:20:34Z,40208,0,0,5
2026-10-02,2026-10-01,23392,92,0.0099891304068273,56,10 12 30 45 08 86 00 22 82 60 26 88 30 46 61 59 64 64 10 78 63 79 83 32 29 06,pipeline,2026-10-01T16:50:12Z,,,,
