seed_label,canonical_family_id,family_kind,family_size,members
00,00,bo_kep,4,"[""00"", ""05"", ""50"", ""55""]"
01,01,bo_thuong,8,"[""01"", ""06"", ""10"", ""15"", ""51"", ""56"", ""60"", ""65""]"
02,02,bo_thuong,8,"[""02"", ""07"", ""20"", ""25"", ""52"", ""57"", ""70"", ""75""]"
03,03,bo_thuong,8,"[""03"", ""08"", ""30"", ""35"", ""53"", ""58"", ""80"", ""85""]"
04,04,bo_thuong,8,"[""04"", ""09"", ""40"", ""45"", ""54"", ""59"", ""90"", ""95""]"
05,00,bo_kep,4,"[""00"", ""05"", ""50"", ""55""]"
06,01,bo_thuong,8,"[""01"", ""06"", ""10"", ""15"", ""51"", ""56"", ""60"", ""65""]"
07,02,bo_thuong,8,"[""02"", ""07"", ""20"", ""25"", ""52"", ""57"", ""70"", ""75""]"
08,03,bo_thuong,8,"[""03"", ""08"", ""30"", ""35"", ""53"", ""58"", ""80"", ""85""]"
09,04,bo_thuong,8,"[""04"", ""09"", ""40"", ""45"", ""54"", ""59"", ""90"", ""95""]"
10,01,bo_thuong,8,"[""01"", ""06"", ""10"", ""15"", ""51"", ""56"", ""60"", ""65""]"
11,11,bo_kep,4,"[""11"", ""16"", ""61"", ""66""]"
12,12,bo_thuong,8,"[""12"", ""17"", ""21"", ""26"", ""62"", ""67"", ""71"", ""76""]"
13,13,bo_thuong,8,"[""13"", ""18"", ""31"", ""36"", ""63"", ""68"", ""81"", ""86""]"
14,14,bo_thuong,8,"[""14"", ""19"", ""41"", ""46"", ""64"", ""69"", ""91"", ""96""]"
15,01,bo_thuong,8,"[""01"", ""06"", ""10"", ""15"", ""51"", ""56"", ""60"", ""65""]"
16,11,bo_kep,4,"[""11"", ""16"", ""61"", ""66""]"
17,12,bo_thuong,8,"[""12"", ""17"", ""21"", ""26"", ""62"", ""67"", ""71"", ""76""]"
18,13,bo_thuong,8,"[""13"", ""18"", ""31"", ""36"", ""63"", ""68"", ""81"", ""86""]"
19,14,bo_thuong,8,"[""14"", ""19"", ""41"", ""46"", ""64"", ""69"", ""91"", ""96""]"
20,02,bo_thuong,8,"[""02"", ""07"", ""20"", ""25"", ""52"", ""57"", ""70"", ""75""]"
21,12,bo_thuong,8,"[""12"", ""17"", ""21"", ""26"", ""62"", ""67"", ""71"", ""76""]"
22,22,bo_kep,4,"[""22"", ""27"", ""72"", ""77""]"
23,23,bo_thuong,8,"[""23"", ""28"", ""32"", ""37"", ""73"", ""78"", ""82"", ""87""]"
24,24,bo_thuong,8,"[""24"", ""29"", ""42"", ""47"", ""74"", ""79"", ""92"", ""97""]"
25,02,bo_thuong,8,"[""02"", ""07"", ""20"", ""25"", ""52"", ""57"", ""70"", ""75""]"
26,12,bo_thuong,8,"[""12"", ""17"", ""21"", ""26"", ""62"", ""67"", ""71"", ""76""]"
27,22,bo_kep,4,"[""22"", ""27"", ""72"", ""77""]"
28,23,bo_thuong,8,"[""23"", ""28"", ""32"", ""37"", ""73"", ""78"", ""82"", ""87""]"
29,24,bo_thuong,8,"[""24"", ""29"", ""42"", ""47"", ""74"", ""79"", ""92"", ""97""]"
30,03,bo_thuong,8,"[""03"", ""08"", ""30"", ""35"", ""53"", ""58"", ""80"", ""85""]"
31,13,bo_thuong,8,"[""13"", ""18"", ""31"", ""36"", ""63"", ""68"", ""81"", ""86""]"
32,23,bo_thuong,8,"[""23"", ""28"", ""32"", ""37"", ""73"", ""78"", ""82"", ""87""]"
33,33,bo_kep,4,"[""33"", ""38"", ""83"", ""88""]"
34,34,bo_thuong,8,"[""34"", ""39"", ""43"", ""48"", ""84"", ""89"", ""93"", ""98""]"
35,03,bo_thuong,8,"[""03"", ""08"", ""30"", ""35"", ""53"", ""58"", ""80"", ""85""]"
36,13,bo_thuong,8,"[""13"", ""18"", ""31"", ""36"", ""63"", ""68"", ""81"", ""86""]"
37,23,bo_thuong,8,"[""23"", ""28"", ""32"", ""37"", ""73"", ""78"", ""82"", ""87""]"
38,33,bo_kep,4,"[""33"", ""38"", ""83"", ""88""]"
39,34,bo_thuong,8,"[""34"", ""39"", ""43"", ""48"", ""84"", ""89"", ""93"", ""98""]"
40,04,bo_thuong,8,"[""04"", ""09"", ""40"", ""45"", ""54"", ""59"", ""90"", ""95""]"
41,14,bo_thuong,8,"[""14"", ""19"", ""41"", ""46"", ""64"", ""69"", ""91"", ""96""]"
42,24,bo_thuong,8,"[""24"", ""29"", ""42"", ""47"", ""74"", ""79"", ""92"", ""97""]"
43,34,bo_thuong,8,"[""34"", ""39"", ""43"", ""48"", ""84"", ""89"", ""93"", ""98""]"
44,44,bo_kep,4,"[""44"", ""49"", ""94"", ""99""]"
45,04,bo_thuong,8,"[""04"", ""09"", ""40"", ""45"", ""54"", ""59"", ""90"", ""95""]"
46,14,bo_thuong,8,"[""14"", ""19"", ""41"", ""46"", ""64"", ""69"", ""91"", ""96""]"
47,24,bo_thuong,8,"[""24"", ""29"", ""42"", ""47"", ""74"", ""79"", ""92"", ""97""]"
48,34,bo_thuong,8,"[""34"", ""39"", ""43"", ""48"", ""84"", ""89"", ""93"", ""98""]"
49,44,bo_kep,4,"[""44"", ""49"", ""94"", ""99""]"
50,00,bo_kep,4,"[""00"", ""05"", ""50"", ""55""]"
51,01,bo_thuong,8,"[""01"", ""06"", ""10"", ""15"", ""51"", ""56"", ""60"", ""65""]"
52,02,bo_thuong,8,"[""02"", ""07"", ""20"", ""25"", ""52"", ""57"", ""70"", ""75""]"
53,03,bo_thuong,8,"[""03"", ""08"", ""30"", ""35"", ""53"", ""58"", ""80"", ""85""]"
54,04,bo_thuong,8,"[""04"", ""09"", ""40"", ""45"", ""54"", ""59"", ""90"", ""95""]"
55,00,bo_kep,4,"[""00"", ""05"", ""50"", ""55""]"
56,01,bo_thuong,8,"[""01"", ""06"", ""10"", ""15"", ""51"", ""56"", ""60"", ""65""]"
57,02,bo_thuong,8,"[""02"", ""07"", ""20"", ""25"", ""52"", ""57"", ""70"", ""75""]"
58,03,bo_thuong,8,"[""03"", ""08"", ""30"", ""35"", ""53"", ""58"", ""80"", ""85""]"
59,04,bo_thuong,8,"[""04"", ""09"", ""40"", ""45"", ""54"", ""59"", ""90"", ""95""]"
60,01,bo_thuong,8,"[""01"", ""06"", ""10"", ""15"", ""51"", ""56"", ""60"", ""65""]"
61,11,bo_kep,4,"[""11"", ""16"", ""61"", ""66""]"
62,12,bo_thuong,8,"[""12"", ""17"", ""21"", ""26"", ""62"", ""67"", ""71"", ""76""]"
63,13,bo_thuong,8,"[""13"", ""18"", ""31"", ""36"", ""63"", ""68"", ""81"", ""86""]"
64,14,bo_thuong,8,"[""14"", ""19"", ""41"", ""46"", ""64"", ""69"", ""91"", ""96""]"
65,01,bo_thuong,8,"[""01"", ""06"", ""10"", ""15"", ""51"", ""56"", ""60"", ""65""]"
66,11,bo_kep,4,"[""11"", ""16"", ""61"", ""66""]"
67,12,bo_thuong,8,"[""12"", ""17"", ""21"", ""26"", ""62"", ""67"", ""71"", ""76""]"
68,13,bo_thuong,8,"[""13"", ""18"", ""31"", ""36"", ""63"", ""68"", ""81"", ""86""]"
69,14,bo_thuong,8,"[""14"", ""19"", ""41"", ""46"", ""64"", ""69"", ""91"", ""96""]"
70,02,bo_thuong,8,"[""02"", ""07"", ""20"", ""25"", ""52"", ""57"", ""70"", ""75""]"
71,12,bo_thuong,8,"[""12"", ""17"", ""21"", ""26"", ""62"", ""67"", ""71"", ""76""]"
72,22,bo_kep,4,"[""22"", ""27"", ""72"", ""77""]"
73,23,bo_thuong,8,"[""23"", ""28"", ""32"", ""37"", ""73"", ""78"", ""82"", ""87""]"
74,24,bo_thuong,8,"[""24"", ""29"", ""42"", ""47"", ""74"", ""79"", ""92"", ""97""]"
75,02,bo_thuong,8,"[""02"", ""07"", ""20"", ""25"", ""52"", ""57"", ""70"", ""75""]"
76,12,bo_thuong,8,"[""12"", ""17"", ""21"", ""26"", ""62"", ""67"", ""71"", ""76""]"
77,22,bo_kep,4,"[""22"", ""27"", ""72"", ""77""]"
78,23,bo_thuong,8,"[""23"", ""28"", ""32"", ""37"", ""73"", ""78"", ""82"", ""87""]"
79,24,bo_thuong,8,"[""24"", ""29"", ""42"", ""47"", ""74"", ""79"", ""92"", ""97""]"
80,03,bo_thuong,8,"[""03"", ""08"", ""30"", ""35"", ""53"", ""58"", ""80"", ""85""]"
81,13,bo_thuong,8,"[""13"", ""18"", ""31"", ""36"", ""63"", ""68"", ""81"", ""86""]"
82,23,bo_thuong,8,"[""23"", ""28"", ""32"", ""37"", ""73"", ""78"", ""82"", ""87""]"
83,33,bo_kep,4,"[""33"", ""38"", ""83"", ""88""]"
84,34,bo_thuong,8,"[""34"", ""39"", ""43"", ""48"", ""84"", ""89"", ""93"", ""98""]"
85,03,bo_thuong,8,"[""03"", ""08"", ""30"", ""35"", ""53"", ""58"", ""80"", ""85""]"
86,13,bo_thuong,8,"[""13"", ""18"", ""31"", ""36"", ""63"", ""68"", ""81"", ""86""]"
87,23,bo_thuong,8,"[""23"", ""28"", ""32"", ""37"", ""73"", ""78"", ""82"", ""87""]"
88,33,bo_kep,4,"[""33"", ""38"", ""83"", ""88""]"
89,34,bo_thuong,8,"[""34"", ""39"", ""43"", ""48"", ""84"", ""89"", ""93"", ""98""]"
90,04,bo_thuong,8,"[""04"", ""09"", ""40"", ""45"", ""54"", ""59"", ""90"", ""95""]"
91,14,bo_thuong,8,"[""14"", ""19"", ""41"", ""46"", ""64"", ""69"", ""91"", ""96""]"
92,24,bo_thuong,8,"[""24"", ""29"", ""42"", ""47"", ""74"", ""79"", ""92"", ""97""]"
93,34,bo_thuong,8,"[""34"", ""39"", ""43"", ""48"", ""84"", ""89"", ""93"", ""98""]"
94,44,bo_kep,4,"[""44"", ""49"", ""94"", ""99""]"
95,04,bo_thuong,8,"[""04"", ""09"", ""40"", ""45"", ""54"", ""59"", ""90"", ""95""]"
96,14,bo_thuong,8,"[""14"", ""19"", ""41"", ""46"", ""64"", ""69"", ""91"", ""96""]"
97,24,bo_thuong,8,"[""24"", ""29"", ""42"", ""47"", ""74"", ""79"", ""92"", ""97""]"
98,34,bo_thuong,8,"[""34"", ""39"", ""43"", ""48"", ""84"", ""89"", ""93"", ""98""]"
99,44,bo_kep,4,"[""44"", ""49"", ""94"", ""99""]"
