number,number_str,head,tail,reverse,bong_duong,bong_am,cap_loto_50_id,cap_loto_50_kind,cap_loto_50_partner,bo_seed_label,bo_family_id,bo_family_kind,bo_family_size,bo_members,digit_sum,sum_mod10,is_kep_bang,is_kep_lech,is_kep_am,is_sat_kep,is_sat_kep_vong
0,00,0,0,00,55,77,00-55,kep_bong,55,00,00,bo_kep,4,"[""00"", ""05"", ""50"", ""55""]",0,0,True,False,False,False,False
1,01,0,1,10,56,74,01-10,reverse,10,01,01,bo_thuong,8,"[""01"", ""06"", ""10"", ""15"", ""51"", ""56"", ""60"", ""65""]",1,1,False,False,False,True,True
2,02,0,2,20,57,79,02-20,reverse,20,02,02,bo_thuong,8,"[""02"", ""07"", ""20"", ""25"", ""52"", ""57"", ""70"", ""75""]",2,2,False,False,False,False,False
3,03,0,3,30,58,76,03-30,reverse,30,03,03,bo_thuong,8,"[""03"", ""08"", ""30"", ""35"", ""53"", ""58"", ""80"", ""85""]",3,3,False,False,False,False,False
4,04,0,4,40,59,71,04-40,reverse,40,04,04,bo_thuong,8,"[""04"", ""09"", ""40"", ""45"", ""54"", ""59"", ""90"", ""95""]",4,4,False,False,False,False,False
5,05,0,5,50,50,78,05-50,reverse,50,05,00,bo_kep,4,"[""00"", ""05"", ""50"", ""55""]",5,5,False,True,False,False,False
6,06,0,6,60,51,73,06-60,reverse,60,06,01,bo_thuong,8,"[""01"", ""06"", ""10"", ""15"", ""51"", ""56"", ""60"", ""65""]",6,6,False,False,False,False,False
7,07,0,7,70,52,70,07-70,reverse,70,07,02,bo_thuong,8,"[""02"", ""07"", ""20"", ""25"", ""52"", ""57"", ""70"", ""75""]",7,7,False,False,True,False,False
8,08,0,8,80,53,75,08-80,reverse,80,08,03,bo_thuong,8,"[""03"", ""08"", ""30"", ""35"", ""53"", ""58"", ""80"", ""85""]",8,8,False,False,False,False,False
9,09,0,9,90,54,72,09-90,reverse,90,09,04,bo_thuong,8,"[""04"", ""09"", ""40"", ""45"", ""54"", ""59"", ""90"", ""95""]",9,9,False,False,False,False,True
10,10,1,0,01,65,47,01-10,reverse,01,10,01,bo_thuong,8,"[""01"", ""06"", ""10"", ""15"", ""51"", ""56"", ""60"", ""65""]",1,1,False,False,False,True,True
11,11,1,1,11,66,44,11-66,kep_bong,66,11,11,bo_kep,4,"[""11"", ""16"", ""61"", ""66""]",2,2,True,False,False,False,False
12,12,1,2,21,67,49,12-21,reverse,21,12,12,bo_thuong,8,"[""12"", ""17"", ""21"", ""26"", ""62"", ""67"", ""71"", ""76""]",3,3,False,False,False,True,True
13,13,1,3,31,68,46,13-31,reverse,31,13,13,bo_thuong,8,"[""13"", ""18"", ""31"", ""36"", ""63"", ""68"", ""81"", ""86""]",4,4,False,False,False,False,False
14,14,1,4,41,69,41,14-41,reverse,41,14,14,bo_thuong,8,"[""14"", ""19"", ""41"", ""46"", ""64"", ""69"", ""91"", ""96""]",5,5,False,False,True,False,False
15,15,1,5,51,60,48,15-51,reverse,51,15,01,bo_thuong,8,"[""01"", ""06"", ""10"", ""15"", ""51"", ""56"", ""60"", ""65""]",6,6,False,False,False,False,False
16,16,1,6,61,61,43,16-61,reverse,61,16,11,bo_kep,4,"[""11"", ""16"", ""61"", ""66""]",7,7,False,True,False,False,False
17,17,1,7,71,62,40,17-71,reverse,71,17,12,bo_thuong,8,"[""12"", ""17"", ""21"", ""26"", ""62"", ""67"", ""71"", ""76""]",8,8,False,False,False,False,False
18,18,1,8,81,63,45,18-81,reverse,81,18,13,bo_thuong,8,"[""13"", ""18"", ""31"", ""36"", ""63"", ""68"", ""81"", ""86""]",9,9,False,False,False,False,False
19,19,1,9,91,64,42,19-91,reverse,91,19,14,bo_thuong,8,"[""14"", ""19"", ""41"", ""46"", ""64"", ""69"", ""91"", ""96""]",10,0,False,False,False,False,False
20,20,2,0,02,75,97,02-20,reverse,02,20,02,bo_thuong,8,"[""02"", ""07"", ""20"", ""25"", ""52"", ""57"", ""70"", ""75""]",2,2,False,False,False,False,False
21,21,2,1,12,76,94,12-21,reverse,12,21,12,bo_thuong,8,"[""12"", ""17"", ""21"", ""26"", ""62"", ""67"", ""71"", ""76""]",3,3,False,False,False,True,True
22,22,2,2,22,77,99,22-77,kep_bong,77,22,22,bo_kep,4,"[""22"", ""27"", ""72"", ""77""]",4,4,True,False,False,False,False
23,23,2,3,32,78,96,23-32,reverse,32,23,23,bo_thuong,8,"[""23"", ""28"", ""32"", ""37"", ""73"", ""78"", ""82"", ""87""]",5,5,False,False,False,True,True
24,24,2,4,42,79,91,24-42,reverse,42,24,24,bo_thuong,8,"[""24"", ""29"", ""42"", ""47"", ""74"", ""79"", ""92"", ""97""]",6,6,False,False,False,False,False
25,25,2,5,52,70,98,25-52,reverse,52,25,02,bo_thuong,8,"[""02"", ""07"", ""20"", ""25"", ""52"", ""57"", ""70"", ""75""]",7,7,False,False,False,False,False
26,26,2,6,62,71,93,26-62,reverse,62,26,12,bo_thuong,8,"[""12"", ""17"", ""21"", ""26"", ""62"", ""67"", ""71"", ""76""]",8,8,False,False,False,False,False
27,27,2,7,72,72,90,27-72,reverse,72,27,22,bo_kep,4,"[""22"", ""27"", ""72"", ""77""]",9,9,False,True,False,False,False
28,28,2,8,82,73,95,28-82,reverse,82,28,23,bo_thuong,8,"[""23"", ""28"", ""32"", ""37"", ""73"", ""78"", ""82"", ""87""]",10,0,False,False,False,False,False
29,29,2,9,92,74,92,29-92,reverse,92,29,24,bo_thuong,8,"[""24"", ""29"", ""42"", ""47"", ""74"", ""79"", ""92"", ""97""]",11,1,False,False,True,False,False
30,30,3,0,03,85,67,03-30,reverse,03,30,03,bo_thuong,8,"[""03"", ""08"", ""30"", ""35"", ""53"", ""58"", ""80"", ""85""]",3,3,False,False,False,False,False
31,31,3,1,13,86,64,13-31,reverse,13,31,13,bo_thuong,8,"[""13"", ""18"", ""31"", ""36"", ""63"", ""68"", ""81"", ""86""]",4,4,False,False,False,False,False
32,32,3,2,23,87,69,23-32,reverse,23,32,23,bo_thuong,8,"[""23"", ""28"", ""32"", ""37"", ""73"", ""78"", ""82"", ""87""]",5,5,False,False,False,True,True
33,33,3,3,33,88,66,33-88,kep_bong,88,33,33,bo_kep,4,"[""33"", ""38"", ""83"", ""88""]",6,6,True,False,False,False,False
34,34,3,4,43,89,61,34-43,reverse,43,34,34,bo_thuong,8,"[""34"", ""39"", ""43"", ""48"", ""84"", ""89"", ""93"", ""98""]",7,7,False,False,False,True,True
35,35,3,5,53,80,68,35-53,reverse,53,35,03,bo_thuong,8,"[""03"", ""08"", ""30"", ""35"", ""53"", ""58"", ""80"", ""85""]",8,8,False,False,False,False,False
36,36,3,6,63,81,63,36-63,reverse,63,36,13,bo_thuong,8,"[""13"", ""18"", ""31"", ""36"", ""63"", ""68"", ""81"", ""86""]",9,9,False,False,True,False,False
37,37,3,7,73,82,60,37-73,reverse,73,37,23,bo_thuong,8,"[""23"", ""28"", ""32"", ""37"", ""73"", ""78"", ""82"", ""87""]",10,0,False,False,False,False,False
38,38,3,8,83,83,65,38-83,reverse,83,38,33,bo_kep,4,"[""33"", ""38"", ""83"", ""88""]",11,1,False,True,False,False,False
39,39,3,9,93,84,62,39-93,reverse,93,39,34,bo_thuong,8,"[""34"", ""39"", ""43"", ""48"", ""84"", ""89"", ""93"", ""98""]",12,2,False,False,False,False,False
40,40,4,0,04,95,17,04-40,reverse,04,40,04,bo_thuong,8,"[""04"", ""09"", ""40"", ""45"", ""54"", ""59"", ""90"", ""95""]",4,4,False,False,False,False,False
41,41,4,1,14,96,14,14-41,reverse,14,41,14,bo_thuong,8,"[""14"", ""19"", ""41"", ""46"", ""64"", ""69"", ""91"", ""96""]",5,5,False,False,True,False,False
42,42,4,2,24,97,19,24-42,reverse,24,42,24,bo_thuong,8,"[""24"", ""29"", ""42"", ""47"", ""74"", ""79"", ""92"", ""97""]",6,6,False,False,False,False,False
43,43,4,3,34,98,16,34-43,reverse,34,43,34,bo_thuong,8,"[""34"", ""39"", ""43"", ""48"", ""84"", ""89"", ""93"", ""98""]",7,7,False,False,False,True,True
44,44,4,4,44,99,11,44-99,kep_bong,99,44,44,bo_kep,4,"[""44"", ""49"", ""94"", ""99""]",8,8,True,False,False,False,False
45,45,4,5,54,90,18,45-54,reverse,54,45,04,bo_thuong,8,"[""04"", ""09"", ""40"", ""45"", ""54"", ""59"", ""90"", ""95""]",9,9,False,False,False,True,True
46,46,4,6,64,91,13,46-64,reverse,64,46,14,bo_thuong,8,"[""14"", ""19"", ""41"", ""46"", ""64"", ""69"", ""91"", ""96""]",10,0,False,False,False,False,False
47,47,4,7,74,92,10,47-74,reverse,74,47,24,bo_thuong,8,"[""24"", ""29"", ""42"", ""47"", ""74"", ""79"", ""92"", ""97""]",11,1,False,False,False,False,False
48,48,4,8,84,93,15,48-84,reverse,84,48,34,bo_thuong,8,"[""34"", ""39"", ""43"", ""48"", ""84"", ""89"", ""93"", ""98""]",12,2,False,False,False,False,False
49,49,4,9,94,94,12,49-94,reverse,94,49,44,bo_kep,4,"[""44"", ""49"", ""94"", ""99""]",13,3,False,True,False,False,False
50,50,5,0,05,05,87,05-50,reverse,05,50,00,bo_kep,4,"[""00"", ""05"", ""50"", ""55""]",5,5,False,True,False,False,False
51,51,5,1,15,06,84,15-51,reverse,15,51,01,bo_thuong,8,"[""01"", ""06"", ""10"", ""15"", ""51"", ""56"", ""60"", ""65""]",6,6,False,False,False,False,False
52,52,5,2,25,07,89,25-52,reverse,25,52,02,bo_thuong,8,"[""02"", ""07"", ""20"", ""25"", ""52"", ""57"", ""70"", ""75""]",7,7,False,False,False,False,False
53,53,5,3,35,08,86,35-53,reverse,35,53,03,bo_thuong,8,"[""03"", ""08"", ""30"", ""35"", ""53"", ""58"", ""80"", ""85""]",8,8,False,False,False,False,False
54,54,5,4,45,09,81,45-54,reverse,45,54,04,bo_thuong,8,"[""04"", ""09"", ""40"", ""45"", ""54"", ""59"", ""90"", ""95""]",9,9,False,False,False,True,True
55,55,5,5,55,00,88,00-55,kep_bong,00,55,00,bo_kep,4,"[""00"", ""05"", ""50"", ""55""]",10,0,True,False,False,False,False
56,56,5,6,65,01,83,56-65,reverse,65,56,01,bo_thuong,8,"[""01"", ""06"", ""10"", ""15"", ""51"", ""56"", ""60"", ""65""]",11,1,False,False,False,True,True
57,57,5,7,75,02,80,57-75,reverse,75,57,02,bo_thuong,8,"[""02"", ""07"", ""20"", ""25"", ""52"", ""57"", ""70"", ""75""]",12,2,False,False,False,False,False
58,58,5,8,85,03,85,58-85,reverse,85,58,03,bo_thuong,8,"[""03"", ""08"", ""30"", ""35"", ""53"", ""58"", ""80"", ""85""]",13,3,False,False,True,False,False
59,59,5,9,95,04,82,59-95,reverse,95,59,04,bo_thuong,8,"[""04"", ""09"", ""40"", ""45"", ""54"", ""59"", ""90"", ""95""]",14,4,False,False,False,False,False
60,60,6,0,06,15,37,06-60,reverse,06,60,01,bo_thuong,8,"[""01"", ""06"", ""10"", ""15"", ""51"", ""56"", ""60"", ""65""]",6,6,False,False,False,False,False
61,61,6,1,16,16,34,16-61,reverse,16,61,11,bo_kep,4,"[""11"", ""16"", ""61"", ""66""]",7,7,False,True,False,False,False
62,62,6,2,26,17,39,26-62,reverse,26,62,12,bo_thuong,8,"[""12"", ""17"", ""21"", ""26"", ""62"", ""67"", ""71"", ""76""]",8,8,False,False,False,False,False
63,63,6,3,36,18,36,36-63,reverse,36,63,13,bo_thuong,8,"[""13"", ""18"", ""31"", ""36"", ""63"", ""68"", ""81"", ""86""]",9,9,False,False,True,False,False
64,64,6,4,46,19,31,46-64,reverse,46,64,14,bo_thuong,8,"[""14"", ""19"", ""41"", ""46"", ""64"", ""69"", ""91"", ""96""]",10,0,False,False,False,False,False
65,65,6,5,56,10,38,56-65,reverse,56,65,01,bo_thuong,8,"[""01"", ""06"", ""10"", ""15"", ""51"", ""56"", ""60"", ""65""]",11,1,False,False,False,True,True
66,66,6,6,66,11,33,11-66,kep_bong,11,66,11,bo_kep,4,"[""11"", ""16"", ""61"", ""66""]",12,2,True,False,False,False,False
67,67,6,7,76,12,30,67-76,reverse,76,67,12,bo_thuong,8,"[""12"", ""17"", ""21"", ""26"", ""62"", ""67"", ""71"", ""76""]",13,3,False,False,False,True,True
68,68,6,8,86,13,35,68-86,reverse,86,68,13,bo_thuong,8,"[""13"", ""18"", ""31"", ""36"", ""63"", ""68"", ""81"", ""86""]",14,4,False,False,False,False,False
69,69,6,9,96,14,32,69-96,reverse,96,69,14,bo_thuong,8,"[""14"", ""19"", ""41"", ""46"", ""64"", ""69"", ""91"", ""96""]",15,5,False,False,False,False,False
70,70,7,0,07,25,07,07-70,reverse,07,70,02,bo_thuong,8,"[""02"", ""07"", ""20"", ""25"", ""52"", ""57"", ""70"", ""75""]",7,7,False,False,True,False,False
71,71,7,1,17,26,04,17-71,reverse,17,71,12,bo_thuong,8,"[""12"", ""17"", ""21"", ""26"", ""62"", ""67"", ""71"", ""76""]",8,8,False,False,False,False,False
72,72,7,2,27,27,09,27-72,reverse,27,72,22,bo_kep,4,"[""22"", ""27"", ""72"", ""77""]",9,9,False,True,False,False,False
73,73,7,3,37,28,06,37-73,reverse,37,73,23,bo_thuong,8,"[""23"", ""28"", ""32"", ""37"", ""73"", ""78"", ""82"", ""87""]",10,0,False,False,False,False,False
74,74,7,4,47,29,01,47-74,reverse,47,74,24,bo_thuong,8,"[""24"", ""29"", ""42"", ""47"", ""74"", ""79"", ""92"", ""97""]",11,1,False,False,False,False,False
75,75,7,5,57,20,08,57-75,reverse,57,75,02,bo_thuong,8,"[""02"", ""07"", ""20"", ""25"", ""52"", ""57"", ""70"", ""75""]",12,2,False,False,False,False,False
76,76,7,6,67,21,03,67-76,reverse,67,76,12,bo_thuong,8,"[""12"", ""17"", ""21"", ""26"", ""62"", ""67"", ""71"", ""76""]",13,3,False,False,False,True,True
77,77,7,7,77,22,00,22-77,kep_bong,22,77,22,bo_kep,4,"[""22"", ""27"", ""72"", ""77""]",14,4,True,False,False,False,False
78,78,7,8,87,23,05,78-87,reverse,87,78,23,bo_thuong,8,"[""23"", ""28"", ""32"", ""37"", ""73"", ""78"", ""82"", ""87""]",15,5,False,False,False,True,True
79,79,7,9,97,24,02,79-97,reverse,97,79,24,bo_thuong,8,"[""24"", ""29"", ""42"", ""47"", ""74"", ""79"", ""92"", ""97""]",16,6,False,False,False,False,False
80,80,8,0,08,35,57,08-80,reverse,08,80,03,bo_thuong,8,"[""03"", ""08"", ""30"", ""35"", ""53"", ""58"", ""80"", ""85""]",8,8,False,False,False,False,False
81,81,8,1,18,36,54,18-81,reverse,18,81,13,bo_thuong,8,"[""13"", ""18"", ""31"", ""36"", ""63"", ""68"", ""81"", ""86""]",9,9,False,False,False,False,False
82,82,8,2,28,37,59,28-82,reverse,28,82,23,bo_thuong,8,"[""23"", ""28"", ""32"", ""37"", ""73"", ""78"", ""82"", ""87""]",10,0,False,False,False,False,False
83,83,8,3,38,38,56,38-83,reverse,38,83,33,bo_kep,4,"[""33"", ""38"", ""83"", ""88""]",11,1,False,True,False,False,False
84,84,8,4,48,39,51,48-84,reverse,48,84,34,bo_thuong,8,"[""34"", ""39"", ""43"", ""48"", ""84"", ""89"", ""93"", ""98""]",12,2,False,False,False,False,False
85,85,8,5,58,30,58,58-85,reverse,58,85,03,bo_thuong,8,"[""03"", ""08"", ""30"", ""35"", ""53"", ""58"", ""80"", ""85""]",13,3,False,False,True,False,False
86,86,8,6,68,31,53,68-86,reverse,68,86,13,bo_thuong,8,"[""13"", ""18"", ""31"", ""36"", ""63"", ""68"", ""81"", ""86""]",14,4,False,False,False,False,False
87,87,8,7,78,32,50,78-87,reverse,78,87,23,bo_thuong,8,"[""23"", ""28"", ""32"", ""37"", ""73"", ""78"", ""82"", ""87""]",15,5,False,False,False,True,True
88,88,8,8,88,33,55,33-88,kep_bong,33,88,33,bo_kep,4,"[""33"", ""38"", ""83"", ""88""]",16,6,True,False,False,False,False
89,89,8,9,98,34,52,89-98,reverse,98,89,34,bo_thuong,8,"[""34"", ""39"", ""43"", ""48"", ""84"", ""89"", ""93"", ""98""]",17,7,False,False,False,True,True
90,90,9,0,09,45,27,09-90,reverse,09,90,04,bo_thuong,8,"[""04"", ""09"", ""40"", ""45"", ""54"", ""59"", ""90"", ""95""]",9,9,False,False,False,False,True
91,91,9,1,19,46,24,19-91,reverse,19,91,14,bo_thuong,8,"[""14"", ""19"", ""41"", ""46"", ""64"", ""69"", ""91"", ""96""]",10,0,False,False,False,False,False
92,92,9,2,29,47,29,29-92,reverse,29,92,24,bo_thuong,8,"[""24"", ""29"", ""42"", ""47"", ""74"", ""79"", ""92"", ""97""]",11,1,False,False,True,False,False
93,93,9,3,39,48,26,39-93,reverse,39,93,34,bo_thuong,8,"[""34"", ""39"", ""43"", ""48"", ""84"", ""89"", ""93"", ""98""]",12,2,False,False,False,False,False
94,94,9,4,49,49,21,49-94,reverse,49,94,44,bo_kep,4,"[""44"", ""49"", ""94"", ""99""]",13,3,False,True,False,False,False
95,95,9,5,59,40,28,59-95,reverse,59,95,04,bo_thuong,8,"[""04"", ""09"", ""40"", ""45"", ""54"", ""59"", ""90"", ""95""]",14,4,False,False,False,False,False
96,96,9,6,69,41,23,69-96,reverse,69,96,14,bo_thuong,8,"[""14"", ""19"", ""41"", ""46"", ""64"", ""69"", ""91"", ""96""]",15,5,False,False,False,False,False
97,97,9,7,79,42,20,79-97,reverse,79,97,24,bo_thuong,8,"[""24"", ""29"", ""42"", ""47"", ""74"", ""79"", ""92"", ""97""]",16,6,False,False,False,False,False
98,98,9,8,89,43,25,89-98,reverse,89,98,34,bo_thuong,8,"[""34"", ""39"", ""43"", ""48"", ""84"", ""89"", ""93"", ""98""]",17,7,False,False,False,True,True
99,99,9,9,99,44,22,44-99,kep_bong,44,99,44,bo_kep,4,"[""44"", ""49"", ""94"", ""99""]",18,8,True,False,False,False,False
